{"type": "FeatureCollection", "features": [{"type": "Feature", "properties": {"status": "partial", "version": 6, "n_rows": 1237, "n_parcels": 1020, "n_matched": 1006, "foral": 0, "public_domain": 0, "declared_m2": {"expropriation": 0, "easement": 13001, "temporary": 579061}, "parcels_m2": 24655552, "catastro_date": "2026-08-21", "identifier": "BOE-B-2026-31903"}, "geometry": {"type": "MultiPolygon", "coordinates": [[[[1.2598719528004985, 41.416676620921265], [1.2599708406612429, 41.41669252821125], [1.2599335339343587, 41.41619387345661], [1.2599747045665028, 41.415929058226105], [1.261906440048368, 41.41618694496551], [1.2629042712193734, 41.41619417361369], [1.2630902943679292, 41.4160518790623], [1.2639712646292016, 41.41662829586816], [1.260376989683599, 41.41704075972442], [1.2601142146851345, 41.416965088959294], [1.2601199072440075, 41.41706560377155], [1.2599073687031974, 41.41709225016185], [1.2600729436513294, 41.41881650029918], [1.2590502280753368, 41.42374095623899], [1.2588977778079404, 41.42462773428933], [1.258772845112354, 41.42505782099495], [1.2578882798436342, 41.42627461759848], [1.2578550749513553, 41.426375173688946], [1.2579713340068193, 41.42728205236766], [1.2582771602695677, 41.42779008756567], [1.2583787193179334, 41.4280605757267], [1.2583665371439332, 41.428516507840186], [1.25828258598372, 41.42894397172213], [1.2582440532348693, 41.42902913522937], [1.2580240930801763, 41.429158747944534], [1.2579187155759188, 41.429268483416465], [1.2578491989693403, 41.429514043210865], [1.2578696054607215, 41.429892377741375], [1.2580062896641713, 41.43029048749434], [1.2580673881138447, 41.430373196768066], [1.2582219255155014, 41.43051523633084], [1.258686933515438, 41.43083130439547], [1.2591508362440424, 41.431103584152545], [1.2592845556848271, 41.431295026037155], [1.2593411351708368, 41.43148872301201], [1.2594868334221354, 41.43165719335529], [1.2598382540799464, 41.431763569809725], [1.25965028680022, 41.43204832042486], [1.2599445583418187, 41.43223300364261], [1.2599241381291408, 41.4322581846174], [1.2598859334677168, 41.432245717317215], [1.2596300937760716, 41.432073955137454], [1.259386724801226, 41.43200884879919], [1.2585019717247237, 41.431666343069736], [1.2579709384735582, 41.43155922379204], [1.2573604513230825, 41.43258822113716], [1.2579136417545727, 41.4331248640605], [1.2589918578518704, 41.43340779417765], [1.2582747235852265, 41.43411020791275], [1.2580689005417784, 41.43427444148698], [1.2578099882025502, 41.43444588677328], [1.2574780648905726, 41.434550028146205], [1.257586156315683, 41.43467028835804], [1.2574739000730502, 41.43489808682461], [1.2580873545426052, 41.43479298562475], [1.2582240003857756, 41.434637702236294], [1.2584803018014759, 41.43447459302725], [1.258581615320729, 41.43436047225486], [1.258601928236769, 41.43437068754715], [1.258224890715192, 41.43506563981188], [1.2584330902872314, 41.43504537434549], [1.258591156600164, 41.43496184064413], [1.259025764780789, 41.43462488747818], [1.2592982606797003, 41.43452750270412], [1.2595581719964348, 41.434515849438284], [1.2597443016171408, 41.434542084183285], [1.2597401365202165, 41.43469820311869], [1.2596549345683046, 41.43478275092649], [1.2593497518034515, 41.43493431904181], [1.2592421516560826, 41.43507320023891], [1.2592257589150075, 41.43513573114374], [1.2595136105433735, 41.435175931031004], [1.2593291668117204, 41.43547641097864], [1.2591863190197148, 41.435635384746085], [1.2591038721874332, 41.43588993650428], [1.2589466928773487, 41.43611507484275], [1.258792295981202, 41.43623586809927], [1.2585372913004107, 41.43634576601874], [1.2582930761222473, 41.436522118498594], [1.2581403573494667, 41.4364100144894], [1.2577727723478094, 41.436549369942], [1.257679882962906, 41.43671080988723], [1.257609625975697, 41.43713154469806], [1.257613107854846, 41.43736848679379], [1.2575308515468242, 41.43757980647081], [1.2574050740568559, 41.43750305242901], [1.2574726861565693, 41.437414096621154], [1.2575204825937243, 41.43725134320787], [1.2574389822263314, 41.43688415285016], [1.256942864468362, 41.436324864466], [1.2563273987286165, 41.43746591731865], [1.2561160546575376, 41.4377286949837], [1.2557358048704008, 41.43798296160255], [1.2554753457056227, 41.438287326179776], [1.2554094419078152, 41.438325777285215], [1.255311639985485, 41.438469216736735], [1.2553076824605565, 41.438603541515654], [1.2551762240622504, 41.43885077162174], [1.2550773160429418, 41.43894609656612], [1.2548265905630471, 41.43907433981685], [1.2553595343726214, 41.439478820078335], [1.2560384468617423, 41.44010483237676], [1.2558668813128253, 41.4405177291827], [1.2558344172759301, 41.44069746737871], [1.2558351470018554, 41.44101434548071], [1.255231341462382, 41.44063635395348], [1.2545228514706188, 41.44026991629472], [1.2542194321222113, 41.440153358212754], [1.253688320597209, 41.44003324772058], [1.2534188173273584, 41.440004480548], [1.2533363072354151, 41.44022462008797], [1.2531796854383948, 41.44043228509865], [1.2531142141944522, 41.44073113439975], [1.2529289020425853, 41.44099087869347], [1.252789516179498, 41.44111792191913], [1.2527044950321904, 41.44136459351111], [1.2524280101667258, 41.44169860622439], [1.2539266951343648, 41.44299639805699], [1.25367272913214, 41.44311089426251], [1.25315744077834, 41.44344020597941], [1.2518598620796402, 41.44213312160152], [1.2512602543554474, 41.442615793651285], [1.2511901090164639, 41.442762892477674], [1.252546240445745, 41.44381480450098], [1.2527017920701364, 41.44376807962817], [1.2523935788336462, 41.44403504819676], [1.2522847242599986, 41.444206148602625], [1.2523255449887447, 41.44421946881554], [1.2522555750418705, 41.44432883603419], [1.2533499467247489, 41.444778509926195], [1.2545140318543664, 41.445102056949], [1.2548615179051443, 41.445294856304656], [1.2549350102325745, 41.44543827779332], [1.2549732369697766, 41.44561989881668], [1.254878450366824, 41.44607935399719], [1.2549269916740844, 41.44625131388606], [1.255006569625208, 41.44639528250722], [1.2554317357920362, 41.446794524074804], [1.255609106634928, 41.44716253896665], [1.255704327257539, 41.44763000603735], [1.2559746728835097, 41.44785198564811], [1.2562218909096907, 41.4481555777638], [1.256380304061355, 41.448440349399256], [1.256384550852306, 41.448554442550304], [1.256537537520723, 41.44877391642298], [1.2568612322798172, 41.44909614008783], [1.2570530440257204, 41.449224875144466], [1.2577827448026673, 41.44958098571649], [1.2580501278189689, 41.44977130095435], [1.2583066298804257, 41.44999675826744], [1.2583791824476203, 41.450117380037916], [1.2586077073963124, 41.4503015166648], [1.2587430161138522, 41.45047046530097], [1.25879630422289, 41.45078345506665], [1.2587508786334376, 41.45114349803142], [1.258753066797761, 41.45150948593154], [1.2586683856417722, 41.4520080071644], [1.258720820425022, 41.45226766248806], [1.2592492663771635, 41.45317221542979], [1.259548689493109, 41.45359305106277], [1.2600208475379846, 41.45382257863078], [1.2606693751575238, 41.45399306933517], [1.2609530121307777, 41.45404202898523], [1.2612141408881128, 41.45404597738076], [1.2614455852651862, 41.45399588474848], [1.2615927099930708, 41.45391101103305], [1.2617679311224739, 41.45385916265573], [1.2619860116351385, 41.453829763196445], [1.2625216555592635, 41.45392837285695], [1.2625632967649294, 41.45376750631845], [1.2635211360428442, 41.453796739970805], [1.2641790967469906, 41.4537036281308], [1.2643279772661236, 41.453624812088464], [1.264418283883154, 41.45353790629345], [1.2644699788745881, 41.45343555617875], [1.2646297256852872, 41.45331285944404], [1.264996094567615, 41.45311887744467], [1.2651347067323133, 41.45325904598209], [1.265421974074815, 41.45315358365321], [1.265798584171853, 41.45315925882571], [1.2658457883281262, 41.45331975499083], [1.2653988803147689, 41.453292393641284], [1.265188213663139, 41.45331326470085], [1.2649845374106412, 41.453413232309245], [1.2646671552879285, 41.45366947131318], [1.2638149011225028, 41.45394159449193], [1.2636329810260756, 41.45408305014809], [1.263552382173112, 41.45419171870722], [1.2636007886857248, 41.45443284661808], [1.2635614481073734, 41.454520791504216], [1.263345604615852, 41.45451564532048], [1.2629274503456898, 41.454603903649264], [1.262939785211402, 41.45463966763673], [1.2633165572260356, 41.45456330409415], [1.2635720161695305, 41.454564454915065], [1.2642407441655634, 41.45472334126885], [1.264614419462898, 41.45492497304789], [1.2644684544430533, 41.45499761859705], [1.2641864907614402, 41.45504749972288], [1.2636602702129778, 41.45522374925741], [1.2639379529425134, 41.455460322177835], [1.264793347740395, 41.45604138926352], [1.264652005615564, 41.456133649976806], [1.2651555240645118, 41.456517559446596], [1.2658019944061853, 41.45709501681391], [1.266155351730079, 41.4575207016809], [1.2662902623791006, 41.457854193351224], [1.2663406234886299, 41.45821568305848], [1.2665047849339839, 41.458804333448384], [1.266710205955703, 41.45897658121757], [1.2671089810530256, 41.45920803158028], [1.267344026380129, 41.4593919833582], [1.2674312523365685, 41.45952461959843], [1.267625072809439, 41.45949862698121], [1.2677434426020489, 41.459518333968916], [1.2680850493020444, 41.45963966487794], [1.2679878606401105, 41.45971935427434], [1.2683593353261662, 41.46068914792792], [1.2691347592112274, 41.46085060327617], [1.2695358252366042, 41.46099192413472], [1.2696835155402137, 41.46112961169623], [1.270269099601917, 41.46099133212802], [1.2711576120107977, 41.46068647091378], [1.2717951971252042, 41.46072262028653], [1.2734346473863123, 41.46090630047562], [1.2735345019517843, 41.46093806312859], [1.2735009296892958, 41.461066179131386], [1.2738364665697, 41.46131322971012], [1.2740258842549348, 41.461376599777], [1.274153897955477, 41.461484353272496], [1.2746499004985916, 41.46174894128323], [1.274796617853629, 41.46191002592208], [1.2750367087885315, 41.46195902273545], [1.275628845853305, 41.46190791187648], [1.2754185442680999, 41.464246223072195], [1.2762721740271468, 41.46396619918183], [1.276324199248164, 41.465279839340724], [1.2766028579400814, 41.4654012868395], [1.2768657507037262, 41.46547151781404], [1.277613603083844, 41.465560176821214], [1.2777171281420392, 41.46553957009111], [1.2778827608110068, 41.46539829434495], [1.2784796713885493, 41.46559781968566], [1.2783574785126555, 41.4658035116893], [1.2782977109753504, 41.4658357626566], [1.2779044799486214, 41.46568612302594], [1.2775374782350228, 41.465658473919646], [1.2774396095343823, 41.46602197160306], [1.2772549824361883, 41.466328780983346], [1.277073865592786, 41.466502965052186], [1.27638691612737, 41.46689078480494], [1.2757368952837491, 41.466991650775654], [1.2754115309166798, 41.46714124184733], [1.2770291715021522, 41.468195881044885], [1.2773250045337432, 41.468438277851334], [1.2778561122730654, 41.46903033631431], [1.2783968509302763, 41.46980636474085], [1.2787202819412467, 41.47009240467947], [1.2788733816327402, 41.470289427389304], [1.2789259785042888, 41.47047404732045], [1.2792116124761534, 41.47083103120404], [1.2793429033674746, 41.4709834125281], [1.2796768933639624, 41.4712237621605], [1.27939137356854, 41.471405845162195], [1.2797692868565524, 41.47186013727977], [1.2799276868433034, 41.47200643841408], [1.2800845098495033, 41.47209011715077], [1.2803539775793171, 41.4724339763737], [1.2804698328383848, 41.47248641817581], [1.2806534024792906, 41.47249159483056], [1.2812006897994999, 41.47221965427263], [1.2813797203465178, 41.47199319214076], [1.2819066590177075, 41.47195638686017], [1.2823910686817022, 41.47172944130374], [1.2825678598123564, 41.4717781029934], [1.282687780612078, 41.47187185531623], [1.282972794276567, 41.47224404694409], [1.2837529700535595, 41.472590568763856], [1.28380440969215, 41.47274247380534], [1.2838317132777228, 41.47302416966929], [1.284245560193875, 41.4736295802905], [1.2842775469005243, 41.4737290443767], [1.2842574845800911, 41.473963197042934], [1.2842879430273682, 41.47412514684062], [1.2843728848632334, 41.47431916374406], [1.2845004466978835, 41.47447742815192], [1.2845825562853321, 41.47452026533501], [1.28474683276017, 41.47451703687516], [1.2845808379622399, 41.47462174849017], [1.2844884133592018, 41.474988395357464], [1.28433953089078, 41.47507993697404], [1.2843699054308633, 41.47510002538057], [1.284256908671589, 41.47528397356374], [1.2845845894484518, 41.47524715979773], [1.2848622517564936, 41.47569039220264], [1.2851892694782163, 41.47582415471259], [1.2854965356907786, 41.476102999124436], [1.2857042227796829, 41.476207063791776], [1.286474894089303, 41.47630276097115], [1.2870586417404235, 41.476329287231536], [1.2873369354683666, 41.47639891314526], [1.2873961060345311, 41.47674908544696], [1.2874127404295181, 41.47715915118976], [1.287494818509675, 41.47746697143429], [1.2875502471884315, 41.47756336102178], [1.2876635971049255, 41.47746588199415], [1.2875675646943938, 41.477305928963744], [1.2875467572154145, 41.477095486055305], [1.2875680763341206, 41.47699060189777], [1.2876838793260132, 41.47704123427147], [1.2879671105771542, 41.47731925934433], [1.2883815195903454, 41.47786936039498], [1.288385891674619, 41.477999036033566], [1.288677066019716, 41.47828519829574], [1.2889470559761462, 41.47862553237691], [1.2889546473535767, 41.478696620396015], [1.2888662032564835, 41.47894453219831], [1.2888626307509576, 41.47907120734669], [1.289197924915998, 41.479333160993704], [1.2892842333851584, 41.47944415011178], [1.2893899907682111, 41.47968999286299], [1.2891327783204123, 41.48013435845514], [1.2891180199420385, 41.480322024595374], [1.2890891788930323, 41.48034843630451], [1.2891088480455453, 41.480397726949796], [1.289447717576548, 41.480523817634825], [1.2896645927613686, 41.48066160788832], [1.2902411829331801, 41.48081636121866], [1.290657917746884, 41.48100134533703], [1.2908533656428227, 41.48098389469047], [1.2909489245863204, 41.480943612616024], [1.2911388571130553, 41.48124086914946], [1.291218128997047, 41.48131013996574], [1.2912136477218166, 41.48136672731035], [1.2911036719219056, 41.48139499620181], [1.2910624909224047, 41.48175881130776], [1.2912082986690105, 41.48209468688919], [1.2912058038785719, 41.48232180594975], [1.2911784171580487, 41.48243416640987], [1.2909890848507137, 41.48241928333744], [1.2909637252077142, 41.48263246201155], [1.291537928996594, 41.48309764411087], [1.2920391404600406, 41.48335953695341], [1.2919789418405043, 41.48349446810538], [1.292020248745613, 41.48349508165113], [1.2920745654317036, 41.483593434033274], [1.2921528506546516, 41.483654583256346], [1.2928081324092386, 41.48402963235317], [1.2919092289105871, 41.48390973531658], [1.2918964930220416, 41.48399331106561], [1.2928976695898113, 41.48410022531125], [1.2934421741875042, 41.484493171347495], [1.2937828163485179, 41.48468521120947], [1.2942394393352619, 41.484775570423416], [1.2952513944610926, 41.48524406979309], [1.2951719403156474, 41.4854650985869], [1.2951543964404026, 41.485622550726774], [1.2951657306282904, 41.48587095116677], [1.295279187530839, 41.48614437382737], [1.2954106770456721, 41.48623692880227], [1.2955214797615993, 41.486268744655014], [1.295671240060288, 41.48646398402784], [1.2960119839007131, 41.48673528022548], [1.296145390360047, 41.48705187086229], [1.2963319403398141, 41.487306289927695], [1.296572162474512, 41.48751448285191], [1.2954213275654, 41.48904366570375], [1.2952150145165415, 41.48910456118703], [1.2948334337092187, 41.489394512294545], [1.2947036782104169, 41.489427445065616], [1.2945919752254988, 41.48941606090187], [1.2943281179069057, 41.48931883952776], [1.2940204674199254, 41.48916043645836], [1.2937135664633979, 41.488777049434866], [1.2932261400825973, 41.488549239263826], [1.2930011044224092, 41.488365128834126], [1.2927849694640368, 41.488238974898216], [1.2923498881367668, 41.48804796607032], [1.2920532858095017, 41.48777947642823], [1.2916647907976786, 41.487721469440146], [1.2913208283328237, 41.48775112576691], [1.2913127387493692, 41.48780369636876], [1.2918497420627284, 41.487780596192216], [1.2919973012871053, 41.4878085480298], [1.2921342824007878, 41.48796559267749], [1.29232449722472, 41.488093434506254], [1.2926485997235864, 41.488204529551574], [1.2929736634753972, 41.48838831974912], [1.2931988165100026, 41.48857252204387], [1.2936851794810242, 41.48879977613181], [1.2939913737391329, 41.48918270239587], [1.2945780313595248, 41.48944530690725], [1.2947070590936862, 41.489458389130846], [1.2948575494768009, 41.48942044971699], [1.2952374492432088, 41.489130653748006], [1.2954022440948894, 41.489077068902546], [1.295583021367926, 41.48906722892047], [1.2958440464180585, 41.48908974211248], [1.2962898340042506, 41.48947166414294], [1.2964278298706449, 41.48951279893795], [1.2965488012007764, 41.489499639506136], [1.2968297858276239, 41.48938220751984], [1.2971348506794675, 41.48937438157628], [1.297404748422308, 41.48939206878747], [1.2980324998430017, 41.48952691474891], [1.2981860581305045, 41.48952729603176], [1.298307257692162, 41.489482523633896], [1.298615172788441, 41.489278834172225], [1.2985627246609523, 41.489493234831826], [1.2988363137300851, 41.4894385572006], [1.2980976685982892, 41.489586244521085], [1.297870118088147, 41.48966222786634], [1.2970923449462999, 41.4896343239402], [1.295447533334271, 41.48941478131704], [1.294757713191519, 41.4896051434001], [1.2943165087518622, 41.48953303333681], [1.292901518558333, 41.490698803127074], [1.2928763033690887, 41.490600703126475], [1.2929659639496816, 41.490251572882], [1.29295557790007, 41.49007686355035], [1.2929046013025391, 41.48994253334925], [1.2927323266930775, 41.489810725579446], [1.2920067693465176, 41.48949605988713], [1.2915854483173277, 41.48933731289069], [1.2912901662448224, 41.48926916054228], [1.2910460338194831, 41.48926481194693], [1.2904625506262095, 41.489323965749634], [1.290064317513951, 41.48931255024119], [1.2897817668904197, 41.489256832829575], [1.2890328537473175, 41.48899268593802], [1.2888578303798401, 41.489070608383756], [1.2896866976359873, 41.489387280906904], [1.2898975249310243, 41.48943733834955], [1.2902803087817543, 41.48945320835581], [1.2911587602308583, 41.48939672807093], [1.2914564521285743, 41.48942789790199], [1.2916519889426412, 41.489485745647876], [1.2925118654289236, 41.48985825143144], [1.2927140784551472, 41.48998582041865], [1.2927668188985246, 41.49008946311025], [1.2927727280169485, 41.4902202420275], [1.2926159879069365, 41.490587470895335], [1.292614588833624, 41.49085054378842], [1.2925839381244675, 41.49096853035349], [1.292490036804368, 41.49112782488363], [1.2923144808780138, 41.491317156387765], [1.2917334495412516, 41.49174275653707], [1.29166810411645, 41.491886527749706], [1.2916901484961631, 41.4921462559949], [1.2918125210497047, 41.49209367186793], [1.2918229370022651, 41.491879640849454], [1.2918975470583023, 41.49174798644221], [1.2924634607181382, 41.49135062299582], [1.2926048279310758, 41.491199603664356], [1.2927900772726653, 41.49091457693771], [1.2929067387070352, 41.490823897405], [1.2931913592651747, 41.49083307633818], [1.2943179471190742, 41.49110423123067], [1.2948418190653594, 41.49119000135519], [1.2949594933580268, 41.491234169141485], [1.2951411542684927, 41.49136466712422], [1.2954357713185811, 41.49141758247122], [1.2955771345823863, 41.49138067775031], [1.2956862043137598, 41.49129159418481], [1.2959290749820092, 41.4908871732754], [1.2960914281881724, 41.49080806605448], [1.2963235608850447, 41.490786015869546], [1.2965484017452973, 41.49083194541744], [1.297603372618872, 41.491263056395496], [1.2972217014046707, 41.491895013284015], [1.2976624379769257, 41.491958278484944], [1.2977405999134564, 41.49199726490365], [1.297939334055516, 41.49221259121344], [1.2979339310525353, 41.492482990644056], [1.298012057386121, 41.49257826993252], [1.298238888943916, 41.492690521480576], [1.2987745250780487, 41.49281724491849], [1.2989745404051776, 41.49280507225049], [1.2992481698835487, 41.49268527390361], [1.2993648649632734, 41.492689247102724], [1.2994442326105466, 41.49273716710208], [1.299375195521595, 41.492724797295594], [1.2992502786551416, 41.492984696887454], [1.298938273060057, 41.49321156083881], [1.2982587173015079, 41.49338390146207], [1.2977984451087705, 41.493444105117185], [1.2978335447732792, 41.49362710595246], [1.2981274729115055, 41.49441622953376], [1.2983953487110824, 41.495500850205886], [1.298378893852292, 41.49613875492334], [1.2982732134014563, 41.49632264441896], [1.2983336065631992, 41.49653718346721], [1.2982387700677787, 41.49705268977911], [1.2984687044159577, 41.49740853515525], [1.2996867245245705, 41.49816025584546], [1.2999742639133915, 41.4983799495572], [1.29978854183244, 41.4979593703771], [1.3001804483506914, 41.49774755630627], [1.301155090978682, 41.49761298061057], [1.3014266108214747, 41.49753763598418], [1.3013787569050348, 41.49774156737273], [1.3014185714184463, 41.49834535211758], [1.3014729456510785, 41.498575202496625], [1.3014468535923212, 41.4986796626569], [1.3011054339629307, 41.49880269772768], [1.3004389257601385, 41.49884950641417], [1.3002869200269462, 41.49894489504132], [1.3002417920239637, 41.499071676497245], [1.3002873177510126, 41.499094596679804], [1.3005173064039406, 41.499045665719386], [1.3006513004009659, 41.49912159328212], [1.3008267191406582, 41.49955624977358], [1.3011023964782469, 41.49993653967584], [1.3012060412036335, 41.50066069969777], [1.3011434405427842, 41.50085550061079], [1.3013372530765885, 41.50147137787281], [1.3012223166548378, 41.501858060029186], [1.301226674417089, 41.502067175985324], [1.3014627394960467, 41.50244643383312], [1.3019026394512108, 41.50277384478035], [1.301930650207766, 41.50285757283521], [1.3018862254103405, 41.50292077610508], [1.3014369823223406, 41.5032211923402], [1.3012517931373988, 41.50339373192534], [1.3010715703061766, 41.50348168367276], [1.3008390784352133, 41.50354327846491], [1.300279293442595, 41.50393338705418], [1.3000892785764195, 41.504216909175724], [1.3001186289168498, 41.504716508659655], [1.3000513206379163, 41.504834495451384], [1.299865585072821, 41.50488129203886], [1.2992072073936125, 41.5048530909752], [1.2990884989227676, 41.5049251965266], [1.298795713179553, 41.50523944099466], [1.2985197819181549, 41.50531236757359], [1.2983627256626404, 41.505279424210855], [1.2982218658794844, 41.5050258653092], [1.2981708932958667, 41.50502321941584], [1.298116617409302, 41.505174363399284], [1.298117721589409, 41.505342629659644], [1.2980107627293829, 41.505542441966156], [1.298027064552302, 41.5055742076115], [1.2981545148018414, 41.505342273551534], [1.2981804680829185, 41.5050647931256], [1.2983347186003136, 41.505296573284014], [1.2985213478868562, 41.50533950168128], [1.2987226254540019, 41.50530347988414], [1.2988323125882981, 41.50525106105234], [1.2991144756403856, 41.50494440083125], [1.2992090999607926, 41.50488149088151], [1.299864875968225, 41.50490839249263], [1.300070358815668, 41.50485810493924], [1.300153377563668, 41.50473017253564], [1.3001268698583506, 41.50421350186655], [1.300316111088191, 41.50394122694343], [1.3008560687186794, 41.50356730791186], [1.3012502363090033, 41.50343036724906], [1.3014694548955137, 41.50323482219605], [1.3019604991629834, 41.50287990055849], [1.3019677770171874, 41.50282605634305], [1.3019254924157593, 41.50275211522544], [1.3014956311049994, 41.5024348503814], [1.3012648650393943, 41.5020728741829], [1.3012594863037112, 41.50185239437259], [1.301359912714012, 41.50158078693688], [1.301372654278238, 41.5014646052172], [1.3011795244212374, 41.50085468269469], [1.3012413813198818, 41.500647080885365], [1.3011361790478528, 41.499927491431436], [1.300862445664847, 41.499550743051486], [1.3006830328709569, 41.49910846173545], [1.3005322075842034, 41.499021026736806], [1.3004284539905921, 41.49901652090725], [1.300289829989349, 41.499067252642675], [1.300276987132005, 41.499040672389185], [1.300325019582291, 41.498949421294505], [1.300445891039543, 41.49887636005395], [1.3011303283295643, 41.49882657372154], [1.301406241355294, 41.49874400294846], [1.3014778845895063, 41.49869335678191], [1.3015101752033666, 41.498599260622036], [1.3014578905813374, 41.498371963079194], [1.3014145451666184, 41.497747410164166], [1.301507446937542, 41.49730960274493], [1.3017516766260895, 41.49707758781978], [1.3019283053206803, 41.496786924957114], [1.3021377449662912, 41.496639150985374], [1.30230023053505, 41.49672036110657], [1.3024826638143565, 41.49674422088231], [1.302590466108933, 41.49670824874417], [1.3026899718527962, 41.496613793376824], [1.30325479001455, 41.497235233777424], [1.303550421527655, 41.49728291483144], [1.303844473176568, 41.497386329466146], [1.3037960091076788, 41.49766420011396], [1.3036487905694625, 41.49793449362257], [1.3035766232907353, 41.498174905746446], [1.3037090335755857, 41.49846787432424], [1.3036866482398697, 41.49869668134194], [1.3040755911324027, 41.49895623043951], [1.3035038132988779, 41.5000469203319], [1.3035636771360712, 41.500328640740214], [1.3039105424261448, 41.500828420296514], [1.3040661029675416, 41.50111119170185], [1.3041637176382197, 41.501920826275345], [1.3055257852191953, 41.50190946353186], [1.3054363209981983, 41.50196327220446], [1.3052010841267767, 41.50221317102814], [1.30477938249868, 41.50296525520878], [1.3044189666549462, 41.50349423385983], [1.3041790607740278, 41.50414325462048], [1.3040828633551762, 41.50432656854403], [1.3038969178652164, 41.50456953564412], [1.3036839906179578, 41.50477202790688], [1.3032918747722435, 41.505064282609744], [1.3027971605787627, 41.50532539317812], [1.302398013039632, 41.50558818280532], [1.3020385459007962, 41.50599242129462], [1.3016835921050445, 41.50629693271731], [1.3011977072161949, 41.50649493336876], [1.300705431204901, 41.50652441194844], [1.3004173386888658, 41.50660887236416], [1.3002727756858192, 41.50668446992899], [1.3001308766391089, 41.50689637740079], [1.3000246419132808, 41.50695416259769], [1.2998138423181713, 41.50697842687817], [1.2996198687205072, 41.50695952608875], [1.2996724011117753, 41.50700335618808], [1.2997632172543787, 41.50701280540227], [1.3000387325927323, 41.506988056933174], [1.3001642328271947, 41.50692209000534], [1.3003098215984525, 41.50670654418513], [1.3004507863606678, 41.506635667073326], [1.3007284243276527, 41.506557176798125], [1.3012136114970179, 41.50652822387339], [1.3016876691735777, 41.50633806465416], [1.3020345081207783, 41.50605523022017], [1.302448255635247, 41.50560044898873], [1.3028162992401413, 41.50535873121112], [1.303278346112935, 41.5051189353491], [1.3037038786576518, 41.50480879949607], [1.3039384048365423, 41.50458672042085], [1.3041236104600786, 41.504344552967815], [1.304227280665953, 41.50414576718015], [1.304460201811129, 41.50351186508349], [1.3048266293002049, 41.502972887135584], [1.3052427014811807, 41.502229906909214], [1.305519679822784, 41.501950625452444], [1.306052591617557, 41.50194172469836], [1.3062720441470457, 41.50198008016463], [1.3065451395887302, 41.50211164123066], [1.3067458155999752, 41.50228689982194], [1.3071144192710118, 41.50252362619682], [1.3073499042206016, 41.5026273360055], [1.307485171649098, 41.50264599007473], [1.3069112265508869, 41.50319948924011], [1.3078347896808546, 41.50355237261451], [1.307285367066015, 41.50431438532192], [1.3061291197542106, 41.50500054007554], [1.3069708280290804, 41.505649274015276], [1.3064027967635132, 41.50595192346376], [1.3058419347035177, 41.50549646543769], [1.3051629717564497, 41.506027872182294], [1.3055529451465862, 41.50650729570834], [1.3050321573557637, 41.506881339100275], [1.30440006169095, 41.50739748970172], [1.3037317683423115, 41.50662339231129], [1.3027427917772245, 41.50745807278977], [1.3019244709060345, 41.50793723411375], [1.3015287691380677, 41.50813620762192], [1.301006719871652, 41.50834655756936], [1.300883396560214, 41.50842084396004], [1.3008998455300345, 41.50846080769274], [1.3007990365786117, 41.50844850960804], [1.300347635877155, 41.50856406661402], [1.2995912957134654, 41.50885768343143], [1.2994184388766534, 41.50879631156037], [1.2988480905165833, 41.50846615072454], [1.2979610896261717, 41.50825847823679], [1.2976503464593723, 41.508017535504415], [1.2972527249487535, 41.507557521801836], [1.2969621300175065, 41.50742603982999], [1.29643838174813, 41.50728020900954], [1.2961393919812139, 41.50729532381368], [1.2957218611775774, 41.50748089822961], [1.295052991434785, 41.507481970479674], [1.2943571281042887, 41.50742499843396], [1.2931151382066837, 41.50752681942821], [1.2926684385939626, 41.507650162015565], [1.2927330810317572, 41.50769831378007], [1.2929996616944313, 41.507598601807196], [1.2942724658314906, 41.507468687174104], [1.2950477037490036, 41.507519090775375], [1.2957212545312198, 41.50751772766426], [1.2961800033987836, 41.50732303654077], [1.2964295778139574, 41.5073098015066], [1.2969458253403225, 41.50745380994756], [1.2971669242869095, 41.50755327884335], [1.2973053197626456, 41.507667735127825], [1.2977001406164095, 41.508115547797054], [1.2979389727275832, 41.50828400078594], [1.2988282487250538, 41.50850089419567], [1.2995182086772854, 41.50887578733934], [1.2996557480606863, 41.50888106389656], [1.3002727192354004, 41.50862006322429], [1.3008470133221468, 41.508478761415596], [1.3012665245593953, 41.50872580603898], [1.3019494715428823, 41.509021229782284], [1.302433249840556, 41.509124837821474], [1.3031619161313628, 41.509385982403565], [1.3036638866746106, 41.509499756894556], [1.3036496086454465, 41.509532601757094], [1.3031342494818423, 41.50977107162765], [1.3029760889378403, 41.50990375157032], [1.3029170637183607, 41.51002114163981], [1.302751253474519, 41.51062567704617], [1.302650196577308, 41.51077865444101], [1.3014571327481654, 41.51132208765002], [1.3007657839173954, 41.51195218081911], [1.300424564071613, 41.512403519453095], [1.300276784657151, 41.51255139062588], [1.299835644251488, 41.51280030982029], [1.2995933434098212, 41.51297893716281], [1.2991570443701248, 41.5131891954518], [1.2988490536233168, 41.51344197184955], [1.2983841805416958, 41.51374556216389], [1.297803953760431, 41.51388262030372], [1.2971089735907926, 41.5141092162903], [1.2968356550996576, 41.51415866913777], [1.2964887791948643, 41.514271525717945], [1.296113021342353, 41.51450752395334], [1.2956757209735184, 41.51489212839708], [1.2958928718002931, 41.5148597696714], [1.295857149003793, 41.514828256330716], [1.295865800477943, 41.51479082562077], [1.2960467468795942, 41.51461282367789], [1.2962371119399743, 41.514459464392516], [1.2965559018610626, 41.51427549249074], [1.297164071512319, 41.51413327022955], [1.2976352714498702, 41.51397244404341], [1.298306870154575, 41.51381944580377], [1.2984535683275495, 41.51375910870905], [1.299259987979899, 41.51317972976815], [1.2996300002523178, 41.51300226684819], [1.2998489096845542, 41.51282914806026], [1.3002957669027844, 41.51258157430055], [1.3004372599781648, 41.51244955247574], [1.3008744039139069, 41.511885959229716], [1.3014603622704877, 41.51135897377655], [1.3016508952623784, 41.5112487466094], [1.3025711631458028, 41.510863774270334], [1.3028219551428317, 41.51112111214356], [1.3029653899086677, 41.511194474245144], [1.3032244536396815, 41.51095150272012], [1.3040396087524153, 41.51119599424395], [1.304526751547409, 41.51093269999158], [1.3047396964505582, 41.511249097114344], [1.3057998629886585, 41.51116023839552], [1.306407838300894, 41.51105552305399], [1.3064589254635537, 41.51164713151984], [1.306523929425042, 41.51181525796125], [1.306569764799574, 41.51185430265598], [1.3078564982378742, 41.51185405754865], [1.3079468501819609, 41.51230969782697], [1.307980974312325, 41.51305624566309], [1.3096950051911906, 41.51284132242393], [1.3112147165307217, 41.51234303858407], [1.3114155475846605, 41.51296575655683], [1.3117221694903134, 41.512957559458165], [1.3122223659684178, 41.513141254634846], [1.3124987463594806, 41.51320881035383], [1.3129826726911746, 41.51321167855428], [1.3125973035008454, 41.51324358253578], [1.3124882903572892, 41.513366818962595], [1.3123787115802568, 41.51338727766518], [1.3122073133412455, 41.51336107800147], [1.311648910469526, 41.513134371024556], [1.3115504221342185, 41.51312463836631], [1.311253283233699, 41.51343200955926], [1.311449616950005, 41.513679071502516], [1.3116445925032343, 41.5140386054664], [1.3122036725716255, 41.51465460277217], [1.312476487288618, 41.51521019278803], [1.3124083042165444, 41.515283859642366], [1.3119767257669153, 41.51543334445604], [1.3120505165565524, 41.51543442778974], [1.312369777153604, 41.51555827628331], [1.3126929880764697, 41.51571947063012], [1.312858365306413, 41.51584853515613], [1.313128517748032, 41.515953102116], [1.313686686185157, 41.51626842685145], [1.3138059207302926, 41.51592214257404], [1.3139672180567419, 41.515594493373264], [1.314330883481409, 41.51531889438668], [1.314461247951147, 41.51510689052219], [1.3146004214886908, 41.51496662088403], [1.314631250052523, 41.51478531252222], [1.3155358989237207, 41.515029593393805], [1.3159337743748556, 41.51509828578328], [1.3165001695678435, 41.51540137789428], [1.3173349475022422, 41.51540134381104], [1.317435838832639, 41.51543875803108], [1.3176812763050818, 41.51561428768946], [1.317783627855653, 41.515632358025584], [1.3179853762282037, 41.515606757582916], [1.3179462080957642, 41.51603662676887], [1.3185440690342651, 41.51639330566236], [1.3193171296199602, 41.51759856990219], [1.3198074848074168, 41.51842914750235], [1.3206773038939614, 41.51949521789528], [1.3209181224021165, 41.51972516518984], [1.3216752708238164, 41.52013423702949], [1.3217665270125494, 41.52029931538692], [1.3240025769404666, 41.52058816644956], [1.3245067039281364, 41.52070674537016], [1.3244287750214896, 41.52073109936729], [1.3237761263849683, 41.52059522321711], [1.3216957064463801, 41.52033611080389], [1.32192332772959, 41.52121616935107], [1.3220799159520715, 41.521617282230736], [1.3222598347313745, 41.52169970484096], [1.3226827665427656, 41.52247542899456], [1.3227207535358227, 41.522457068587386], [1.3209272389073703, 41.52333231841368], [1.3170641770345528, 41.525637298663156], [1.3170391847227625, 41.52580617316092], [1.3172091617365052, 41.526078148694324], [1.3172538572459338, 41.526282269554365], [1.317213861332079, 41.526576841432004], [1.3170395342996954, 41.52703698049175], [1.3174134335938466, 41.5273214833901], [1.3177358949350806, 41.52764360648106], [1.3180650988728875, 41.527904760292195], [1.3185201260614905, 41.528194679659656], [1.3192289435856293, 41.5285155987161], [1.3194650107880828, 41.52868450694523], [1.319535053681911, 41.528766142802446], [1.3196556540051307, 41.52902027976349], [1.319991036876358, 41.52927458302839], [1.3201794452299875, 41.529608881197674], [1.320609451042864, 41.53013963235286], [1.3216875740531973, 41.53065165315378], [1.322280237703004, 41.53084917412192], [1.3224197130620903, 41.53095767129975], [1.3225177324284503, 41.53108871125901], [1.322208551231061, 41.531021061087266], [1.320913541043847, 41.53090461916965], [1.3195601909724017, 41.53058816673151], [1.3194131223344845, 41.53063429417244], [1.3188354670593028, 41.53097334060669], [1.318708463403314, 41.53100832173946], [1.3185337974737066, 41.531263725779084], [1.3184027785458483, 41.53131972405843], [1.3183082228235394, 41.5313236550873], [1.3183356632647496, 41.53137026201014], [1.3185619016952554, 41.53128494281667], [1.31871850418272, 41.53104179421339], [1.3188326395406276, 41.53102698056193], [1.319435169053614, 41.53065776425376], [1.3195631595447057, 41.53061703229964], [1.3209058626058947, 41.53093269872275], [1.3223854560858206, 41.53107732390222], [1.322693958609506, 41.53122692677598], [1.3230060841622064, 41.53123633924127], [1.3231214213241258, 41.53126801462532], [1.323203340033311, 41.53139134341109], [1.3237258813695152, 41.531765725608366], [1.3239139804741908, 41.531806382657194], [1.3240879643225028, 41.53190628389166], [1.3251958287651786, 41.532206231885006], [1.3256736700227874, 41.532557432240516], [1.32653875543528, 41.53293426780187], [1.326706671528341, 41.53305127549536], [1.3267182042571701, 41.53318537641229], [1.326912142525616, 41.5333857208727], [1.326933739949744, 41.53359418533815], [1.3268957661356153, 41.53382132792215], [1.326269830397023, 41.5349083649089], [1.325938378333051, 41.535406130139144], [1.3258256682025602, 41.535644523501475], [1.3257954289072007, 41.53579909235943], [1.3258382701479785, 41.53633661910795], [1.3259348783939096, 41.536522938076125], [1.326120321739314, 41.53665785988854], [1.3266427306809039, 41.53679786661189], [1.3267737761264602, 41.536903979548605], [1.3268286147308008, 41.53712968058855], [1.3269395811580307, 41.53722442709725], [1.3269724647742804, 41.53729272778146], [1.3270158439686184, 41.538070210803205], [1.3269956566360903, 41.53827203241163], [1.3269470311764247, 41.53839607069091], [1.326335320714012, 41.5390831365324], [1.3259387811108228, 41.53968641109369], [1.3257781750165691, 41.54010352913604], [1.3257230917201879, 41.54058459718365], [1.3256993678091196, 41.541248782191914], [1.3258518842297873, 41.54188004646877], [1.325867789208963, 41.542179217684655], [1.3258345224556505, 41.54235806097018], [1.325709930157885, 41.54257764105455], [1.3256857054562567, 41.54277796236008], [1.325756800406377, 41.54306595811189], [1.3259355165931446, 41.54322068296782], [1.3261305678992683, 41.543249012647806], [1.326793966117588, 41.54320480392777], [1.3286296661907853, 41.542423216552784], [1.3287765447927606, 41.5423029662403], [1.329038243742065, 41.54224927005774], [1.329898773217248, 41.541882861722705], [1.3295732857875657, 41.54140292774973], [1.3297204280558206, 41.54122420664328], [1.3312796188826785, 41.540278235461884], [1.3319765915748036, 41.53981241951946], [1.3323789263720074, 41.53947598859456], [1.332648476144266, 41.539300840518486], [1.3327863393694392, 41.53909081233047], [1.3325558828724, 41.53838322299892], [1.3324381080864673, 41.53786721922078], [1.332441774711671, 41.53685624020426], [1.333001227848642, 41.53654379239626], [1.3347857679667918, 41.53568543451223], [1.3352322720278302, 41.53556021504151], [1.3361299970380107, 41.53547160815396], [1.3369336173987962, 41.5354672889483], [1.339991112806279, 41.53564989500902], [1.3401546256924242, 41.535602807763446], [1.3405166662931622, 41.53521721870279], [1.3406363316298737, 41.535154996679125], [1.340889370517317, 41.535103886400336], [1.3406172412493913, 41.53472482007157], [1.3404333620101778, 41.53427434102523], [1.3402463627512038, 41.5340162948759], [1.3404168002804606, 41.53404982921704], [1.3407029001633048, 41.534182577805865], [1.34070827266302, 41.534141223432506], [1.3404366422451823, 41.53401922184018], [1.3402580104483415, 41.53398268701262], [1.3397330357123918, 41.53367581100677], [1.339429507006482, 41.533470122287234], [1.33886264606299, 41.53300141312495], [1.338225476782292, 41.53266201534155], [1.3368577902924836, 41.53216091230239], [1.3365588093702931, 41.5320966952359], [1.3360336517455187, 41.53206009342821], [1.3355748185677456, 41.53192853004382], [1.334885309456985, 41.531574570931696], [1.334920944061264, 41.531507805198025], [1.3350433363670142, 41.531353217264034], [1.335215052861811, 41.53121474529273], [1.3362578568541703, 41.53070121426825], [1.33656038721448, 41.5305939057532], [1.3374702414463377, 41.530445477302514], [1.3390177946878612, 41.52968198056811], [1.3393549694680704, 41.52936304711972], [1.3398778079970228, 41.52865967520883], [1.340842959573601, 41.527471265652686], [1.3410448522177982, 41.5272628714948], [1.341258282822999, 41.52711886747526], [1.3415628192694182, 41.52703057922952], [1.3422141941361512, 41.52695278150149], [1.3433631702749766, 41.526970684905855], [1.3437161512448725, 41.526820310524776], [1.3445440734082639, 41.52636612035011], [1.3449152510293474, 41.526032978497284], [1.3459855125356288, 41.52597379835434], [1.3463862653040852, 41.525872015426145], [1.346353720719591, 41.5258368705767], [1.3459767109383203, 41.525933500726], [1.3450910284375712, 41.52596444391101], [1.3448907758760853, 41.52599632814883], [1.3447883455295648, 41.52606033408666], [1.344509760398108, 41.526334552301435], [1.3436851238984258, 41.526786808036846], [1.3433460617223805, 41.52693188864388], [1.3422098393619128, 41.52691209737105], [1.3415499282534877, 41.526990942846496], [1.3412295629901267, 41.5270842267184], [1.3410040707200752, 41.527235892686015], [1.3407973810307594, 41.52744908129653], [1.3398311183952927, 41.52863873540076], [1.3393087703295234, 41.529341663837485], [1.338981411256485, 41.52965173201896], [1.3374922347882632, 41.53039148348083], [1.33646581547863, 41.53057515401376], [1.3359425923531396, 41.53080491953611], [1.3360317840726765, 41.53037865100547], [1.3360658662738214, 41.52997932167564], [1.336217949235604, 41.52934860485241], [1.3374680582342868, 41.52907440451639], [1.337259087270287, 41.52858483194163], [1.3372831074885474, 41.528503391773505], [1.337377120341745, 41.528440892120045], [1.3382400709682896, 41.52843787173978], [1.3382029885199906, 41.52833195450589], [1.338171089166258, 41.52780323611312], [1.3383985991673837, 41.52760584963102], [1.3384106337408577, 41.52751496333624], [1.3383715929897497, 41.5274106390907], [1.3378268216466953, 41.52687261565616], [1.337331665834487, 41.52626001358056], [1.336490266616032, 41.52568941642365], [1.3363294664212308, 41.525954505989304], [1.3363752108764462, 41.52650828449348], [1.3363254420949093, 41.52680407299478], [1.3361525047608758, 41.52697180168442], [1.335431216329551, 41.52748574990916], [1.3345400133071683, 41.52695503883192], [1.334403026943227, 41.52674905160309], [1.3340890886806573, 41.52644646335521], [1.33410819968392, 41.5262948831736], [1.333419216609737, 41.525591273216506], [1.3333272278870418, 41.525439528267576], [1.3332338364221452, 41.52517436095187], [1.3331472269441793, 41.525055654756265], [1.3330144313858394, 41.524952851634794], [1.3327901253780496, 41.524847820716786], [1.3322185677617173, 41.52444070810477], [1.332304297512539, 41.52429468357176], [1.3323071994082498, 41.524037036905604], [1.3322608590533658, 41.523731839829914], [1.332118281822436, 41.52321655569432], [1.3326412561709629, 41.523185951652636], [1.3333393478183033, 41.52308933648014], [1.3333300359266018, 41.523050561681785], [1.3322138238141028, 41.52317840114582], [1.332471897102909, 41.52255607138865], [1.3325491087017147, 41.52215799868123], [1.3327467752792315, 41.52182049257832], [1.332697503224523, 41.521545426342264], [1.3326397504125829, 41.521502886640434], [1.3325163223468794, 41.5211289293868], [1.3323443504024672, 41.52084370692106], [1.3327697724101049, 41.52071423198676], [1.3325020459431918, 41.51959790064541], [1.3309167182130268, 41.5184936172438], [1.3307707891458878, 41.51843151690979], [1.3303147581661388, 41.51839553263117], [1.3300163078732725, 41.51830383067287], [1.3295417733997497, 41.51803213729154], [1.3291726654156684, 41.517752332112295], [1.3277476543242894, 41.51714662239251], [1.3274002627413208, 41.516838395193695], [1.3273231702814976, 41.516909599525476], [1.3271161135496328, 41.51679697693966], [1.326975420213503, 41.51667612805852], [1.3265915798638646, 41.51619209269486], [1.326215557538212, 41.51580481898608], [1.326023180721181, 41.51564358593187], [1.3258048995032101, 41.51555754372103], [1.3255663035157217, 41.515078592031415], [1.3256520694150709, 41.51502886165041], [1.3253631128822394, 41.51437921484655], [1.3251488265816669, 41.51424044880823], [1.3249473173151598, 41.51416411109347], [1.324808158078464, 41.5142490008028], [1.3243439502164995, 41.514289703142516], [1.3238286679367408, 41.51426634463788], [1.3231679645887953, 41.51416187208664], [1.3228458542549215, 41.51399910189329], [1.3220410443327413, 41.51373967268471], [1.321237026027709, 41.513352260562534], [1.3207916761324043, 41.513771520563175], [1.3200096113797264, 41.51316104799847], [1.3201361083624032, 41.51303769503569], [1.3196645342124032, 41.51213533708946], [1.3193526764702685, 41.5116233270758], [1.318419136593126, 41.512130914788536], [1.3183628404853773, 41.51238480815978], [1.3183885334678092, 41.512563431596504], [1.3183554179201398, 41.513204066856595], [1.3182441397358118, 41.51414672835669], [1.317920011672481, 41.51445615395842], [1.3178990661137706, 41.51443666271956], [1.3180745059346874, 41.51429772550938], [1.31820745493117, 41.51411493763853], [1.318105936531189, 41.51385189072903], [1.318248387315888, 41.513524229819595], [1.31817000328038, 41.51320540799449], [1.3182363499298577, 41.51273000059034], [1.3183080282314006, 41.51247930457779], [1.3183164472599527, 41.512218671828904], [1.3183518083554409, 41.512130290357725], [1.3144705343703655, 41.51210635601155], [1.3146838673982975, 41.512460844469594], [1.3140451906320811, 41.512265942397114], [1.3136634146527557, 41.51219198089644], [1.313296789818776, 41.5121667923788], [1.3134021812346575, 41.51166115231234], [1.3156602664665655, 41.51091117532619], [1.3160052923110053, 41.51085408113685], [1.3176709767595487, 41.51086503553019], [1.318152046140088, 41.51083874310814], [1.3182830568166164, 41.5107909409753], [1.317504149193982, 41.510829088564634], [1.3158258107808076, 41.510830195867506], [1.313411201416524, 41.5116137279079], [1.313341268130328, 41.51133501763971], [1.313102571744499, 41.5108686529538], [1.3130053554659349, 41.510763916835415], [1.312888616764621, 41.51070473958243], [1.3126246891546884, 41.5106842938062], [1.3120361085496846, 41.51083607293015], [1.3119188630500946, 41.51091217171612], [1.3116078443648949, 41.510942376360106], [1.3114315477228615, 41.5097073612245], [1.3108732348770158, 41.50963080226869], [1.310449916511803, 41.50951929582782], [1.3103144042601504, 41.50910865888105], [1.3096955907921835, 41.50930366102921], [1.3082435362621114, 41.510151309736216], [1.3078531726292144, 41.51030219632289], [1.3078170970672467, 41.51028869537901], [1.3081604679664758, 41.51016161637005], [1.30871640398105, 41.50985544806572], [1.3076237870509133, 41.50925905746494], [1.307657954180389, 41.508761385685936], [1.307622759701329, 41.508437878239974], [1.3075343052143684, 41.508084674480415], [1.3085027646643665, 41.50792607780955], [1.309243690653887, 41.50789130558723], [1.3098523704901543, 41.50829286326298], [1.310226451350754, 41.508016439186186], [1.310582878209848, 41.507649509254016], [1.3100109214944708, 41.50725038213624], [1.30958688773237, 41.50688126300296], [1.309901031027425, 41.5067670747311], [1.3104105051783745, 41.50647219871947], [1.3106066093313535, 41.506312229867724], [1.3108828980271592, 41.50593484420453], [1.3115848893041535, 41.50534537649513], [1.3120522373238008, 41.50505248197729], [1.312442635060085, 41.504649561978695], [1.312493083659195, 41.504561673863286], [1.3125666403470153, 41.50427579149635], [1.312666665963016, 41.504147378963275], [1.3129424668007526, 41.50395408334331], [1.3131479259768573, 41.50394574445228], [1.3132963882215212, 41.50398683247407], [1.3137989976868036, 41.50425999985013], [1.3142046185668848, 41.504438336351186], [1.3149475852052155, 41.504508037872796], [1.3151318834168926, 41.504479484435485], [1.315722279274265, 41.50417657872687], [1.3166839111973045, 41.50343190941866], [1.3181876766187615, 41.50170519759433], [1.3181551498702777, 41.50169355318983], [1.3166659037319064, 41.50340552558437], [1.3156820281610457, 41.504167072217015], [1.3150928338818346, 41.50446522163457], [1.3146200961393746, 41.50445847795479], [1.314171693054643, 41.50440047470602], [1.3133022838457813, 41.50395818673884], [1.3130049667266304, 41.503909605242995], [1.3128586305800902, 41.503971227445895], [1.3125769591828795, 41.504192178160494], [1.3124194251099608, 41.50462517273571], [1.3120608344601274, 41.50500288974764], [1.3113431286614727, 41.50543639926708], [1.3109023711136052, 41.50554044521685], [1.3105571482440581, 41.50567516134202], [1.3099434742439164, 41.50518076220314], [1.3098234706897276, 41.505081993285216], [1.3098545443467147, 41.50500210795037], [1.3099883933213619, 41.504992366308336], [1.310289867375195, 41.50504245781482], [1.310220372029795, 41.504798338611295], [1.310134968660214, 41.50470521246509], [1.3101250844174621, 41.50464760277613], [1.310249340736986, 41.50413107816988], [1.3103329583191246, 41.504011793795165], [1.3107744668766055, 41.503647820010066], [1.3115747358476681, 41.503143830813], [1.3109361314449939, 41.50231851509781], [1.3110138096050297, 41.50231236049962], [1.3114197906627332, 41.50206549319419], [1.3117735780503035, 41.50177093181338], [1.3103502308902004, 41.500424568453944], [1.3094147933738374, 41.50000911236905], [1.3088503649958645, 41.499562893464805], [1.3085563675101355, 41.49881180571553], [1.3085292800802206, 41.49866954746963], [1.308562095674348, 41.49856869727663], [1.309656935268169, 41.498524806391224], [1.3107062081318552, 41.49852391944647], [1.3112137429866197, 41.49841626116429], [1.31075978111877, 41.49762409482407], [1.3103465554102978, 41.49713174141366], [1.3104725959051398, 41.49687770532578], [1.310325670134945, 41.49596691829196], [1.3095891451553763, 41.495132499629136], [1.3097435101562167, 41.495185297982026], [1.3099448524628405, 41.4952054607949], [1.3102300422927633, 41.4951334486144], [1.3108965664755547, 41.49509351852623], [1.3110391079892036, 41.49512650625023], [1.3111827073804276, 41.49524327421928], [1.3112736868231858, 41.495268929249015], [1.3116022667209883, 41.49526078437424], [1.3132896331572703, 41.49490526029992], [1.314239132556795, 41.49479056022319], [1.3144382241636787, 41.49471250609389], [1.3131876413736867, 41.49484693012454], [1.3123229071362559, 41.49497737138542], [1.3116453776023034, 41.495169185939716], [1.311265170728331, 41.49515405529345], [1.3110861307476822, 41.495027309555134], [1.3109504631417914, 41.494992351257125], [1.310264786365412, 41.49504118733095], [1.309952517883489, 41.495117755442884], [1.30961494715663, 41.49502020167089], [1.309643739056473, 41.49472843861659], [1.3096217123447789, 41.49456175595094], [1.3095602530406638, 41.494451327601695], [1.3093804649518561, 41.494362757797695], [1.30845531690935, 41.494172079173694], [1.3077739235738048, 41.49417628882886], [1.3066594937362206, 41.494128817587765], [1.3063839344755634, 41.49407008690878], [1.306072349110726, 41.4939271500525], [1.3058635680712876, 41.49377455840119], [1.305502667024137, 41.49340040939784], [1.3049401148275839, 41.49294077841895], [1.30426120371947, 41.492202378668644], [1.3036109039507071, 41.491989053420795], [1.303388255995989, 41.49189065483947], [1.3030888177381006, 41.49169168560377], [1.3027414445898118, 41.49159442189652], [1.3026877195787347, 41.49149112948246], [1.302728491627162, 41.491379144088064], [1.302925641884798, 41.491214970011704], [1.3029189723208827, 41.49118136561971], [1.3029552078135762, 41.49136267044914], [1.303378875599057, 41.491460613403625], [1.305829670822107, 41.492532897592234], [1.3064663640641143, 41.492740425595], [1.3065973580596333, 41.49249880612278], [1.3067466856993475, 41.49234455394385], [1.3068168614870808, 41.49231784580742], [1.3073341072099294, 41.492277269225234], [1.307761819845505, 41.492307523117944], [1.3080083487641159, 41.492395181565385], [1.3082425541251632, 41.492556159626815], [1.308513383494009, 41.492635352177544], [1.3086463175278773, 41.49271044425811], [1.3089954497581155, 41.49272223979675], [1.3090789954046338, 41.49274337381466], [1.3093431240865523, 41.49291929090422], [1.3097349108627023, 41.49292162352657], [1.3099813733004806, 41.49302585412114], [1.310059061152326, 41.493189391743606], [1.31029985013318, 41.493502950534186], [1.3108911817936735, 41.49386632878959], [1.3110217749657773, 41.49389824031553], [1.3112906896517247, 41.493922365577234], [1.3113024496832189, 41.49368619516029], [1.3112538614590863, 41.49325548388642], [1.311283301939425, 41.49290131145867], [1.311204074189955, 41.492746218590405], [1.310973212861333, 41.49260376447005], [1.3108879239419176, 41.49245146458335], [1.3106740346719825, 41.492283134425314], [1.3105347078005871, 41.49198358685828], [1.310429041616044, 41.491873320038756], [1.3102494999223921, 41.49159092496541], [1.3101968755380264, 41.49126049610723], [1.3095257338454516, 41.49100501551024], [1.3093506732543116, 41.49099757798754], [1.309120081001803, 41.49105264721205], [1.3086384811596348, 41.49102196606418], [1.3082381250257245, 41.490902863267515], [1.3079388291096203, 41.490905124651604], [1.3078268640759758, 41.49087600572727], [1.3076487058003023, 41.49076187737212], [1.3075616253581734, 41.49075239936915], [1.3074488962249506, 41.49080325532629], [1.3074601964516628, 41.490875567575074], [1.3074269835800554, 41.490899757828494], [1.3070775529939542, 41.49098720559237], [1.3068587656249557, 41.49100289892228], [1.306632037129408, 41.49089553411326], [1.3062912175254073, 41.490873131063516], [1.3058244735327336, 41.490975784615365], [1.3054043427217172, 41.490930773763665], [1.3052258387227178, 41.49094057261406], [1.304811533958492, 41.4910902007193], [1.3041626329570344, 41.49117719188755], [1.3038352500003163, 41.491172363182656], [1.3033653373494312, 41.4910657278744], [1.3030762506202747, 41.49103480140557], [1.3030686034148011, 41.490942276956126], [1.3025332121162037, 41.49039114437953], [1.3020109165710088, 41.48970081801191], [1.3021857442787006, 41.489597747622106], [1.3022564685944635, 41.489247249423585], [1.3021967466200028, 41.48900651175931], [1.301924943518967, 41.48862609655623], [1.301848876154805, 41.4883645813995], [1.301844051577553, 41.48814113701178], [1.3025950497741567, 41.4885287126102], [1.3028325647688836, 41.48858022564469], [1.3030777792880517, 41.48856141271389], [1.303868412780376, 41.48822891628155], [1.304036008279831, 41.48823751300193], [1.3046091118053982, 41.488415020787365], [1.3047995758521485, 41.488396482268435], [1.3044834647461176, 41.48832283265392], [1.3027730493563114, 41.487748543192744], [1.3021487766545388, 41.48749451753331], [1.3017399272757237, 41.48713757248863], [1.3011856031924809, 41.48640252090173], [1.300755816478652, 41.486132180417435], [1.2999531536612015, 41.48587560117251], [1.2996399537540477, 41.48573253297042], [1.299336151134551, 41.48552790506097], [1.2985193575061582, 41.484790854448995], [1.298331276107275, 41.484686652667705], [1.2977722355949453, 41.484532289663704], [1.296365674533232, 41.48439942161085], [1.2964384174575736, 41.48399545072682], [1.2961257804845425, 41.484060086873676], [1.295572687694671, 41.484063063266454], [1.2957096915751742, 41.48356556204884], [1.2956523019817117, 41.48345194401223], [1.2955502872327573, 41.48336378475656], [1.2954730808794812, 41.483339046547464], [1.2954546847935335, 41.483236634651036], [1.2954731455617068, 41.48319493124519], [1.2955649899843857, 41.483145583302004], [1.295842321312933, 41.483134561920394], [1.2956232096875773, 41.48245957351532], [1.2966495961811517, 41.4821059411591], [1.2970623933816483, 41.48191632875602], [1.2973111677450884, 41.48188416482292], [1.298055049224788, 41.48187175441607], [1.2987073219096064, 41.481625153224755], [1.2989101086679287, 41.481606446404165], [1.2990250351124495, 41.48163606362802], [1.299715266305024, 41.481934945534725], [1.3002897592582325, 41.482106910970394], [1.3004484407231371, 41.48208016377537], [1.300550557251553, 41.48199961931105], [1.3006798253053036, 41.48176923489954], [1.3007860217122171, 41.48165605513543], [1.3008845801210152, 41.48158329386839], [1.300974421432302, 41.48155994216698], [1.3012499597931757, 41.48158058581511], [1.301899243222098, 41.48180129503515], [1.3023215459177875, 41.48182040593884], [1.3031361387663958, 41.48146196716527], [1.303420837178212, 41.48137483701251], [1.3036991907831748, 41.481379389304294], [1.3038971224530294, 41.481450311697884], [1.3041759927258691, 41.48147640167233], [1.3045810392440251, 41.48141310601091], [1.3050812754914867, 41.48140606908683], [1.3057226059030977, 41.48124267140495], [1.3065399896189442, 41.48121300477759], [1.3069656132197829, 41.481316092699174], [1.3072320215367792, 41.48154050593639], [1.307341332271406, 41.481583547186034], [1.3076857263842496, 41.48160941771274], [1.3078762374180748, 41.48158366908345], [1.308001880207572, 41.481528413512834], [1.3080410444760306, 41.481431804295866], [1.3079448805067415, 41.481205484672444], [1.307976261507652, 41.48117784459797], [1.3090620145895713, 41.481011509340554], [1.3099046973193385, 41.48070873385015], [1.3103871106383445, 41.480654485396094], [1.3120891738746285, 41.480290460233945], [1.312610046059079, 41.48028170735145], [1.3130243367985257, 41.48037857187603], [1.313196598467726, 41.480483598512066], [1.3133235920862563, 41.48043141928017], [1.3130853583136088, 41.48028399286631], [1.3126395113910052, 41.48018009041622], [1.3120651322664254, 41.48018769326085], [1.3103572919073454, 41.48055289868103], [1.3098671981432777, 41.480607754689004], [1.3090181078583034, 41.48091286757936], [1.307897654825558, 41.481087158406694], [1.307796274520754, 41.48117663721478], [1.3078381038794464, 41.48133226313956], [1.307894612500379, 41.48141604909398], [1.3078855812735073, 41.48145932991418], [1.3076747790156555, 41.48150540595767], [1.307385133900744, 41.481483673870386], [1.3070466813238915, 41.4812293779697], [1.3067839833871409, 41.48114336636952], [1.306553949625028, 41.48110926964731], [1.305694846035638, 41.48114048336405], [1.3050536386496554, 41.481303792640986], [1.304567462882476, 41.48130905521622], [1.3041643326364785, 41.48137237909346], [1.3039465070866365, 41.481352413528384], [1.3037315614626857, 41.481276916889676], [1.303392506814298, 41.48127146910644], [1.303073280293654, 41.48136907820121], [1.3022932184255347, 41.48171721795779], [1.30193623823766, 41.48170096304169], [1.301293977227013, 41.48148197902697], [1.3009506599278902, 41.48145628090359], [1.3008089644343628, 41.48149309741727], [1.3006808392142977, 41.48158811931098], [1.300558009908806, 41.48171880144018], [1.3004334996667166, 41.48194150552045], [1.3003708812109844, 41.48199101915274], [1.300267299213099, 41.48200389930475], [1.2997739270658506, 41.48185357907191], [1.2990762337098922, 41.48155152476233], [1.298923237346765, 41.481512067229616], [1.2986743461785177, 41.48153504580683], [1.2980243420412487, 41.48178195060379], [1.29730197529923, 41.48179152694344], [1.2970213532768347, 41.48182781277742], [1.2965905213479139, 41.48202463368449], [1.2952730997025688, 41.48247357312252], [1.2948063941318424, 41.48266777934443], [1.2944583253264614, 41.482078514337395], [1.2941403257265025, 41.48128812245541], [1.2944709421535632, 41.48125906569123], [1.29501801378082, 41.481087394417436], [1.295350427112079, 41.480939474020104], [1.295261756127946, 41.48086331145334], [1.2963363859396861, 41.4807751123037], [1.297833576308075, 41.48040745255155], [1.2987649919213635, 41.4802535167763], [1.2990179846916898, 41.480165117821905], [1.2994453097424166, 41.479936531200735], [1.299667939284247, 41.47985497744007], [1.3006109654086369, 41.47958168002052], [1.3008764309743674, 41.47943743326539], [1.3014598053701825, 41.4791950267172], [1.3032506091824514, 41.47880875026111], [1.3036538951705268, 41.478775609738555], [1.3044949736819071, 41.478874386544845], [1.3051109294885337, 41.478888686306114], [1.3060586553549534, 41.47880600132088], [1.3065722733912237, 41.478725833476545], [1.3076671571834897, 41.47820692705761], [1.3080982531966385, 41.47805753953363], [1.3080208154600084, 41.478027938052875], [1.3078548433816113, 41.478091427122344], [1.3075633401018094, 41.47821071779997], [1.3068505491834537, 41.47858113549031], [1.3065594527815576, 41.47869844354301], [1.3063699406834386, 41.478732130904405], [1.3049585671217925, 41.47886176136942], [1.3034832021558802, 41.478748952859966], [1.3028110626685574, 41.478868289623534], [1.3021584152636374, 41.47903456647214], [1.301811953005691, 41.47907016216335], [1.301444207356601, 41.47916858596857], [1.300481294365311, 41.479598498191876], [1.3000047302583697, 41.479713052823726], [1.2994258411963349, 41.47991156413378], [1.2988756908212609, 41.4801928260541], [1.2978240081702048, 41.48037947931972], [1.2964618485222899, 41.48072247423154], [1.2953885198699373, 41.480829613026515], [1.2954373589467743, 41.47945001137678], [1.2947351891094705, 41.47942114101548], [1.2942934829544686, 41.47924292125633], [1.29411074746626, 41.479100151880054], [1.2940498926027975, 41.47929695252734], [1.293976337596517, 41.479388903499874], [1.2921591996328559, 41.47850357321941], [1.2931362904964412, 41.47802341204455], [1.2934431248537068, 41.4776355268914], [1.2928796785066468, 41.4773230021255], [1.292767312817457, 41.47719622685058], [1.292762965889773, 41.47706069715416], [1.2926997820258395, 41.47695834035784], [1.2925285011279386, 41.47677628789241], [1.2922831254652818, 41.476624934040935], [1.2920396701557937, 41.476541876688735], [1.2915656478469566, 41.47646422044508], [1.2911407354327686, 41.47676468951643], [1.2899762566393707, 41.47655526437967], [1.2898380691889302, 41.476281202741326], [1.289379726173549, 41.47612189712066], [1.289672635549458, 41.47609121677664], [1.2897528500053177, 41.476051247836246], [1.2900040784367837, 41.47582935428244], [1.2901090180100372, 41.47559141877852], [1.2903232266326603, 41.475506605391416], [1.2906589806352906, 41.475672907443595], [1.2907736663059537, 41.475752162343404], [1.2908739262921363, 41.47590641111533], [1.2911552569252922, 41.47605677558746], [1.2910816581689166, 41.4748872946782], [1.2913961771125437, 41.475004821386236], [1.2915027284835892, 41.475074587431315], [1.2917469652826175, 41.4754516458104], [1.2919421837392449, 41.475515252762364], [1.2922504571319793, 41.47555153135664], [1.2930286740229164, 41.47546931844654], [1.2934392184283685, 41.47531869007815], [1.2940457189868992, 41.47524004656514], [1.2943412294818728, 41.47524695205051], [1.2949435579477364, 41.475162927780374], [1.2956445229916627, 41.474884099830334], [1.2958513379372185, 41.47470629986075], [1.2960094369429054, 41.47435349674768], [1.2965509620697862, 41.4741671442013], [1.296681026117529, 41.47403432608732], [1.2967789484913677, 41.47399929812867], [1.2972185268962784, 41.47396950524779], [1.2975423127985022, 41.473824512799034], [1.2982091005182286, 41.47388085395012], [1.2987914905703983, 41.47379381225384], [1.2995793320985531, 41.473520748796155], [1.2995735130878412, 41.473454731502514], [1.2987721091190818, 41.47373353890737], [1.2982079677458118, 41.47381886902702], [1.2975199986014112, 41.47376194407868], [1.2971954169109783, 41.4739098969932], [1.296757898683865, 41.473938549391754], [1.2966234754098354, 41.47398654716689], [1.2965558745362482, 41.47407102222549], [1.2964310556963055, 41.4741498804123], [1.2959494261513271, 41.47430820299916], [1.2958870543125178, 41.47438960269154], [1.2958512122065275, 41.47454174015409], [1.2957768023830694, 41.47468034046398], [1.2955944370943295, 41.47483480977797], [1.2949232220000666, 41.47510263965861], [1.2943296592399927, 41.47518580307382], [1.2940429189172242, 41.47517785675663], [1.293415869702467, 41.47525916761577], [1.2930089430781304, 41.47540885883672], [1.2922508910942014, 41.4754893895422], [1.291965778937113, 41.47545588685775], [1.291799771760414, 41.47540181093483], [1.29157265842707, 41.47503851755267], [1.291442793805234, 41.47495354365322], [1.2911640437826324, 41.47486032256871], [1.2909817720555707, 41.474682162104536], [1.290667825192819, 41.47460219743312], [1.2899004557472589, 41.474654742561285], [1.289462647738211, 41.47474443025354], [1.2890318667899092, 41.47471262191217], [1.2885178004153215, 41.47492402673429], [1.2883456402537825, 41.47496739998943], [1.2882122345977163, 41.474953434920984], [1.2877830525769651, 41.4746288328736], [1.287810980963248, 41.47456854157799], [1.2879927670151248, 41.474487028201565], [1.2880028519261222, 41.47441782449473], [1.2870198642340984, 41.474030931493836], [1.2871680295249233, 41.47391181428127], [1.2873960243140552, 41.47350800379873], [1.2874881059235666, 41.473412730064865], [1.2876430712904783, 41.47330361667534], [1.2880786826101336, 41.47311510093114], [1.2883858257681253, 41.472934394505835], [1.288977411527998, 41.47280295929692], [1.2891922480278848, 41.47268942046837], [1.289943880213481, 41.472774543057206], [1.2902570550675574, 41.47221806378999], [1.2902876262839236, 41.472303364230115], [1.2902712689784688, 41.4726479989616], [1.2903156779782146, 41.47304064371256], [1.290224996374679, 41.47325141024454], [1.2900612585917153, 41.47350306300348], [1.2899190869791008, 41.47364497524356], [1.2899261608767505, 41.4736811084196], [1.2899812781814355, 41.473711921338], [1.2901383985458015, 41.47371227161478], [1.2907771628459181, 41.47351262513657], [1.2909605418217087, 41.473484181907736], [1.2912527318536118, 41.47346672706408], [1.2914131329930956, 41.4734969420071], [1.2915262966443126, 41.47356131201285], [1.2916055745758661, 41.47376658834277], [1.2917505188515956, 41.47396130664206], [1.2920595550438694, 41.474128112933464], [1.2922872761401767, 41.47438134894269], [1.292556768330344, 41.47449874873693], [1.2926984629508242, 41.47449805585025], [1.2929730837833475, 41.47443376963691], [1.2932197598592463, 41.47443490914964], [1.2939775286374895, 41.47426420774298], [1.294065575136059, 41.47419940257064], [1.2942769046426592, 41.47384495510528], [1.2943169126894178, 41.47338312925735], [1.2945127942503076, 41.47325687415498], [1.2953317619013023, 41.47337331376087], [1.295689887728619, 41.47336231478857], [1.2959742288925327, 41.473292400940025], [1.2963932145443255, 41.47298786275911], [1.2965037793001428, 41.472941043002166], [1.296618720213905, 41.4729466186317], [1.2970157900195254, 41.473103902714655], [1.29712474943674, 41.47311839625919], [1.2982706456865403, 41.47308887847013], [1.2987453215253597, 41.47291197433269], [1.2995886388149034, 41.47280257802499], [1.2998138557814571, 41.47265314924616], [1.3000009238511077, 41.47257953545184], [1.3001982549618003, 41.47215416493109], [1.3002994489650594, 41.47180582863712], [1.3007557185566105, 41.47148462203881], [1.300979141049723, 41.47125689352342], [1.301356883915895, 41.47109493903903], [1.3015183623035382, 41.47099212231928], [1.3016142774552328, 41.47086834153677], [1.3016991473129558, 41.47055777237657], [1.301586809512998, 41.47039758998249], [1.3010694397255553, 41.47005488707358], [1.3005258255900227, 41.46989211878097], [1.300476859454171, 41.46977223243103], [1.3002909839314205, 41.46958511184083], [1.3001495136989425, 41.46928407820104], [1.2996306169491383, 41.468679697173485], [1.2994339753627107, 41.46850151307864], [1.2993818461168076, 41.468397611948234], [1.2994168168122415, 41.468282929456485], [1.299413263966211, 41.46812084083046], [1.2993047305071357, 41.46783839725926], [1.2994324271903817, 41.46747451101356], [1.299430719977876, 41.467351990433684], [1.2993656066064305, 41.467195116195825], [1.2994185944536973, 41.4670368359789], [1.299270770645316, 41.46685117709695], [1.2992857778010063, 41.466817622747634], [1.2992470804131362, 41.46680462077428], [1.299226971554131, 41.46685926614223], [1.2993769054672244, 41.46704207404105], [1.299322671737414, 41.467193040135115], [1.2993889063817032, 41.46735740679658], [1.2993904850442766, 41.4674710986061], [1.2992728806700482, 41.46776956303376], [1.29926356054121, 41.467897054517145], [1.2993717948586014, 41.46812680269918], [1.2993750338590933, 41.468277988204285], [1.2993392904173022, 41.468399324441535], [1.2993982063954481, 41.46851845772748], [1.2995962514274182, 41.46869792361581], [1.3001131765337617, 41.46929984375946], [1.300254510456689, 41.46960150591842], [1.3004391373695476, 41.46978599608156], [1.3004868969797068, 41.469906224896526], [1.3010461193035587, 41.470081203285545], [1.301555128681264, 41.47041846868653], [1.301657812986569, 41.47056310656224], [1.3015770746240962, 41.47085761416883], [1.301487478434094, 41.47097329187618], [1.3013357459497878, 41.47106976746914], [1.3009538837221306, 41.47123355249406], [1.3007255694002886, 41.471465171758446], [1.3002645135205246, 41.47179081099542], [1.3001600233915478, 41.47214612399944], [1.2999777555820207, 41.472554153484154], [1.2997882274569355, 41.472630252830335], [1.2995710267599472, 41.4727753866637], [1.2987326485642012, 41.47288368500331], [1.2982660359594451, 41.473059087151135], [1.2970817953953084, 41.47308488463195], [1.296631915182711, 41.472918351960345], [1.2964953302107696, 41.47291155502047], [1.296367462894647, 41.47296514389912], [1.2959544304123987, 41.47326643761354], [1.2956825140081727, 41.47333293275799], [1.2953348174160564, 41.47334354588837], [1.2944988062581197, 41.473228564864684], [1.2942809753010802, 41.473369806270924], [1.2942492949168591, 41.473486427332716], [1.2942380507107414, 41.47383780367281], [1.2939704465858406, 41.47420546712666], [1.2932122674413349, 41.47440552520804], [1.292969675913338, 41.47440390589239], [1.2925650925807664, 41.47446905917867], [1.2923166683704326, 41.474361159401354], [1.2920870696442663, 41.47410645444348], [1.291780734850832, 41.47394166989316], [1.2916412634154564, 41.47375288297908], [1.2915618868381535, 41.473546799081205], [1.2914291773902398, 41.4734697090515], [1.29111811091427, 41.473426176678615], [1.290768903195244, 41.47345323633561], [1.2901278922468582, 41.47368347315137], [1.2899630006697747, 41.47366463302873], [1.2902150304311, 41.473379972042366], [1.2903739813299417, 41.47305502100868], [1.2903377537565819, 41.47222782022184], [1.290263214570139, 41.472161411282734], [1.2899187244047436, 41.47274291469495], [1.2891791762319913, 41.47265824192976], [1.2889596724127619, 41.472776214787274], [1.2883712372423433, 41.47290625568123], [1.28799869806213, 41.47311913424521], [1.2876187828770895, 41.47328001695733], [1.2874586948387277, 41.47339265682444], [1.2873614394881376, 41.47349316760869], [1.2871339388596164, 41.473896625103706], [1.2869797215323153, 41.47401817407697], [1.286820204702521, 41.4739407739852], [1.28706061769399, 41.47373854105903], [1.2870886091413527, 41.47369428331976], [1.2870584588470002, 41.47359313602326], [1.2864347531844447, 41.473152053007404], [1.2866419218235559, 41.472693081047545], [1.2871787065479732, 41.47201843280341], [1.2871678324340827, 41.471835608953725], [1.2872166726498173, 41.4716178221618], [1.2873471789948416, 41.471241291861766], [1.2875101424512896, 41.47100080004615], [1.2876593404020609, 41.470277773737514], [1.287779889231908, 41.46991082213268], [1.2879743529615006, 41.4696153154767], [1.288150552651573, 41.469504360242695], [1.2883513608136978, 41.46944573690388], [1.2881994594040513, 41.469097246765514], [1.2882044793116698, 41.46890646313731], [1.288365178079716, 41.46866089234995], [1.2887129002626365, 41.46832037859706], [1.2887735997953305, 41.468216165628846], [1.2888121487192883, 41.46803443751462], [1.2889687408934196, 41.46773971655605], [1.289295488444045, 41.46736340128308], [1.289350826451635, 41.46731729347588], [1.2895681085288924, 41.467260088426016], [1.289917081222186, 41.4670265927135], [1.2901978475200073, 41.46688683104311], [1.290480379680838, 41.46663424165138], [1.2906083764994911, 41.4663381925585], [1.2908980299678479, 41.465946545194676], [1.2909581144235918, 41.46578324040413], [1.2909022834065744, 41.4656430722656], [1.2904028163700783, 41.465260596422674], [1.290153747443985, 41.46501920303888], [1.2901320666735234, 41.46496024506014], [1.2900620686274527, 41.46496740065437], [1.2903785755559718, 41.465276273030845], [1.2908755787046313, 41.46565681638472], [1.2909257000493606, 41.46578185797901], [1.2908682128649593, 41.465937455327236], [1.290579805922024, 41.46632722967371], [1.2904700498596033, 41.466516726806766], [1.2904476261660882, 41.46661384926621], [1.290324701533739, 41.46673938088721], [1.2901766598629576, 41.46686832187278], [1.2898989263251581, 41.46700659740012], [1.2895503175125176, 41.46723991833056], [1.289332198704269, 41.46729684069024], [1.289012716477172, 41.46762481099506], [1.288780811676932, 41.46802847693984], [1.2887431479463711, 41.468208416815216], [1.2886843315294554, 41.468309325199556], [1.2883376047823623, 41.46864841256232], [1.2879401745443588, 41.46919832294623], [1.287722442284584, 41.469076458993555], [1.2876227844281931, 41.468968242120575], [1.2873195707680525, 41.4684951825234], [1.2872264459386198, 41.46843452949722], [1.2862460398346771, 41.468212320845225], [1.2858395334513526, 41.46806989619004], [1.2855120683914405, 41.467922708424325], [1.2851204221015797, 41.46760711800746], [1.2851655996589986, 41.46754681429705], [1.285253598620013, 41.46725638970574], [1.2856494958760092, 41.46696046311095], [1.2853973757027624, 41.466876181734925], [1.2848974898046448, 41.46654682171007], [1.2846986115679448, 41.466473420691386], [1.2829268664719795, 41.466155252242395], [1.2827542740927187, 41.46610232595963], [1.2823594384860129, 41.46584495832747], [1.2820362750606198, 41.465249631989444], [1.2823708084276153, 41.46529155777439], [1.282636021874066, 41.465174279927595], [1.2827081219760859, 41.465114739492], [1.2829395146866134, 41.46475440177433], [1.2825783247348428, 41.46459264668874], [1.2823728695231176, 41.464569132309315], [1.2821397936041086, 41.46435363049818], [1.28214302155673, 41.46423136359982], [1.2823302676984394, 41.46412814356598], [1.282511896745151, 41.46407870572551], [1.2824977666527506, 41.463947172565774], [1.2820431652856152, 41.463495891093906], [1.2818859835751388, 41.46342193719992], [1.2818743287609862, 41.46349147729604], [1.2815196552256711, 41.46386816492744], [1.2815352084649412, 41.463963871589826], [1.2814195654835037, 41.46422127946909], [1.2812792446720989, 41.46434329891271], [1.2803057189992777, 41.46388650566931], [1.279654760022745, 41.46367979080788], [1.2794459080950702, 41.463531293255194], [1.2797563736017243, 41.463128726649344], [1.279758294413184, 41.4630560688554], [1.2795871451291905, 41.462944438256], [1.279465311232297, 41.46279724249331], [1.279410328377414, 41.46268013944308], [1.2794803802660557, 41.462593909630314], [1.2790876165508387, 41.46244986537757], [1.2786231900951612, 41.46245751043796], [1.2782259191821224, 41.462117133146556], [1.2771765150745316, 41.46157063854188], [1.276910882065646, 41.461156569847695], [1.2769249074388604, 41.46098411569207], [1.2767887536365832, 41.46070862290322], [1.2767299159920429, 41.46039844065015], [1.2765957379027943, 41.46004389570014], [1.2763717050980656, 41.45983185029741], [1.275598492714698, 41.45866916334319], [1.275345737889247, 41.45845668525276], [1.275330971531877, 41.45829100505631], [1.2751600819205167, 41.4582380929532], [1.2752770745345217, 41.45816067597403], [1.2753851295194263, 41.457977738331486], [1.27563178237516, 41.458058717089486], [1.2761570428928808, 41.45845200166245], [1.2762377217953527, 41.45845725963104], [1.275869383086203, 41.45816504944564], [1.2755469942979798, 41.457973590474914], [1.2747888428738452, 41.457874856085766], [1.2744982697834537, 41.457874459772896], [1.2733668374362441, 41.45802294591829], [1.2730410431395345, 41.45800976757532], [1.2725612293320774, 41.45786755080965], [1.2721087538154765, 41.45758387792594], [1.2723079677911184, 41.457340889508465], [1.272509032729838, 41.45717673986041], [1.2726212386726496, 41.45713987528516], [1.272402626858649, 41.45699509135319], [1.2725768202445304, 41.456810542338765], [1.2724234870310054, 41.456822650283655], [1.2722635141494478, 41.456719548696846], [1.2722190732297685, 41.4565893602416], [1.2722063420643974, 41.45635183426966], [1.2730602256537702, 41.455882600021575], [1.2732376554984244, 41.4556616156529], [1.2732523356810002, 41.45554150240043], [1.2732148781644974, 41.45548221426556], [1.2721936112576553, 41.45538771275192], [1.271480144322028, 41.45595245386078], [1.2706749962805828, 41.45564546454905], [1.269965313370325, 41.455706671193084], [1.2698035322115633, 41.455825201485695], [1.269735786066689, 41.4557522162406], [1.269737526089352, 41.45568676146333], [1.2699630978803402, 41.45538913627572], [1.269171338710326, 41.45481780199354], [1.2692113263474571, 41.45437633973557], [1.2695076135040355, 41.45428730564129], [1.2697326626010685, 41.45432896707665], [1.2697779134572489, 41.454081414646424], [1.2690040251545083, 41.45396421134198], [1.2682528309041032, 41.453979837696906], [1.2679630782604114, 41.45394926830683], [1.2675922676387001, 41.45386045829036], [1.267627311978827, 41.45373578874], [1.2674319429344547, 41.453667454727565], [1.2675421335562365, 41.45352176002442], [1.26861978427066, 41.453786127650424], [1.2700203301446795, 41.453739642607225], [1.2702076442734433, 41.453773084009704], [1.2706571919623928, 41.45392683475594], [1.2710085232784218, 41.45385222505331], [1.271312478386252, 41.45390704897845], [1.2720138994575756, 41.45389921142903], [1.2721529083399254, 41.45383563888026], [1.272237123795546, 41.45373449437444], [1.2723539718629782, 41.45369391681008], [1.2728208846029183, 41.45368498309862], [1.2731154500561719, 41.45376884847093], [1.2732510723451134, 41.453774217461905], [1.273499859053414, 41.453665720727415], [1.2736222284132843, 41.45351623988149], [1.2736953635776689, 41.45348067916718], [1.2736853265936952, 41.45344359974401], [1.2735880056302904, 41.453502035483545], [1.2734742259478575, 41.453643629004645], [1.2732427413904177, 41.453745269930714], [1.273124347476751, 41.453740339768], [1.2728300262651406, 41.45365629794644], [1.2723469577332336, 41.4536649889972], [1.272208946877152, 41.453713535066356], [1.272123498813967, 41.453816012084545], [1.2720037691456643, 41.4538704169151], [1.2713179204022031, 41.45387794805881], [1.2710119333533945, 41.45382300352987], [1.2706632326441603, 41.45389774287089], [1.2702218947976425, 41.45374591703507], [1.2700219479376942, 41.453710304083586], [1.2688132282648545, 41.453760122758844], [1.2688914445517594, 41.453443352627716], [1.2689595252955301, 41.453345840683134], [1.26904896395891, 41.4533906006704], [1.2692945885740916, 41.45343275728211], [1.269807889307417, 41.45333158152039], [1.2700028755697232, 41.45336009474967], [1.2708711874027852, 41.45366776824088], [1.271217997487751, 41.45374980743128], [1.2716635155289417, 41.45378937932546], [1.2718047787977174, 41.45378519729377], [1.271897868894926, 41.45372408296379], [1.2719491412288078, 41.45366855955658], [1.2719690936033514, 41.45341756367918], [1.2720200798520513, 41.45336852098766], [1.2721033910225636, 41.453351038143445], [1.2730180118057217, 41.453551667331325], [1.2734168441956624, 41.453514057302044], [1.2737896236227022, 41.45320810064589], [1.2741887829596805, 41.45315806315079], [1.2742729192106292, 41.453109426837294], [1.2743761649931138, 41.45296767444372], [1.274404734586897, 41.452824801496725], [1.2744644249931796, 41.45276345862528], [1.2746890856929636, 41.45272936002458], [1.2749200185295246, 41.45277028893947], [1.2752289762682993, 41.45268143006528], [1.275719488712833, 41.45262645233518], [1.2759322526584542, 41.45243103738806], [1.2764166604049791, 41.45209107317069], [1.2775153227415739, 41.45164285690378], [1.277832000183062, 41.45147907361859], [1.2782965985359453, 41.451394068180484], [1.278975265627119, 41.45132207767033], [1.2794647002333213, 41.450854185887856], [1.2798269943198524, 41.45061740203669], [1.2800856067361388, 41.45056659723531], [1.2802888172794546, 41.450473981475454], [1.2808838885157152, 41.44999460288451], [1.2810929853380997, 41.4499373812042], [1.2811668472508713, 41.4499283972638], [1.2818472450475171, 41.4500715933804], [1.2823124285075695, 41.450127175516315], [1.282635762189415, 41.45039104625195], [1.2829855706838285, 41.45073627998627], [1.2834445078267689, 41.451029193961915], [1.283926832847335, 41.451252285875604], [1.284095933080171, 41.451313624858116], [1.2841491667890836, 41.45130153905369], [1.283431124157172, 41.45099647884331], [1.2830184118904229, 41.45072118813994], [1.2827803499214798, 41.45052398724671], [1.2826000304866023, 41.45030242397502], [1.2822908603483063, 41.450082538821135], [1.2821819752228096, 41.45004866734315], [1.281848101340128, 41.45004368439739], [1.281174278422943, 41.449900856761765], [1.28091182263186, 41.449947733563334], [1.280193476707998, 41.4504984059477], [1.279830649079316, 41.45058782359777], [1.279590651453139, 41.45075870418707], [1.2794705842897314, 41.4507991509413], [1.2789223004261367, 41.45131038655711], [1.2787454720950644, 41.45131512592245], [1.2785383377452728, 41.45136579754152], [1.2782697387499393, 41.45136853648439], [1.2777840190212466, 41.451455477278714], [1.2773529233832128, 41.45166780581231], [1.2768270002587245, 41.45184898875048], [1.2763691008034446, 41.452069644244915], [1.2759444354136216, 41.452359794372185], [1.2757184496397531, 41.452597884512], [1.2753005037772749, 41.452633954944226], [1.2749316261735302, 41.452734344917836], [1.274735411564547, 41.452693216300396], [1.2744813821573657, 41.452710661723636], [1.274384522437575, 41.45275154139122], [1.2743260363318023, 41.45283541983178], [1.2743219953953213, 41.45298784797535], [1.2741315955446453, 41.453152070959824], [1.2737743162653188, 41.453153288371276], [1.2735652222773033, 41.453367759157096], [1.2733742997573287, 41.453488383571354], [1.273068279349097, 41.45352495077574], [1.27207259531416, 41.45331598851355], [1.2719545718831549, 41.45333772347664], [1.2719138421674656, 41.45340178182929], [1.2718905184834042, 41.4536895657227], [1.2717872023476833, 41.45375277813076], [1.2710931660150744, 41.45367173153121], [1.2707199348309426, 41.45358380040673], [1.2702559694893019, 41.453382721876956], [1.2698137195873893, 41.4532788881401], [1.2693231427854224, 41.453398960344956], [1.269097884152435, 41.453374313712146], [1.269050163372321, 41.45335450060448], [1.2693281204573907, 41.45296858562093], [1.269405553133112, 41.452541557448946], [1.269532441153468, 41.452573640283944], [1.2695407727085444, 41.45254845593959], [1.2690566195622945, 41.45243164917863], [1.2684171306252296, 41.45242517489403], [1.2678336614428147, 41.45231983768747], [1.2678060352169014, 41.4522782595387], [1.2678273395175377, 41.452170496263825], [1.2681000885142273, 41.45197590928835], [1.2682653305721918, 41.451632523765916], [1.2683036066802489, 41.4513277623294], [1.2682025739327998, 41.45117420257774], [1.2680546041741698, 41.45111118145357], [1.268071811057102, 41.45107189978718], [1.2685139268318417, 41.451026852209914], [1.2686132029980421, 41.45094016815528], [1.2687567674284588, 41.45071418169319], [1.2688958012184652, 41.45065853508195], [1.2695911437243936, 41.45060783734249], [1.270180206555365, 41.45043890050928], [1.2704065316573117, 41.45031016702336], [1.2706733266122279, 41.45020843669491], [1.2708455110664147, 41.450076460825784], [1.2710551276198214, 41.449783637162284], [1.2714727481526427, 41.449519794191566], [1.2720503446849498, 41.44935382329671], [1.2729862786652493, 41.44894724932717], [1.2734360424168671, 41.44868063477625], [1.2738747202332614, 41.44851617182099], [1.2740664986735721, 41.44837169515335], [1.2741574640030724, 41.447915953853546], [1.2743222376964134, 41.44778305083031], [1.2745940584446587, 41.44770335933358], [1.2749894843330378, 41.44769352875477], [1.275378458189408, 41.44763351650524], [1.2764906624862442, 41.447358717590404], [1.2768515854299332, 41.447205057248944], [1.2774930465352317, 41.446827179616456], [1.2777539947966492, 41.44671471682618], [1.2787173717640095, 41.44646270696783], [1.2789520992593124, 41.44636839897126], [1.2792661668369558, 41.44614801278138], [1.2793910264789004, 41.44601648674357], [1.2798534669332169, 41.445236545639794], [1.2800076661592648, 41.44486406479481], [1.2801758738109366, 41.444718234461234], [1.280053216265163, 41.44421344757084], [1.280096025535528, 41.44390244446251], [1.2802142742283618, 41.44365841082897], [1.2805404620389467, 41.4433818136944], [1.2816135392539363, 41.4429440728775], [1.281815448398154, 41.44282243209898], [1.2822684934737116, 41.44223806319128], [1.2823257069822878, 41.44204283451113], [1.2824234175368394, 41.44118808034484], [1.2823732229706735, 41.44114878060755], [1.2823185737321299, 41.44173693909182], [1.2822200191516686, 41.442224278994566], [1.2817758953518439, 41.44279716191813], [1.2815853018231762, 41.442911856142274], [1.2805107700782685, 41.44335029551552], [1.280169652494327, 41.443639008946505], [1.2800458403597657, 41.443894488335125], [1.2800018571768244, 41.444213670266784], [1.2801236483040306, 41.44470592448054], [1.2799640735194537, 41.44484215625473], [1.279805089197339, 41.44522357250099], [1.2793466510917784, 41.44599699815821], [1.2792280725558967, 41.44612186285549], [1.2789209589367392, 41.44633730907137], [1.2786968807077417, 41.446427272876775], [1.2777325397586405, 41.44667953834168], [1.2774634789877644, 41.44679548238996], [1.2768239540798374, 41.44717257823786], [1.2764686024750096, 41.44732380002017], [1.2753645954088777, 41.44759646989376], [1.2749854770837155, 41.44765500865816], [1.2745863347129065, 41.4476650536781], [1.2742920634400174, 41.44775170397474], [1.2741100305586244, 41.44789893932934], [1.2740197133728104, 41.44835279884391], [1.2738452853406284, 41.448484025316255], [1.2734064784571633, 41.448648846503794], [1.272957798966009, 41.44891520701234], [1.2720281643893259, 41.44931899315546], [1.2714472655488933, 41.44949211992233], [1.2710221947806566, 41.44976152521881], [1.270748011758921, 41.45011894909931], [1.2703818844989505, 41.45028259515653], [1.2702292147227416, 41.450383163639735], [1.2695799068210143, 41.450575693360555], [1.2686475642276995, 41.45060247201678], [1.268187091911217, 41.45065363418148], [1.2676972951440193, 41.450884497597606], [1.2672613211109198, 41.45100466300135], [1.2670569703815433, 41.450986452175485], [1.2662286634956978, 41.450716011615675], [1.2656334921084347, 41.45065092386319], [1.2647535726698291, 41.45063765971092], [1.2646616718420922, 41.45067653439254], [1.2647409712187156, 41.45049488855113], [1.264693663310444, 41.45047318839693], [1.2642977347671573, 41.45044730810714], [1.2641262972265077, 41.45040707127704], [1.264055691191945, 41.4503746611364], [1.2639350420907207, 41.45023458679496], [1.2635807512453072, 41.450142320393724], [1.2633408200652236, 41.44998584852091], [1.2628546893002555, 41.45001607037819], [1.2628091394098295, 41.44999133362083], [1.263212859880074, 41.44998977073361], [1.2632424249426244, 41.44996301603205], [1.2632365515922177, 41.44991392918225], [1.2624786059926418, 41.4495470683262], [1.2618147951530412, 41.449520018758776], [1.2616344561464652, 41.449539810535], [1.2614051044147125, 41.44961524949719], [1.260963442552869, 41.449526968329295], [1.2611107163268853, 41.44944533990834], [1.261783375232138, 41.44936066016303], [1.2620284839613167, 41.449340676054845], [1.2622007738168293, 41.449384707324626], [1.2624533436072378, 41.449376724308436], [1.2637254511488862, 41.44870211724324], [1.2633063295166207, 41.44811430049708], [1.2632274311647587, 41.44808320575018], [1.262876191421617, 41.44824047761697], [1.2626419412670786, 41.448275403600945], [1.2624373099041826, 41.448268078844485], [1.2621824912174702, 41.44822144535061], [1.2618350585167286, 41.44808802959985], [1.2617986981892328, 41.448041994632156], [1.261442907616768, 41.44804679463014], [1.2611940189104314, 41.44830261408148], [1.2607248051741704, 41.44869930794857], [1.259899577609534, 41.44929705447092], [1.260707417186362, 41.44868697558551], [1.2611754054442632, 41.44829134410206], [1.2614096455481851, 41.44805061517046], [1.2610387100391331, 41.44807563539289], [1.2602455746797199, 41.448014466256836], [1.2595432010893186, 41.44850382286086], [1.2594245234928618, 41.44856363475798], [1.2592828266485732, 41.44857995452572], [1.2588665109299209, 41.448457462028905], [1.2586868926885835, 41.44832036244098], [1.258646517734097, 41.44806197039777], [1.258510879451881, 41.44784735105669], [1.2584613561755709, 41.44766673107564], [1.2583036221590083, 41.447468169653106], [1.2581666065107573, 41.44738566193526], [1.2587255398953545, 41.44700024461396], [1.2589990460450473, 41.44718065260887], [1.2592113587271199, 41.44708388857478], [1.2591834647491111, 41.446569071197885], [1.259836023536023, 41.44648743554599], [1.260167058930295, 41.446225831720184], [1.2605359925442217, 41.446149898837454], [1.2605918328010806, 41.446080574224915], [1.2605911798320497, 41.44598851263027], [1.260626640445906, 41.44596509027356], [1.261041451883754, 41.44587003416134], [1.2611581829563447, 41.445918725679185], [1.2613394718518278, 41.44595712978991], [1.2614542407674105, 41.44596724130715], [1.2616297677525583, 41.445939000498306], [1.2620308411541812, 41.44579797749839], [1.262374857423645, 41.44576741329375], [1.2635399840620316, 41.44531321425826], [1.263788490495725, 41.445142770301715], [1.2638704629986053, 41.44494621358272], [1.2639452319410969, 41.44486267624661], [1.2645036738099902, 41.44448460876619], [1.2648822840861431, 41.4442830653295], [1.2659834030045825, 41.44387111375413], [1.266306531890069, 41.443720699583274], [1.2667416894618126, 41.44342705436184], [1.2668364070530658, 41.44333138604257], [1.2669651989322674, 41.44312030618007], [1.2671636512035311, 41.44298566905842], [1.2676390938761515, 41.44272522826249], [1.2680220947068435, 41.4426548872881], [1.2681529176229271, 41.44260128397196], [1.2686715655072756, 41.442291320302004], [1.268852583729549, 41.442042298726], [1.2689661533055057, 41.44197573485999], [1.269052865714545, 41.4418612951289], [1.2691913846042342, 41.44176124010194], [1.2699390037064562, 41.44144210637283], [1.270212686644886, 41.44125995758229], [1.2704517955426937, 41.44104098536705], [1.2706921913203963, 41.44097182341642], [1.2711442326068731, 41.440933489717935], [1.2717433995244516, 41.4409351091419], [1.2720959691401856, 41.44098705855372], [1.2725128696923398, 41.440973866059046], [1.2729991047752443, 41.44086929654452], [1.2723929338149653, 41.44096476883759], [1.2720969711227665, 41.44097185172396], [1.271744729477542, 41.440921078157906], [1.2708820852442493, 41.44092928308003], [1.270686923981227, 41.44095832374042], [1.270441584309703, 41.44102885245788], [1.270198445624173, 41.441250826433155], [1.2699285412475636, 41.44143041999138], [1.269180560883622, 41.441749638286936], [1.269038258596641, 41.44185242853795], [1.2689514337023706, 41.44196659635422], [1.2688381058265705, 41.442033073773636], [1.2686570851827634, 41.44228218536088], [1.2681424553110319, 41.44258959743284], [1.2680155044283317, 41.4426416377832], [1.2676310582451158, 41.44271231724608], [1.2671518512545792, 41.44297477290863], [1.2669508407246803, 41.44311108279529], [1.2667275681338743, 41.44341792458963], [1.2662957035846851, 41.443709277572374], [1.2659740297815312, 41.44385899309], [1.2648727913581714, 41.44427094277401], [1.2645563359348437, 41.44443550452958], [1.2639316993971135, 41.44485391530181], [1.263853718525945, 41.44494118709144], [1.263772995375453, 41.44513578111478], [1.2635291342654114, 41.44530260680137], [1.262765714171462, 41.445578496149835], [1.2623682511927918, 41.44575479372545], [1.2620273653458476, 41.44578468465537], [1.2616226758032478, 41.44592664375685], [1.2613429364100022, 41.44594394184959], [1.2610445815659288, 41.445855940464845], [1.2606195727385776, 41.445951833135915], [1.2605758237730516, 41.4459808045556], [1.260573165938574, 41.44608029190088], [1.2605251552591241, 41.44613883643472], [1.260157918584062, 41.44621398432289], [1.2598261700682334, 41.44647539719242], [1.2597015573109356, 41.446497650419424], [1.2590619789619912, 41.44656390416607], [1.2589337348395133, 41.44655160471777], [1.2584924363785956, 41.44641035836426], [1.2583817954037537, 41.446429399060634], [1.257937869134732, 41.44662804005097], [1.2576376416949266, 41.4466234919975], [1.2573620627618343, 41.446731188272096], [1.2568917576320713, 41.44605015621003], [1.2566482983194927, 41.44612518728453], [1.2562970752890652, 41.44615202225355], [1.2562754190536998, 41.446093508592035], [1.2563583287025537, 41.44611764344086], [1.2567533031085623, 41.446057334872926], [1.2561254415256935, 41.44523007382311], [1.2566606418913056, 41.44510487951007], [1.256852847349574, 41.44510220852674], [1.2569133171579354, 41.445047641812664], [1.2571598835278293, 41.44494581181556], [1.2573056205654738, 41.44474248009594], [1.257418947870868, 41.4446498037188], [1.2575826316630574, 41.44460778903483], [1.2579600820223837, 41.44458017644963], [1.2581607664003056, 41.44453322710255], [1.2589071771754556, 41.444522367535285], [1.2595464645436747, 41.44409880167981], [1.2596883349000227, 41.444039790884716], [1.2600259644141047, 41.444122720048306], [1.2603769381520933, 41.4439835523075], [1.2604501774823555, 41.44400690744229], [1.2606425499379925, 41.4439931539964], [1.2608044481937561, 41.44401784972161], [1.2609133232846512, 41.444091637840536], [1.2609857626627383, 41.444207482638326], [1.260978944091065, 41.44402354624844], [1.2608287468197759, 41.44386977696609], [1.2607360076815264, 41.44382379427291], [1.2601878888958984, 41.443796769238425], [1.2601017074407257, 41.443836897778716], [1.2600083078400475, 41.44396347901655], [1.2599373861490153, 41.44399248945299], [1.2595769120493443, 41.44392254471661], [1.259432412334422, 41.44405753482884], [1.2592715679152564, 41.444123288102645], [1.2591373284142278, 41.44426870113113], [1.2589103066637026, 41.444436668093765], [1.2587795652347638, 41.444450991456705], [1.2582384711162578, 41.444393894452496], [1.2576383522616412, 41.44450721418688], [1.2572816865329077, 41.44465276781367], [1.2567937716626245, 41.44503718315906], [1.2559978274631138, 41.445172025022366], [1.2557274069445366, 41.44491302544751], [1.2554470377098579, 41.44493606864495], [1.2553803115793751, 41.44491560130574], [1.2551026021646765, 41.444642618891294], [1.254866503887231, 41.444193009131325], [1.2548753971676445, 41.443914557044295], [1.254611983451881, 41.443858949532775], [1.2539670038211481, 41.44385510855248], [1.2538472555131592, 41.443954979716615], [1.2535676778682352, 41.443975418331505], [1.2534332664165746, 41.44410759072908], [1.2532811246999012, 41.44400777919315], [1.253188251392463, 41.44405734833057], [1.253008059806617, 41.44397106226216], [1.2531033307183315, 41.44368131256554], [1.2531490263038931, 41.44372262828246], [1.2534356151804675, 41.44379354273687], [1.2535283260299375, 41.44362147550189], [1.2540779946980773, 41.443670888707906], [1.2540994389464746, 41.44358988088243], [1.254186088412792, 41.4435681382757], [1.2545294190971437, 41.44351371850661], [1.2549304403988975, 41.443530972746196], [1.2555640718623824, 41.443372960203014], [1.2559669519468697, 41.443133084130075], [1.2562312497004415, 41.44288741714715], [1.2562642086930516, 41.442764971050465], [1.256419540331362, 41.44270391661859], [1.2565819386737074, 41.44253091726621], [1.256617520224955, 41.44254766927484], [1.2567093107100793, 41.44248583137284], [1.2569344333965218, 41.44224119017345], [1.2570531747078901, 41.44216075563558], [1.2574994042091194, 41.44201790616043], [1.257743405599455, 41.44180120092306], [1.258399520633426, 41.44136555647754], [1.2589319701070518, 41.441247875596325], [1.25925656231654, 41.44112813173564], [1.26015331127959, 41.44068134300475], [1.260627722111713, 41.44053611991764], [1.2606751451090985, 41.440490450933005], [1.260660721449839, 41.44041628512105], [1.260725198575707, 41.44031917370026], [1.2610948032986005, 41.43984027009085], [1.2611872711324028, 41.43962252715626], [1.2612997999259516, 41.43922296081386], [1.2613058053155548, 41.43897986184975], [1.2612641381228886, 41.4388324173767], [1.2613680357296186, 41.438617098804365], [1.2621229420134072, 41.43804286671062], [1.2623842432780958, 41.437687794561626], [1.2624042772858401, 41.43739896704691], [1.2625173255698634, 41.43722602858442], [1.2627372948376048, 41.43710127144964], [1.2632994373781934, 41.4369234913242], [1.263446328317189, 41.43683257658703], [1.2635583278317786, 41.43669456852026], [1.263622787591948, 41.436404524474334], [1.2637025743768546, 41.43631646931062], [1.2641602366259694, 41.43594489746777], [1.2645585753069664, 41.435706093030646], [1.264536989981694, 41.435667217217535], [1.264472293797615, 41.435692091170445], [1.264131587546219, 41.435474748234], [1.2638355374982735, 41.43515800573819], [1.263569751202384, 41.435008349541555], [1.2627188575261463, 41.43500072848674], [1.2625468318487276, 41.434961655916304], [1.262054300491065, 41.43475128593295], [1.261721887457152, 41.434761849094556], [1.2613919713906294, 41.43467886145177], [1.2613017268716369, 41.434687855318124], [1.2611180212417081, 41.43483081183692], [1.2610281725461308, 41.4348294533828], [1.2610147673112635, 41.43445266660595], [1.261283066130437, 41.43412229172927], [1.261444737740608, 41.43399314290008], [1.261548103512913, 41.43383329475995], [1.2617789937726864, 41.433810213715255], [1.2620843305716545, 41.433602892352475], [1.2623726974493157, 41.43358769957929], [1.2628733444915532, 41.433475288518814], [1.263179760156755, 41.433447486254465], [1.2632307431594658, 41.433407184045144], [1.2632500739581862, 41.43329713974236], [1.2633253062244512, 41.43318226510686], [1.2632630190851486, 41.432999922838924], [1.263280484466437, 41.43293290399593], [1.2637773796276814, 41.43270955115788], [1.2641190610124142, 41.43259779720364], [1.2644927836251283, 41.43260406307224], [1.2649646255522982, 41.43253921569886], [1.265091785546546, 41.4324966391064], [1.2650363158064493, 41.432494271177404], [1.2651709562407705, 41.43243595044324], [1.2658720654801965, 41.43179251780355], [1.2663848983018056, 41.43106833212731], [1.2659878409868646, 41.43082375459034], [1.2654762161749673, 41.430688684949594], [1.2652644467607421, 41.43069080526148], [1.2646092078961924, 41.43108615197597], [1.264634629550862, 41.430845957467206], [1.264751634315119, 41.430537515762204], [1.2647247048661139, 41.43021835024443], [1.2644574070463843, 41.430215942905676], [1.2643099126774675, 41.42966509820686], [1.263205448498181, 41.43044492280379], [1.2615915143896859, 41.43028112025101], [1.2616004061341028, 41.43023045493626], [1.2621704982501212, 41.42997236716957], [1.2625326427874324, 41.429743565263614], [1.2626382223035204, 41.4295360166157], [1.2627524880896206, 41.42942479427684], [1.2629428390617794, 41.42937749552439], [1.2632602525930121, 41.42915639225961], [1.263534659914959, 41.429058030814005], [1.2632518107114168, 41.428754550648236], [1.2631222696035904, 41.42851408798219], [1.2633353485522147, 41.42844461866861], [1.2639736503685473, 41.428392461952306], [1.2640917241813125, 41.4282010384459], [1.2642832708523666, 41.428041081857344], [1.2639589932835231, 41.427626367160535], [1.2641035613597074, 41.42740148151805], [1.2644511859524146, 41.427249734699544], [1.2642987419946647, 41.42645814676114], [1.2642299124622558, 41.42630587971965], [1.263740555250392, 41.42594739889788], [1.2633754354579156, 41.42575427431879], [1.263144764648076, 41.42559064593379], [1.264022973995449, 41.42536791500193], [1.2640565525313427, 41.42520332258884], [1.264003902531282, 41.42516722030872], [1.2639380413343402, 41.42438260839057], [1.265341404074209, 41.42421562003392], [1.2659843706848348, 41.42417991511555], [1.2662475537344415, 41.42422360364605], [1.26649400886039, 41.42432954389904], [1.2669406487706796, 41.4242965534718], [1.2672453933460093, 41.42448290265986], [1.267568984383965, 41.42452758827195], [1.2677592668627393, 41.42451820459165], [1.2678764039943047, 41.424500873726835], [1.2681136168580251, 41.42435564477302], [1.2684780513100706, 41.42420080609281], [1.2688354125768164, 41.42411845213647], [1.2698357897902457, 41.424043429548576], [1.2710184879849593, 41.42400635214294], [1.2713128711272903, 41.42405590232054], [1.2715716155423498, 41.424163281914936], [1.2723023375017295, 41.424049237957014], [1.2730621074332096, 41.42408550289919], [1.2740486128240502, 41.424050586957925], [1.275476983446372, 41.42375135162456], [1.275945930720514, 41.423336036259826], [1.276140098769481, 41.42324293127274], [1.2763186945615794, 41.42301015880196], [1.2768543228039133, 41.422561706636685], [1.2773281240479422, 41.422097910135314], [1.2775381694744592, 41.42204223970566], [1.2778819315471264, 41.42185778396557], [1.278916826888464, 41.42150713243674], [1.2792576486221996, 41.421433775708536], [1.2793898977574312, 41.421464666793504], [1.2800759362281575, 41.42133270124715], [1.2804463925820706, 41.42121979724588], [1.2818373956938642, 41.4206324181371], [1.2822261978195362, 41.42062245845841], [1.282650204635487, 41.42047080601521], [1.2837100586625485, 41.41974290287449], [1.284297665585944, 41.419485145635626], [1.2852034385081432, 41.41872719276634], [1.2860641858726638, 41.417896950933745], [1.2864635303482574, 41.417585491549964], [1.2864186083094908, 41.41757833722825], [1.286034288146062, 41.41787813099937], [1.285173660275591, 41.418708374391485], [1.2842727831686511, 41.41946216673402], [1.2836867455499272, 41.41971940683958], [1.282625195715001, 41.42044809508462], [1.2822181058207085, 41.420593514995254], [1.2818289568946641, 41.42060301911357], [1.2804281705072775, 41.42119385469078], [1.2800639865370154, 41.421304870872945], [1.2793914165711635, 41.42143433570845], [1.279261067075816, 41.421404013468326], [1.2791350882845949, 41.421416630096076], [1.2789018635040847, 41.42148015755608], [1.277860576529344, 41.42183269480853], [1.2775245532684167, 41.42201411390624], [1.277301915492896, 41.42207536023179], [1.2768298566894958, 41.4225456678148], [1.2762919008993012, 41.42299615660974], [1.2761169841165863, 41.42322556149665], [1.275926229726186, 41.42331628570781], [1.2755181924673544, 41.42368639809331], [1.2753366208904342, 41.42376014557677], [1.2749529098002166, 41.42381663012955], [1.27427337100394, 41.423995499105274], [1.2740461489947112, 41.42402614086185], [1.2730610794106907, 41.42406107834144], [1.2723013097643996, 41.42402481339786], [1.2715768130839646, 41.42413877075898], [1.2713275762185843, 41.424033875904236], [1.271016352927707, 41.423978578318376], [1.2698316503065752, 41.424010041179116], [1.2688292352879245, 41.4240852132033], [1.268458871537948, 41.4241705238663], [1.268087659528391, 41.424328232760566], [1.2678576120029725, 41.42446951639572], [1.2675709562469784, 41.42449393159647], [1.2672659614622914, 41.42445195804503], [1.2669552958475827, 41.42426326793277], [1.2665045831190658, 41.424296197035034], [1.2661219485097712, 41.424154427569206], [1.2653371472721298, 41.42418222974411], [1.263945273532654, 41.42434921132375], [1.2636467976130503, 41.424260314274576], [1.263405130888532, 41.424114084144044], [1.263318314097243, 41.42410727901801], [1.2633466750351177, 41.42387829766086], [1.2634845998268611, 41.42354792983055], [1.263533291163791, 41.42350777293157], [1.2636634483117752, 41.42346884585526], [1.2640443465640994, 41.42346432275466], [1.2644652203184523, 41.423491210214706], [1.264671987194302, 41.42354125219535], [1.2644722075379966, 41.42346699660498], [1.2636575266767054, 41.42344407714029], [1.2634557333277443, 41.42353524442091], [1.2633649475341755, 41.42379435762804], [1.263319068243562, 41.42340077732938], [1.2644103480858186, 41.42314748375047], [1.2644649483649202, 41.42307885875351], [1.2643232742482604, 41.422952698322156], [1.2643376216080695, 41.4229082398459], [1.2645802183577497, 41.422713470537886], [1.2648011284408878, 41.4228302022309], [1.2659414218436384, 41.42212376345931], [1.266148035459154, 41.421221038635835], [1.266018197618691, 41.420717298224766], [1.2657553415811609, 41.42068883606359], [1.265587009250547, 41.42070566304626], [1.2653238514659748, 41.42088634370195], [1.2645524448440058, 41.42060585104624], [1.264998675594507, 41.420173574535625], [1.2658136134671722, 41.420275029746165], [1.2661713344170604, 41.42028663297741], [1.2660414020520319, 41.420407354920975], [1.2660234915315864, 41.420464369799305], [1.266288955287581, 41.42025084651121], [1.2664658679553826, 41.42017208918333], [1.2669270260867798, 41.42006005085713], [1.2671985633664147, 41.419869949732764], [1.267306979497412, 41.41986527804042], [1.2674090754287037, 41.420008316878736], [1.2676070626695524, 41.42005542912998], [1.2676401642541426, 41.420043588016114], [1.2674307805863652, 41.41998405455708], [1.2673811954639291, 41.419909269617854], [1.2673889494697423, 41.4198606582315], [1.2678402278524152, 41.419854570554385], [1.2680969645504732, 41.419906083942564], [1.2685790144996811, 41.41985425048219], [1.2693923254883641, 41.4198595505099], [1.2696655943097914, 41.419806737170845], [1.2698815051650367, 41.41963353223092], [1.270051196666663, 41.419587896786375], [1.270507213045476, 41.419646905374115], [1.2711393680490253, 41.41967865184899], [1.2715386110063676, 41.41975310126421], [1.2721516637850343, 41.419711061998306], [1.2729276174485216, 41.41973955446047], [1.2736106207297244, 41.419636134261644], [1.2736749255943052, 41.419598188902576], [1.2737258859769134, 41.419436106039385], [1.2737629940061659, 41.41940396281781], [1.2739164449239395, 41.41939761892042], [1.2739302126130234, 41.41937476744354], [1.2737439910381927, 41.419385032999095], [1.273697575529071, 41.41942523295102], [1.2736481243593432, 41.41958454626388], [1.2735975550324727, 41.41961441127329], [1.2729236806313924, 41.41971652733885], [1.2721514423667832, 41.41968782045213], [1.2716319261509235, 41.41973126528549], [1.2711427329489922, 41.419655554278116], [1.269918984682436, 41.41955141116366], [1.2695325567931386, 41.419422566145506], [1.2694233112423348, 41.41941795018957], [1.2693379932017004, 41.41944954225833], [1.2694341026339184, 41.419804875732225], [1.2693807131825108, 41.4198327148923], [1.2685772370024244, 41.41982657205213], [1.2680991416231642, 41.41987819483946], [1.2678410797722135, 41.41982251825297], [1.267146204841568, 41.41985447942854], [1.267511346946108, 41.41960912881529], [1.267409026722909, 41.41960056658262], [1.2674643906043974, 41.41955699572666], [1.2677626822222758, 41.41951266567058], [1.267989953214509, 41.419452678484625], [1.2679812264884562, 41.41943885634455], [1.2674545132784052, 41.41954594840446], [1.2673857959638857, 41.41959220036669], [1.2673924962311363, 41.419614728873334], [1.2674719060478397, 41.41962087891021], [1.2674310797785096, 41.419657733315425], [1.2671783071897404, 41.41980371289885], [1.2669035875547077, 41.4200324963789], [1.2664487021030923, 41.420142647599214], [1.266207001693472, 41.420250331756904], [1.2657530721311239, 41.42023430574418], [1.265845296067316, 41.42004222463439], [1.2657561444753567, 41.41998395586659], [1.265824535924529, 41.41968919524318], [1.2659179192774028, 41.419588188392844], [1.2660025901889542, 41.41924818742366], [1.266170783970519, 41.41918244939198], [1.266203817301559, 41.41902451315835], [1.2656456147089379, 41.418826593601686], [1.2657411058483248, 41.41845747849021], [1.2663243803113808, 41.418545173289395], [1.2665621174976338, 41.41848300032187], [1.2667582549552863, 41.41833806011811], [1.2668918241694067, 41.41840906685818], [1.2669489879771159, 41.41839677786097], [1.2669254092564093, 41.418297795277766], [1.2665879328472163, 41.41812851117969], [1.2668085597539411, 41.417949262751605], [1.2668187578263723, 41.41783574730451], [1.2660375731437246, 41.41736146544759], [1.266914288131593, 41.416879641452674], [1.2680708169745414, 41.41750755573363], [1.2681934673092654, 41.41745337852785], [1.2682707050025268, 41.41737455869597], [1.2667422329386577, 41.41640219653331], [1.2695035603175777, 41.416024751201014], [1.2702567609399127, 41.41619676204208], [1.2718429745213733, 41.41599460867548], [1.2743741398800466, 41.41541452708476], [1.2769170014734084, 41.41588461356828], [1.2804354942087859, 41.416424712534116], [1.2789082870333452, 41.415942339296656], [1.2776753875184168, 41.41538517641135], [1.2762617456850633, 41.41521151960859], [1.2736573072091775, 41.41222841771615], [1.2735409200677341, 41.412268017840596], [1.2734292102398808, 41.412157895919634], [1.2732715957086573, 41.411865862464175], [1.273202600848982, 41.411629471865375], [1.2729175947918412, 41.41129103044891], [1.272775496187652, 41.411402475986534], [1.2723089518692443, 41.41160759048318], [1.2722893386527687, 41.41158018459694], [1.2727460333021865, 41.411381047083836], [1.272877105526914, 41.41127484026475], [1.2718442478882426, 41.41037069364299], [1.2718045603932746, 41.41030623720506], [1.2718068529611462, 41.41024232141503], [1.2719036392513297, 41.410179284869514], [1.2727139455250545, 41.409959068621575], [1.2782470199955884, 41.41407744126373], [1.2782404080058556, 41.41109283825448], [1.2783045176257872, 41.4105587774039], [1.2787378445719455, 41.41045978517789], [1.279101883665849, 41.41032958550743], [1.2792602425513904, 41.41002292168506], [1.2793019846587648, 41.4095789521256], [1.2798451514936826, 41.40960193784108], [1.2800198091063304, 41.40973866505015], [1.2804773496926714, 41.40971019344409], [1.2805299201457387, 41.409545068864325], [1.2806912760258702, 41.409283212993124], [1.2812302719217419, 41.409541480365384], [1.2816542486862137, 41.409687870426794], [1.2816536068989075, 41.40975307211282], [1.2815452321853256, 41.40996132259129], [1.2812998290684714, 41.410275155702024], [1.2811138369040675, 41.410827032505914], [1.2811424421126167, 41.41087654854971], [1.2816597982919646, 41.410989300910636], [1.2817118048293037, 41.41103637420257], [1.2817028640851575, 41.411221246065864], [1.281766512697217, 41.41176172091744], [1.2820329654523444, 41.41224757956339], [1.2820651263433154, 41.41273426198436], [1.2820145059829027, 41.41294823467517], [1.2820152948161159, 41.41348146542687], [1.2820696548011858, 41.41370241027798], [1.2821748348590403, 41.4139565395522], [1.2823321903656422, 41.414191992591746], [1.2828924820259349, 41.414729159034536], [1.283021483941534, 41.414901048249355], [1.2830689341495307, 41.41504857186272], [1.2830337206544231, 41.41521800974127], [1.2829351615140716, 41.41544838510856], [1.2827737895817861, 41.41572420457158], [1.2830832256313671, 41.41645515425646], [1.283066225115837, 41.41670989073042], [1.2831551368046854, 41.41761850025369], [1.2831963020736492, 41.41759110269241], [1.2830963826501283, 41.416709710388695], [1.2831134636842094, 41.41645191270674], [1.2828048750341416, 41.41572511900645], [1.2829628016835934, 41.4154574445071], [1.2830630152040619, 41.41522331083919], [1.2830995906742122, 41.41504758832834], [1.2830497035913986, 41.41489264255054], [1.2829174641999999, 41.4147164717123], [1.28235787106821, 41.414180036386895], [1.2822028173671254, 41.41394804044639], [1.282098872149777, 41.41369699204551], [1.2820452638513715, 41.41347930098213], [1.2820444757301996, 41.41295057377882], [1.2820953446848053, 41.41273624450414], [1.2820625172156213, 41.412243067038645], [1.2817957268198203, 41.411756392779324], [1.2817329042203323, 41.41122088417545], [1.2817419825190555, 41.411030790257726], [1.2816755162418876, 41.41096944992698], [1.2811902834748854, 41.41086807622231], [1.2811441421604246, 41.41082568395159], [1.2813278493488676, 41.41028332046216], [1.2815726211674072, 41.40997073885175], [1.281709152758648, 41.40967013601988], [1.2812511611954838, 41.409511528703284], [1.2805536479019939, 41.409166855905795], [1.2807694976530322, 41.40885762208235], [1.2802166949149516, 41.40871939067983], [1.281129442725721, 41.40718434661506], [1.2805483762142136, 41.40705704340473], [1.2801838629796263, 41.40705159402931], [1.2798350435651384, 41.4069684714105], [1.2798456525250874, 41.40677948127584], [1.2797925084000794, 41.40661268595344], [1.2794831165913736, 41.40634099859761], [1.2791781952327592, 41.405958950414686], [1.2796871665077452, 41.40599817836868], [1.2799611451164872, 41.4060791915616], [1.2815731666039254, 41.406226403001256], [1.2815701595302147, 41.406131693593736], [1.2817676609351423, 41.40576454271436], [1.2814633818685386, 41.405430337743795], [1.2816153407147655, 41.405379466101365], [1.2814778015263169, 41.40524635822142], [1.2811643266416217, 41.40510684288948], [1.2808590630877372, 41.4046561599438], [1.2806757033948073, 41.40480906192331], [1.27960720148872, 41.40502475747244], [1.2795547211802987, 41.404379240699186], [1.279587125727885, 41.404184631819874], [1.2794542528381123, 41.40396107007009], [1.2806099199744647, 41.403633013787605], [1.2804578449402273, 41.403547785262624], [1.2802879164913294, 41.40330466554778], [1.280115686228055, 41.40314455653648], [1.2800308364119266, 41.403018809868854], [1.279981170249634, 41.40281072400222], [1.2808226504760956, 41.40267405140737], [1.2813185756734076, 41.40244457565845], [1.2814247863617463, 41.402567843830866], [1.2818770705526905, 41.40217846824092], [1.2819966236870242, 41.402017585756475], [1.2828941673917051, 41.40133653130122], [1.2830107034135532, 41.40129485662218], [1.2830963006530438, 41.40132873992886], [1.2831361689264378, 41.40145948749993], [1.283262365153365, 41.40159161353321], [1.2833777590486415, 41.40159333563563], [1.2840380605515052, 41.401399172332624], [1.2843146398302336, 41.40136717489539], [1.2845333138099477, 41.40139907877864], [1.28503747025771, 41.40136066003043], [1.28549565624605, 41.40149187358428], [1.2856846302893323, 41.401593317743114], [1.2862543897430032, 41.402149884808956], [1.2864593128143316, 41.402263634815746], [1.2870200950167945, 41.40245608762983], [1.2873923961762583, 41.40269698657965], [1.2875573931229962, 41.40292362959505], [1.2875608187263035, 41.403381060870494], [1.28760652697157, 41.4034809094268], [1.2877991093987575, 41.40371886131177], [1.2879117798774393, 41.40381078942524], [1.2888964689981663, 41.40430290278082], [1.2890485751677958, 41.404428467927204], [1.2891611342389355, 41.404602267644485], [1.2892395202976257, 41.404655944815886], [1.2893430856217527, 41.4047259389459], [1.2896782516967398, 41.40483702644345], [1.2901135917333881, 41.405133612498], [1.290456298058494, 41.40545026162093], [1.2909984501492464, 41.406099618261514], [1.2911787602606193, 41.40624055589399], [1.2916547492824737, 41.40650225653401], [1.2917818885199859, 41.40654918013506], [1.2921067957514758, 41.40659570301319], [1.2923372077515975, 41.40669207703867], [1.2924763957810215, 41.406950485135425], [1.2928640972016243, 41.40722635786759], [1.292987005292221, 41.40734815635235], [1.2932083875949099, 41.40746033718925], [1.2935379202012327, 41.407558900096234], [1.2935591078070732, 41.40751273782067], [1.2931045176684108, 41.40736989591652], [1.2926740730885933, 41.40704952503913], [1.2925203773994978, 41.40692934084327], [1.292437529200458, 41.406707797531084], [1.292384016584139, 41.40665890526457], [1.2921166405769573, 41.406557839253324], [1.2917974023061267, 41.40651869633421], [1.2912079647786694, 41.406217211016994], [1.2910451719621439, 41.406083469143105], [1.2902545626484405, 41.405182364663766], [1.2897058834451613, 41.40480978550728], [1.2893691888332104, 41.40469768457863], [1.2892699725833443, 41.40463063742198], [1.2891978158694677, 41.40458119618195], [1.2890875728304996, 41.40441031321783], [1.2889257490262405, 41.40427667732937], [1.287942591011209, 41.40378548772116], [1.2876481637265789, 41.4034670278236], [1.287605853757277, 41.40337443554763], [1.2876015326545367, 41.402914649096054], [1.28742859657631, 41.40267599857941], [1.2870454878846043, 41.40242755298947], [1.2864813930777594, 41.402233699889536], [1.2862863668615694, 41.40212550162215], [1.2856570209625169, 41.401528685679956], [1.2853947913530583, 41.401419844611446], [1.2850401660495887, 41.40132638318556], [1.2845313391892497, 41.401365002509415], [1.2842099540679612, 41.401340398093566], [1.2836582390011968, 41.401458627041166], [1.2834683086745056, 41.40139364853236], [1.2827101867215847, 41.40063204202607], [1.282391585046855, 41.40019738102677], [1.2827544489434541, 41.39999121742186], [1.2821969045418937, 41.39954064882913], [1.281761433539212, 41.39898822482524], [1.2817206123263212, 41.398794142614015], [1.2818317679590971, 41.39876130575446], [1.2820701303299653, 41.398526533477245], [1.2820373522604547, 41.39834950482555], [1.2828303579493827, 41.39805708103059], [1.2826856200263532, 41.3978523506663], [1.2825732202055686, 41.39745553113082], [1.2823763011109124, 41.39729280952451], [1.2826596047641388, 41.39714562549617], [1.2824045284765315, 41.39670218055532], [1.2831026594801955, 41.396445987753665], [1.2833076396934615, 41.39629763756611], [1.2833973988265877, 41.396282223837424], [1.2834957460285186, 41.39636772766245], [1.2837908240697258, 41.39619558667458], [1.2835834490537363, 41.396007491224545], [1.2839801886496678, 41.3957948034104], [1.2837163187035878, 41.39563108079669], [1.2840869666422776, 41.395341357352066], [1.284605362915139, 41.395392138356335], [1.2851081293317421, 41.395391167886956], [1.285330939179955, 41.39541970465107], [1.2860746761023523, 41.39560741306388], [1.2862982881135518, 41.39561912112611], [1.2864411548299426, 41.3939413294981], [1.2865666770148105, 41.39325163346398], [1.2872374256347978, 41.393225409168416], [1.288635021551687, 41.39287627857327], [1.2890023234508663, 41.39290444021769], [1.289589330651248, 41.39302935691518], [1.2902768168656453, 41.3931037029484], [1.2906039216317486, 41.39317332524913], [1.291082808547032, 41.39317007772973], [1.2911430874295051, 41.393083514142916], [1.2910856120494663, 41.392980879966544], [1.2904666875468753, 41.3927686680267], [1.2903861397238852, 41.3926882083994], [1.290381541175276, 41.39264004208139], [1.2904222082768908, 41.392589846346205], [1.290528522658267, 41.392581428376516], [1.291318164685791, 41.392842742640326], [1.2916021630162888, 41.39300548584521], [1.291725574273384, 41.39303847867509], [1.2918440187529483, 41.39306473686206], [1.2922130531893619, 41.39301311097021], [1.2923824575966207, 41.39303481093581], [1.2927074435746535, 41.39311691119047], [1.2932112870338308, 41.39331182588521], [1.293849372023609, 41.39339109207806], [1.2943177200827651, 41.39353043751815], [1.2946424457837253, 41.39370503600884], [1.2954072297335126, 41.39397126794709], [1.295938821372589, 41.39402030187871], [1.296386512620976, 41.394305162576124], [1.2966016039244752, 41.39464764571894], [1.2967180634285917, 41.39473178523825], [1.297321366031581, 41.39486600101466], [1.297465917128426, 41.394969200295556], [1.2976716999137003, 41.395480967442175], [1.2978577641174416, 41.39611133628868], [1.298497073978245, 41.39703951510381], [1.2985837879585354, 41.3973241613713], [1.2987120522036875, 41.39746963174036], [1.29884952049569, 41.39756515854921], [1.2991841262465202, 41.39766485661965], [1.2993386341540671, 41.39777648729539], [1.2994072682412492, 41.39787387804104], [1.299631377728078, 41.397968072684456], [1.2998529956846927, 41.39801079947297], [1.3000704555041187, 41.398121283418966], [1.3009041276719382, 41.39840921326387], [1.3023567517375279, 41.39844776912203], [1.3026629064615305, 41.39854253365852], [1.3030269931046965, 41.39871435667125], [1.3034440029389964, 41.39879210970529], [1.3038737500354873, 41.39881249810386], [1.3042862676736633, 41.39879164405754], [1.304623221623867, 41.39884759089734], [1.304742518429968, 41.398906093857356], [1.3049958176453864, 41.399170942645], [1.3051378477342117, 41.39938118519789], [1.3059653209480941, 41.40000135399387], [1.3079234252701426, 41.40186995686187], [1.3084608011386072, 41.40205880855625], [1.3085978644051115, 41.402166027025594], [1.3086842746021177, 41.40231672548904], [1.3087542095897393, 41.402683172116696], [1.3089643491208645, 41.40289720797666], [1.3104192802605976, 41.40406554340247], [1.3106638763324197, 41.40414155294122], [1.3111276292514398, 41.4041483581773], [1.312112799813059, 41.40430053237285], [1.312984165391785, 41.40433402681703], [1.313469208782873, 41.40424854177709], [1.313673380297987, 41.404152907235805], [1.3137427054488096, 41.40406736519158], [1.3139530439899372, 41.40392750557212], [1.313991571420943, 41.4038393502482], [1.3140962023161709, 41.40375783372448], [1.3144392698195557, 41.40362487232524], [1.3145190911793125, 41.40355875881669], [1.3146119620464454, 41.40339528944188], [1.315331079175628, 41.40319991635324], [1.3158581480665283, 41.4028300516183], [1.3163392658727588, 41.4028079970533], [1.3163839157336767, 41.40272326313799], [1.3161569934613482, 41.402528180217956], [1.316044806264197, 41.402346580344336], [1.315981354423212, 41.402070304003836], [1.3159681053253112, 41.401902393086786], [1.3160489645940663, 41.40166182588332], [1.3161323404317444, 41.40159711431776], [1.3162016888808061, 41.40145923973786], [1.3161666192611714, 41.40134415590104], [1.3158903206207686, 41.40120374340977], [1.3155601994450787, 41.40111397726084], [1.3152829275870828, 41.40108055358163], [1.3150671543134551, 41.401139542331315], [1.3148962675835942, 41.40151714384076], [1.3148037719254757, 41.401096597762844], [1.3147923221204088, 41.400812886071044], [1.3145822686408273, 41.400252268224335], [1.3145803958458169, 41.40006552328701], [1.3146873577401437, 41.399897932275586], [1.3147657451658727, 41.39985494581529], [1.3151616274064375, 41.399778960214945], [1.3153986833406903, 41.3998544889636], [1.3155036451734197, 41.39982467676603], [1.315479154705714, 41.39974469522646], [1.3153771741920075, 41.39966835716226], [1.3152365366997676, 41.39962054132874], [1.3148152818984755, 41.39958131476832], [1.3145289132502254, 41.399604145076516], [1.314253748678426, 41.399804394392916], [1.3142206739393603, 41.39981129552908], [1.3142113779264286, 41.39977756275683], [1.3143233417372844, 41.39956942779179], [1.314405960547069, 41.399302316459114], [1.314476604415831, 41.399230303878205], [1.3146908388606982, 41.399161201175396], [1.3152922434655194, 41.3991447861443], [1.315539080563687, 41.399161100948916], [1.3158410317720024, 41.39925739470468], [1.3159761131627985, 41.399261173729386], [1.316039602711953, 41.39922040021276], [1.3160976490252219, 41.399061729378914], [1.316201843300639, 41.398941118053415], [1.3161698896360456, 41.39890462185562], [1.3160903156246309, 41.3989797473294], [1.3159906814337667, 41.39919707618259], [1.3159515127821237, 41.39922226312779], [1.3155479227580842, 41.39911979768813], [1.315296068247918, 41.39910322927886], [1.3146798225710563, 41.399119967326804], [1.3144426569249326, 41.39919693048166], [1.3143533161048464, 41.39928884500647], [1.3142701722451642, 41.39955775002996], [1.3141558371105029, 41.39977431687897], [1.314158225820226, 41.399820738530906], [1.3142480186833674, 41.39985484034028], [1.3145508576087592, 41.3996437376307], [1.3148161179684472, 41.39962302996403], [1.3152140149101434, 41.39965885200269], [1.315428849866318, 41.39976566570976], [1.3154388849090362, 41.39979859856832], [1.3154023712874205, 41.399808966964194], [1.3152625792785948, 41.39974693230039], [1.3150560908104734, 41.39973841360159], [1.3147385796554842, 41.39981833923074], [1.3146465993108718, 41.39986887714566], [1.3145256815966537, 41.400058056353274], [1.3145276392952996, 41.40026002455943], [1.31473749504594, 41.40081901832601], [1.3147485151525875, 41.40110083223287], [1.3148529461492964, 41.40157334410136], [1.3148707637046306, 41.40159675339765], [1.3149329440412636, 41.40156532873896], [1.315108820386776, 41.40117077681577], [1.3152880678351193, 41.40112260201605], [1.315545047093952, 41.401154107252935], [1.315867922864065, 41.401241875875066], [1.3161164213382333, 41.40136557859632], [1.3161446487625335, 41.40145840478983], [1.316124803514625, 41.401513508042505], [1.3159987829209674, 41.4016409153277], [1.3159123465591405, 41.40189824865212], [1.3159262327388852, 41.40207391051584], [1.3159925098331675, 41.40236121692375], [1.3161103146758408, 41.40255226647881], [1.3163205572373784, 41.40273080248156], [1.3163011942586382, 41.40276744823083], [1.3158377412012778, 41.40279084212064], [1.3157450789181486, 41.402830828067536], [1.3156880552501558, 41.40291267841652], [1.3153062190005935, 41.40316199261077], [1.3145683665162549, 41.403364837152985], [1.3144723151324471, 41.40353564571997], [1.3144067933933055, 41.40358980913656], [1.314064573743679, 41.40372260272441], [1.3139430932416265, 41.403817292842014], [1.3138479289009293, 41.40395370670952], [1.3136992419611826, 41.40404105778197], [1.3136330065513175, 41.40412277203953], [1.313447603758831, 41.40420967458563], [1.312978425180809, 41.40429232979168], [1.3125756596152183, 41.404286426680116], [1.311817057969262, 41.40422710793661], [1.3111333704517785, 41.404106829632795], [1.3106755911205847, 41.40410011214871], [1.3104397828262033, 41.40402684377078], [1.309025139976854, 41.40285955120666], [1.3088305008997223, 41.40266132563986], [1.3087599680838955, 41.40229946389152], [1.3086644021854765, 41.40213277835397], [1.3085077551287563, 41.40201014004968], [1.3079732390864036, 41.40182196113804], [1.3060233064643683, 41.39996113098223], [1.3052032072762274, 41.399347200581616], [1.3050631303962745, 41.399140044801335], [1.3047977180036507, 41.39886259234254], [1.3046540906144286, 41.39879211168595], [1.3042921244399754, 41.39873201324604], [1.3038734971358612, 41.398753227585566], [1.3034560573044849, 41.398733380984524], [1.303058095494199, 41.39865915154924], [1.3026989702843552, 41.39848974368891], [1.302374424661432, 41.39838921350445], [1.3009223890330632, 41.398355440334385], [1.3001060310188428, 41.398073531032594], [1.299883141319487, 41.39796026477044], [1.2996584227071304, 41.39791695178198], [1.2994612979822788, 41.3978340547138], [1.2993972800958111, 41.39774312729166], [1.2992277438777853, 41.39762064611101], [1.298885143540992, 41.39751560581994], [1.298651464567457, 41.397302284273024], [1.2985658567820817, 41.39702107711783], [1.2979258545260615, 41.39609189765198], [1.2977415735760265, 41.395466509211055], [1.297528633499138, 41.39494022488071], [1.297358017783236, 41.394818265384906], [1.2967569826141072, 41.394684263516154], [1.2966605999998622, 41.39461456248674], [1.2964429250499154, 41.3942702397677], [1.2959608105306124, 41.39398441901744], [1.2954282168593672, 41.39392339088041], [1.2946765686052248, 41.39366257793674], [1.2943493698200552, 41.39348650173476], [1.293869623855062, 41.39334392495912], [1.293227155457195, 41.393263062634404], [1.2927297169414107, 41.393070224631664], [1.292400095187519, 41.39298679463044], [1.2922111449661315, 41.39296264281271], [1.2918495261395948, 41.393014288743174], [1.291632867211851, 41.39296117648607], [1.2913527721388236, 41.39280011261269], [1.2905349827921102, 41.39253117462139], [1.290383004081049, 41.39254314730081], [1.29031452442216, 41.39262769711897], [1.290321912229062, 41.39270634893105], [1.290423562992326, 41.39280765843671], [1.2910342031528346, 41.39301650497608], [1.2910704231462087, 41.39308126376061], [1.2910409660487, 41.39312360992917], [1.2906142943658836, 41.39312439063018], [1.2902937516900739, 41.39305540631524], [1.2896037574816237, 41.39298093302371], [1.289016511556797, 41.39285601285001], [1.288626277363237, 41.39282660938004], [1.2872249547165855, 41.39317649502794], [1.2864030953937704, 41.39319956764631], [1.2860389209394303, 41.393070569183266], [1.2856488385878817, 41.39303539332008], [1.2853501774803089, 41.39308976293969], [1.2850525977551688, 41.393102980916105], [1.284446071546111, 41.39297036416782], [1.2840485602521303, 41.39291732808778], [1.2833210006580376, 41.39262986916989], [1.2832383041065427, 41.39248596246859], [1.2832399769634875, 41.392422397254215], [1.2845947106566444, 41.391683839174206], [1.2842443889955533, 41.391351476436995], [1.2835671212617379, 41.39051650637083], [1.28424642421539, 41.390555098093735], [1.2861832924945011, 41.39092524047843], [1.286636041738047, 41.390960442659555], [1.287124208114922, 41.391081472277016], [1.287803265952165, 41.39113427060007], [1.28803218991597, 41.39105237582299], [1.2885051989957896, 41.39103095170635], [1.2886389252424846, 41.39097601624183], [1.2890623462769126, 41.390683634203135], [1.2895524349920062, 41.39047141439438], [1.2891971542180616, 41.39040930087329], [1.2866032898445627, 41.389734176882996], [1.2868678191769523, 41.38912040418645], [1.28688699050005, 41.388595034456536], [1.2868226569188614, 41.388307379907864], [1.2870078393383129, 41.38836967459886], [1.2870748574891941, 41.388008226182286], [1.2878753414295283, 41.38799482822522], [1.2887915669630947, 41.387927932803315], [1.289221720169312, 41.38799377309468], [1.2891178120310987, 41.38824388663819], [1.289399286039787, 41.38827842647351], [1.2900324165806418, 41.388266307838705], [1.2899202019845815, 41.38809854852501], [1.2900225362411906, 41.38808655904362], [1.2903202752150287, 41.38815763707933], [1.2904007084138895, 41.38821008294583], [1.2904395987750032, 41.388282357557124], [1.2905952750032346, 41.38832060483885], [1.2908355630332917, 41.38824725437232], [1.2910325598640844, 41.38800933072844], [1.2910280281435151, 41.38792207449731], [1.2917920436688295, 41.38761564631782], [1.2926440030222064, 41.38760937453615], [1.292720934276048, 41.38780506559044], [1.2933668220724863, 41.38783086223546], [1.2938233705987208, 41.38779763829809], [1.2938710366055213, 41.38862321729786], [1.294635599290875, 41.38843774397172], [1.2942862790725025, 41.38767209378566], [1.2943467916955134, 41.38711391898361], [1.2940111674596282, 41.38709210343023], [1.293976333913628, 41.38660817461074], [1.295296016259807, 41.386909381704534], [1.295625285357262, 41.3872522978483], [1.2964819641562542, 41.38751880320055], [1.2970216853586316, 41.38764388238159], [1.2976408644526614, 41.387689701291094], [1.298343717992375, 41.38767289411694], [1.2986130397648326, 41.38760941428471], [1.2993048181897924, 41.38708578667537], [1.299725478175279, 41.38689195206994], [1.2998658062260893, 41.386862951456905], [1.3001578555940037, 41.38689095597397], [1.3007498439771852, 41.38687826037827], [1.3020995823017054, 41.387303591387884], [1.3024766821605218, 41.387630170526215], [1.302530015176006, 41.3877454380756], [1.302476153976892, 41.38797225336847], [1.3025061615911686, 41.3880554716458], [1.3031404470188563, 41.38829333564611], [1.3031604754426862, 41.38826823097853], [1.3030824559048653, 41.388232947641555], [1.3025365283496053, 41.38803754519591], [1.3025210479835745, 41.38796138670369], [1.3025756856407344, 41.3877690801377], [1.3025134579187934, 41.387618733711975], [1.300521724846226, 41.385965711216095], [1.3000028105776318, 41.3846286820868], [1.2993927629678343, 41.38405915636677], [1.3003196842203393, 41.38413463949526], [1.3006914774800649, 41.38320311572918], [1.3014783832913757, 41.38356222737672], [1.3017738535914294, 41.38309038243992], [1.3008735051773122, 41.382724913628195], [1.3010443374474976, 41.38237345185163], [1.3008047597607935, 41.382351903687415], [1.3004200356212032, 41.3823702695678], [1.3000526204151208, 41.3823347570697], [1.299431772950415, 41.38219903548431], [1.2986126574897474, 41.38213630857583], [1.2983971442270097, 41.381278614437555], [1.2992101239584424, 41.38125514393849], [1.3001836979811774, 41.381108211032966], [1.300828546417258, 41.38118987995159], [1.3009090304568613, 41.38122682700322], [1.301203536099177, 41.38169702527094], [1.3012998769028854, 41.38175402189741], [1.3017088134847175, 41.38187147328227], [1.3027943803224684, 41.38236189506505], [1.3035324266268504, 41.3825623768124], [1.3037056909282183, 41.382664730795916], [1.3042467001221247, 41.38289112528751], [1.3046491454629323, 41.3830055027105], [1.3054651736451348, 41.3829853656309], [1.3064383887037958, 41.383069317502134], [1.30666066929765, 41.38300178898801], [1.3071161194835856, 41.382944811629464], [1.3076263936071588, 41.382931958814474], [1.3076957282535966, 41.38291001058456], [1.3077822214292512, 41.38277518508249], [1.3078960797766066, 41.38274263273217], [1.3095066264067354, 41.38264551581609], [1.3123981491387424, 41.38230649917662], [1.3126301071612836, 41.382294499450325], [1.3132713287479587, 41.38236487662538], [1.3134758819235153, 41.3823350850973], [1.315906189965196, 41.38142276297509], [1.3167627988846422, 41.38115886591642], [1.3171137783475508, 41.38100637121275], [1.3181821310852082, 41.38064179848664], [1.3182722712147745, 41.38065221343785], [1.3184483630123476, 41.38076134200275], [1.3185574923137822, 41.38078203222204], [1.3190052695822594, 41.38076659406484], [1.3198198080417964, 41.38066815114946], [1.3205464136716325, 41.38076153201692], [1.3209189299882784, 41.38064536863251], [1.3213599163742038, 41.38061028117616], [1.321861113101979, 41.38065199608744], [1.3228414539380449, 41.380639896817236], [1.3236061643009547, 41.38077704818327], [1.323639302297388, 41.38082779095147], [1.3244437723757472, 41.38089769228855], [1.324636984034395, 41.38095085615343], [1.3248608671188578, 41.38115533604637], [1.3249760733123617, 41.3812096107578], [1.3251243042164886, 41.381225910137815], [1.3251423326162222, 41.381189783727585], [1.3249936236112578, 41.381173477409945], [1.3248935434837628, 41.38112626839726], [1.324669120456825, 41.38091952891679], [1.3244544147691717, 41.38086046762414], [1.3236723615036299, 41.38079314479624], [1.3236403726767327, 41.38074422021224], [1.3228489890716473, 41.38060262700407], [1.3218636395601606, 41.380614202921684], [1.3213520498257383, 41.38057206615837], [1.3209088794890755, 41.38060838271082], [1.3205331403356568, 41.380724318872105], [1.319817914907993, 41.38063020341464], [1.31900161181485, 41.38073681703697], [1.3185622121675413, 41.38075201283761], [1.3184690273396196, 41.38073444246864], [1.3182847335193835, 41.380623392607255], [1.318177178273941, 41.38061101171517], [1.3170952098130997, 41.380979798721604], [1.3167457984564592, 41.381131775884995], [1.3158897921997623, 41.381395501498965], [1.3133666929212227, 41.38232592282274], [1.3126330388948029, 41.38226436853357], [1.3123942552396775, 41.38227671849441], [1.3095015383554895, 41.38261571749535], [1.3078899188769904, 41.382712728492095], [1.307753272562642, 41.38275242155178], [1.3077077090843587, 41.38284461487816], [1.3076137352780883, 41.38290358026104], [1.3071140281768276, 41.3829147870936], [1.3066501772351526, 41.38297290178873], [1.3064327089722572, 41.38303933020039], [1.305466900267807, 41.38295548737744], [1.304763362489379, 41.38298223610639], [1.3042633225093587, 41.382858944626165], [1.303730477916846, 41.38263591316765], [1.3035546234400752, 41.38253198981249], [1.3028137247126554, 41.38233083562703], [1.301730059222777, 41.38184089245104], [1.3013225455983313, 41.38172391250969], [1.301239985188548, 41.38167504566943], [1.300924872238219, 41.38116932524482], [1.3004192044397824, 41.38107926488077], [1.3001718520855818, 41.38106714361262], [1.2991216254892122, 41.38122771484154], [1.2978413913531202, 41.380123609124574], [1.2983264062599902, 41.37983579622707], [1.298514265387588, 41.380010521043566], [1.299329850799344, 41.3796246410369], [1.2986964724927925, 41.37897036512726], [1.2993720404583198, 41.37856980397541], [1.29908625032038, 41.37821565161965], [1.2993088650303486, 41.378084466209444], [1.2998303128812518, 41.378642239548554], [1.2995903169728766, 41.378788751395], [1.2997373863032955, 41.37893639035144], [1.2999826964575938, 41.37930687631446], [1.300848327009289, 41.37889073588116], [1.2997454945331588, 41.377757111074985], [1.3007684595096174, 41.37721296742859], [1.3014181627008283, 41.37783747487797], [1.302055045431967, 41.37750685248984], [1.3026808791961344, 41.37710446124667], [1.3020686704607116, 41.37666569655479], [1.3029094044382195, 41.376018414274334], [1.304465831089744, 41.37730874969324], [1.3050160256647731, 41.37705069619969], [1.305668706386695, 41.376833956546385], [1.3056466250982113, 41.376800124763896], [1.3060738477319644, 41.37638235522463], [1.3061914966113355, 41.376299870645944], [1.3065468340656006, 41.37616368510264], [1.3063244871559012, 41.376082594705416], [1.3050858815354236, 41.37522101886644], [1.3059132435607366, 41.37458027261575], [1.3054274128627124, 41.37427128802955], [1.3058325777758555, 41.37400226704629], [1.3051988048450018, 41.37358860143916], [1.304293555765031, 41.37287261901955], [1.30512545266898, 41.372834883513725], [1.3054321522157437, 41.37277986420515], [1.307242824977405, 41.37211232567849], [1.3084055946303925, 41.37159799749159], [1.3089132194645028, 41.37127778004653], [1.3090316798469324, 41.37115423174775], [1.3095739758770655, 41.37074156259291], [1.3095492469330885, 41.37071300684548], [1.3099262412233268, 41.37033438596036], [1.3102741033646883, 41.36980149820826], [1.3109138427370097, 41.36893971116873], [1.3117092018566332, 41.36814406940933], [1.3121659648742914, 41.36785173362137], [1.3122783023266869, 41.367872292161366], [1.3127800740480227, 41.36736930615712], [1.3128439587984422, 41.36727530304283], [1.3109286142383167, 41.36651448011098], [1.311125593028379, 41.36633650354248], [1.3091256186300926, 41.36504559332445], [1.3094949671224119, 41.36467037830897], [1.3095738483043071, 41.3646481187114], [1.3099765876177774, 41.36422519987821], [1.3102843510442983, 41.3641689219827], [1.3105500873093447, 41.36388837371976], [1.3106380646741191, 41.36386129301489], [1.311156725908682, 41.36406868661841], [1.3129106132381823, 41.36520373231494], [1.3129991030263448, 41.365217009423226], [1.3130438623766851, 41.36516902704289], [1.3131390588612237, 41.364890295526564], [1.3136145251114681, 41.3638860267999], [1.313577826551514, 41.363890442815986], [1.3133648282815344, 41.364309851137804], [1.3132989661730894, 41.36429078117791], [1.3130193104552386, 41.365156777582435], [1.312974270767874, 41.36519709975283], [1.3111165646604768, 41.364022070464515], [1.3114180346630029, 41.363723399886105], [1.311651116493136, 41.363878321089665], [1.312062303271807, 41.3634838012871], [1.3111534456704443, 41.36294228788675], [1.3115019022901866, 41.36256937159922], [1.3122568546954574, 41.36298270445533], [1.312740626099587, 41.36250881287782], [1.3127066749893619, 41.36249021056167], [1.3122529003848538, 41.36295067100388], [1.309571214821674, 41.361478814282044], [1.3105701188322254, 41.360265980617775], [1.3104543035074054, 41.36021401991458], [1.3109295600977624, 41.35952798186684], [1.3117175518813688, 41.35990577915852], [1.3140828795683015, 41.36074785311692], [1.314098380729386, 41.36071700552077], [1.312698867165981, 41.36021875355481], [1.3130221769670145, 41.3596937828237], [1.3120040208443693, 41.35926155164945], [1.3124094612855135, 41.35878281887549], [1.3130022273798923, 41.35819757444759], [1.3126224574056469, 41.3579511580077], [1.311848696727128, 41.358550228067024], [1.3115378110671791, 41.35873760893773], [1.31123871645052, 41.358797174608554], [1.3107554431096082, 41.358761441158855], [1.310867718419698, 41.358595624745476], [1.310049956515739, 41.358340408834344], [1.3094722523742108, 41.359449571718635], [1.308873056426564, 41.36043381079593], [1.3078888171713903, 41.361822214746724], [1.3067702222933841, 41.36316188533552], [1.3056907686544388, 41.3643340946463], [1.3055232568347728, 41.36437603337813], [1.3063164021172933, 41.36469199334844], [1.3062272605151783, 41.36477631482247], [1.3054505349997392, 41.36445557683597], [1.3053535423686942, 41.36459290036764], [1.3038968117852863, 41.36593854955564], [1.3034890792738538, 41.3662528368867], [1.3028943356976228, 41.36661795683557], [1.3025669713460344, 41.36669626340504], [1.302143063495748, 41.36671694416651], [1.3013721731617416, 41.366526687383015], [1.3010888729616745, 41.36635866410937], [1.3008987694568226, 41.36619787120609], [1.3005767276171112, 41.36570853418671], [1.300340811374496, 41.364974298535984], [1.300314403718676, 41.364495808483596], [1.3003587403043784, 41.36394513081935], [1.3004136547675773, 41.363709414069625], [1.3006989778391822, 41.363183106974574], [1.3008361794185663, 41.36308388838607], [1.3010069092504224, 41.363042364731854], [1.301368705404613, 41.363082924942304], [1.3021845644525047, 41.363335634418426], [1.302923052249365, 41.363612056627645], [1.302246233461213, 41.36330217403668], [1.3013547086574853, 41.36300321928955], [1.2997609690538001, 41.36238265791593], [1.3001649194449287, 41.36267315855549], [1.3002027822679352, 41.36279396355066], [1.300195749553796, 41.36290798036568], [1.3001524873697452, 41.363150984857946], [1.2999231793199941, 41.3637665731224], [1.2998123616200754, 41.36382582392402], [1.299627222194137, 41.36421859213134], [1.299451547811584, 41.364385785050146], [1.2993963011078722, 41.364624919106134], [1.299453048344303, 41.364778068926626], [1.2997771087719021, 41.365290407189605], [1.2999174205589272, 41.36564619168782], [1.3000116326726758, 41.366142436956764], [1.3002396294382288, 41.366602198215105], [1.300762752689295, 41.367331398878285], [1.3009107395527468, 41.367705039542756], [1.3009457183588797, 41.36812060574862], [1.3007874754407063, 41.368600871907375], [1.2999259025000296, 41.36979448028015], [1.299340112713715, 41.3704658667154], [1.298252257567066, 41.37202963318814], [1.2990667421973625, 41.372363238610085], [1.2997086352437714, 41.37142543646637], [1.2999506890095265, 41.371175642504674], [1.300613896097311, 41.370791733886925], [1.3009912068298104, 41.37073858002299], [1.3016887496433496, 41.37056494872345], [1.301975237746178, 41.37066608991604], [1.302660155018827, 41.370816978636284], [1.3022897631486607, 41.371294026469755], [1.301743579476236, 41.37116013990639], [1.3014526828696245, 41.371609805763164], [1.3018486494761523, 41.37181894249343], [1.301584000136859, 41.37213749169487], [1.301120951913649, 41.371997533670864], [1.3016308200124123, 41.37219006405511], [1.301057575663917, 41.37288920603852], [1.302180941362231, 41.373520613249624], [1.3019270726441439, 41.37372790384011], [1.301580521449094, 41.37387123045868], [1.3011646153519754, 41.374120442203335], [1.3008779334280804, 41.37434778667689], [1.3000404908289223, 41.374836397058694], [1.299643914416048, 41.37502707670033], [1.2994277413497568, 41.375200601587075], [1.2991605412565792, 41.37554261586184], [1.2991737531447367, 41.375591089466276], [1.2989284765783322, 41.37607367296829], [1.2987404423376092, 41.37636047204058], [1.2986239477762078, 41.37664121766948], [1.298525005318345, 41.376789903381116], [1.2984577517215734, 41.37679179097555], [1.2981499744472147, 41.37723597405178], [1.2977934543008545, 41.37788453207275], [1.297549987082378, 41.37813655194981], [1.2971251037287335, 41.37837985581424], [1.2963392961631004, 41.37864645642434], [1.2963604286055825, 41.37867982555844], [1.2961237274585842, 41.37879602487978], [1.295828118198518, 41.37917166177746], [1.2947195584734674, 41.378933663848336], [1.2945885839415758, 41.379030890869394], [1.2944126389748112, 41.37930246412841], [1.294350066816172, 41.379202908322505], [1.2942671230265694, 41.379168802505774], [1.2942734287041622, 41.37935786565248], [1.29433071246994, 41.37953165193519], [1.2945272162242991, 41.379787215302436], [1.2945469689755893, 41.38038612212978], [1.2944957905035752, 41.38065134400535], [1.2940338101130504, 41.381544130835266], [1.293376530499906, 41.38240033187258], [1.2929501163043193, 41.382869405925675], [1.2923022312040418, 41.38346129071246], [1.2918520014739874, 41.38367023702626], [1.2912185896372543, 41.38416064002418], [1.2911260406394551, 41.384283293375475], [1.2911237900762598, 41.3843694581204], [1.2910178157645573, 41.384598290581636], [1.2895570513632608, 41.38556692277654], [1.2882316289180138, 41.38632128910765], [1.287931006784673, 41.386428864023294], [1.2869627348216284, 41.38663855114158], [1.286006049882971, 41.38689884707037], [1.286115134259604, 41.387057826645346], [1.2849901975215732, 41.387398468208914], [1.2845301058622816, 41.387589138673306], [1.2843601230049264, 41.38773152820114], [1.2843076047876811, 41.38785318226151], [1.283323006048156, 41.3882048551875], [1.2833970213871602, 41.38870290824855], [1.2833687724835514, 41.388808320287076], [1.2845944261393745, 41.3884047913501], [1.284528565578835, 41.388539726586096], [1.2845377986465427, 41.38866164045235], [1.284610397430111, 41.38875261403747], [1.2844329175414586, 41.38877951071689], [1.283557273296434, 41.38919015232959], [1.2831337527247786, 41.3892766955982], [1.2830263547078862, 41.38925374582886], [1.2829048925026552, 41.38934254443258], [1.2835741835944754, 41.38922021818625], [1.2841964058944975, 41.38893199103813], [1.2843670856863445, 41.3890136145946], [1.284411979540383, 41.38907111900687], [1.2843902743264488, 41.389232477489], [1.2842946263240067, 41.389340307272555], [1.2837468053068986, 41.38974655275949], [1.2832019366982501, 41.39003557156038], [1.2832380020204552, 41.39008312691225], [1.282658847914478, 41.390302456823505], [1.2823755593114483, 41.39034119125523], [1.2823359873069575, 41.390286017304255], [1.2821151818346104, 41.39031379916364], [1.282156897254266, 41.39037386903686], [1.2818532366965805, 41.39041860293712], [1.2812320953713707, 41.39057406859175], [1.2809948020822617, 41.39069644229614], [1.2803341961130317, 41.39130094815945], [1.2799381357984936, 41.39177880298961], [1.2797904962695474, 41.39186684652509], [1.2796912585951112, 41.3919697548669], [1.2795561495369456, 41.392058620484384], [1.279037483666759, 41.3922733377496], [1.2788365061499947, 41.392469572550006], [1.2785492586824037, 41.392630915020185], [1.2781859899444106, 41.39288975121037], [1.2778937860313802, 41.39303912845293], [1.277508595663661, 41.39313595228386], [1.2771307359057016, 41.39337204884909], [1.2771739900158041, 41.393409986062515], [1.2775375559301394, 41.393180700870076], [1.277912193341886, 41.39308038633627], [1.27822755635022, 41.39292819869302], [1.278909250740875, 41.39247326849583], [1.2789144150734537, 41.39268123424503], [1.278794049673821, 41.3929727947334], [1.2784729444562735, 41.39333376823073], [1.2782906696790741, 41.39334689729146], [1.2778632158836223, 41.39348145999842], [1.2775069809169521, 41.39368653680309], [1.2776570820875885, 41.393750388358924], [1.2779933759846545, 41.39353042558124], [1.278278809861094, 41.39342463122966], [1.2783723897309103, 41.393422964884124], [1.2784675813717212, 41.39335116175107], [1.2785764517709268, 41.39334117182148], [1.2788524327345876, 41.393058425125616], [1.2790612522948377, 41.39269648684553], [1.279177986267907, 41.3932001990774], [1.2793047191209248, 41.39397787666248], [1.2793714876008073, 41.39407669251347], [1.2794825719720737, 41.39413699025053], [1.2802159927236885, 41.39425225513691], [1.2803872342415454, 41.39432651164934], [1.2811443515468421, 41.395594588149464], [1.2812637119007322, 41.39574066536851], [1.2813721696074656, 41.39595529925583], [1.2814708034351034, 41.396352364716975], [1.2812976748531288, 41.39633131808978], [1.2810868358730103, 41.39637500468745], [1.2804777394376974, 41.39662035656469], [1.2799465247858013, 41.3966927625241], [1.2805898353058915, 41.39730972418198], [1.280609098519652, 41.39739575969353], [1.2805817182409145, 41.3974996526423], [1.280741477479146, 41.39773325271619], [1.280558711362011, 41.39783716501723], [1.2804309709162807, 41.3978638981226], [1.2799682792197025, 41.39781870494541], [1.279636096857514, 41.39764161183412], [1.2794391286584257, 41.39739961752822], [1.2791423275028138, 41.39763188887476], [1.2784541049620677, 41.39709900385499], [1.2778195420364717, 41.39679488323542], [1.277334364341431, 41.39671826835643], [1.2773179713096925, 41.396750178202026], [1.2772756850336697, 41.396738916556984], [1.277153672487192, 41.39698379364304], [1.2770020721410467, 41.39718472313418], [1.2768819534915608, 41.39781513650379], [1.2765656479782452, 41.398092500225886], [1.2765873798627954, 41.39823000387952], [1.2767344108579928, 41.39860960389724], [1.276732295944707, 41.3986896452874], [1.2767109734686484, 41.39892188904056], [1.276524395225389, 41.39907915432743], [1.2765239203061065, 41.399210290500804], [1.276844169046757, 41.399648865363886], [1.2769540638190744, 41.39988145339789], [1.2771450998821683, 41.400030950237124], [1.277407170164534, 41.400312653794415], [1.2782485536064234, 41.40135259494794], [1.2779792478247152, 41.401657421392805], [1.2779418556249447, 41.40220386224963], [1.2764335199119996, 41.401934936902435], [1.2763574094994063, 41.402166809880555], [1.2762873771610816, 41.4025491021944], [1.2768933917483798, 41.40257249844804], [1.2772397851162238, 41.402624163360734], [1.277268025253782, 41.40272348414158], [1.2770935014328464, 41.40289524751529], [1.2774536340450624, 41.40301106790634], [1.2774340625266156, 41.40316776838497], [1.2773772478227736, 41.40327157994218], [1.277186256506144, 41.40347795425801], [1.2769182769797764, 41.403677505062966], [1.2771759682748856, 41.40386735672242], [1.2773973089028061, 41.40397533394886], [1.27782677137886, 41.4040980460056], [1.2784528757621374, 41.404380598577546], [1.278253582251846, 41.40464314467369], [1.277864880934355, 41.40489295157964], [1.2778197292694675, 41.404994506021204], [1.2773921406947224, 41.405339740111394], [1.27732626382166, 41.40549214872416], [1.2773796591290272, 41.40557671425814], [1.2780144436546772, 41.40576230281498], [1.2776926937306046, 41.406140286846444], [1.2772645617970493, 41.40588069101382], [1.2766641072524796, 41.40631566033833], [1.2774818241526102, 41.40652822142249], [1.2773574923716062, 41.406701457223036], [1.2772626043637991, 41.406770021191996], [1.2767455985285685, 41.406962418872915], [1.2763279515451265, 41.4071662064185], [1.2762260843657056, 41.40724980133868], [1.2760751600525768, 41.40767771775406], [1.275969247630171, 41.40765613466437], [1.2759438891008479, 41.40761071917975], [1.2758753536707483, 41.4071667236487], [1.2744458243870804, 41.40822452522743], [1.2739997105802778, 41.40787115407403], [1.274040130250263, 41.40779951928476], [1.2733654271737869, 41.407521977813445], [1.2728847550028808, 41.40728580613077], [1.2723402509408588, 41.40785183502725], [1.271803508632169, 41.407700199282694], [1.2733876335415317, 41.40643902951905], [1.2735233874408147, 41.406182473835415], [1.2735145485433936, 41.40610965401687], [1.2734312529411875, 41.40601139750413], [1.2733145986891357, 41.40595308198871], [1.2728941437792465, 41.40560738290704], [1.272469256695293, 41.40562352480593], [1.2714415563470873, 41.407020224987946], [1.271090706508271, 41.406932897609536], [1.2707648733059151, 41.407328004126214], [1.2704863707990324, 41.40788253055628], [1.2703664426055936, 41.4079836781848], [1.2701669859328848, 41.40806561556696], [1.2706890642982556, 41.40845455511515], [1.2700119330286577, 41.408399342247414], [1.2695053321603003, 41.40828859088267], [1.2689921858318425, 41.408127033452075], [1.268775957004457, 41.40801128088997], [1.2677639780976366, 41.40769467326045], [1.2675572293752486, 41.407532949449035], [1.2674922573241785, 41.40744325116933], [1.267560239442106, 41.40735213268258], [1.2674696391794193, 41.407330952533755], [1.2663337858853945, 41.408533581420954], [1.2647889601127553, 41.4100822153878], [1.2605088645552962, 41.41451960176398], [1.2603668739478433, 41.4147335337809], [1.2598638594350728, 41.41595323160407], [1.2598355349338706, 41.41611781242541], [1.2598719528004985, 41.416676620921265]], [[1.3134021812346575, 41.51166115231234], [1.3131788867069838, 41.51182009637303], [1.3127804086469166, 41.51193719461341], [1.3125068580040278, 41.51195948494106], [1.3134021812346575, 41.51166115231234]], [[1.2650363158064493, 41.432494271177404], [1.2644911387290314, 41.432584943328905], [1.2641897818563304, 41.432566799492704], [1.2637695763143462, 41.43268799660972], [1.2632584963335591, 41.432922664230844], [1.263237864419488, 41.43300071391102], [1.2633000490413013, 41.43317792063291], [1.2632264056126266, 41.43329155825883], [1.263208618436905, 41.433397572700656], [1.2631668074051356, 41.4334305375662], [1.2628684506690673, 41.43345684024927], [1.2623718834120787, 41.43356886257488], [1.262078599509851, 41.43358443139951], [1.2617695408488192, 41.43379196670976], [1.2615830384739681, 41.43379320107174], [1.261803529921528, 41.43348254828313], [1.2619757696938978, 41.43307361969906], [1.262220813641598, 41.43294608535815], [1.2623856110599319, 41.432807254788706], [1.2624838305537487, 41.43264724244289], [1.2625912567039965, 41.43220013463346], [1.2629189999301245, 41.43206348989503], [1.263377825188723, 41.43191666851095], [1.2634897646443544, 41.431910788226496], [1.263615049869571, 41.43196996450293], [1.2636325341453085, 41.43207732216023], [1.2637025791474765, 41.43211656944839], [1.2641259990432052, 41.432229423948996], [1.2645872410756662, 41.432481731627234], [1.2650363158064493, 41.432494271177404]], [[1.2773179713096925, 41.396750178202026], [1.2777978197137807, 41.39682500201522], [1.2785220038299265, 41.39718225029271], [1.279042132860359, 41.39758481402743], [1.2794336870631715, 41.39802328216445], [1.2792375315270372, 41.398131315484164], [1.2791167782107133, 41.39831028150936], [1.2785625312664284, 41.398751897572474], [1.2781990320170555, 41.398968302032614], [1.278956757012563, 41.39991448760747], [1.2783010711283624, 41.40026460364051], [1.2781062546823807, 41.40009505637738], [1.2779133000912253, 41.39985050756576], [1.277640336444084, 41.39970473922503], [1.2773252174093406, 41.39947502782351], [1.2772256115144793, 41.39947353611256], [1.2769288746684926, 41.39938577601294], [1.2769047717994972, 41.399460444061944], [1.2769568332641075, 41.39958624235837], [1.2769224367348584, 41.39972452644201], [1.2767518437211454, 41.39943068156049], [1.276566573213631, 41.39919867989875], [1.276563252127508, 41.39909802090085], [1.2767546215560541, 41.39893145994802], [1.2767771240876515, 41.39869076719506], [1.276745667165254, 41.398486915749096], [1.2766303432485964, 41.39822019931984], [1.2766096851368125, 41.39810090609387], [1.2769234420809892, 41.39782944875858], [1.2770454918715444, 41.39719384015372], [1.2771946942264676, 41.39699764845287], [1.2773179713096925, 41.396750178202026]], [[1.3020213883857066, 41.387242904663005], [1.3007630935258179, 41.38684711128967], [1.299786053021741, 41.386839254956556], [1.2992855053191092, 41.3870558677167], [1.2985915445657776, 41.38758063386258], [1.2980398502814212, 41.38766227852793], [1.2973370251795775, 41.38763675078766], [1.2967787158189612, 41.387568318387224], [1.2958703891382557, 41.38730123030307], [1.2956516808606373, 41.38722620797394], [1.2953281663408942, 41.38688734031155], [1.2939745677486711, 41.38657509227913], [1.2939791770594216, 41.386485715405186], [1.2943547442430163, 41.38626961915915], [1.2946599773861769, 41.38654345734245], [1.2954322191396699, 41.38581099515985], [1.2961721955633239, 41.385319625372986], [1.2969223072974367, 41.3858512545127], [1.297263407584022, 41.38570885263136], [1.2975454391427548, 41.38491021706576], [1.2991313760538385, 41.38536547341965], [1.3002944849202973, 41.385492992550745], [1.3004865202377507, 41.38598113374582], [1.3020213883857066, 41.387242904663005]], [[1.297240447428512, 41.38100003159226], [1.2977057748576275, 41.38067419010384], [1.298418872184382, 41.38123876400714], [1.2975546086972125, 41.38126146999537], [1.297240447428512, 41.38100003159226]], [[1.281335230357717, 41.392107718581535], [1.2808643376961706, 41.39267047636639], [1.28091969695564, 41.39270300868091], [1.2802043453187257, 41.39321004914703], [1.2800193867028635, 41.39330230877336], [1.2798079990599005, 41.393330857450074], [1.2794398662199746, 41.39345217193454], [1.2793221705454656, 41.39353372721989], [1.2790731142113358, 41.39244158308895], [1.279132894806015, 41.392279268645865], [1.279594796913421, 41.392098915314655], [1.2798305653867523, 41.391889513112936], [1.280292699351666, 41.39160467797186], [1.281335230357717, 41.392107718581535]], [[1.2606227462197193, 41.41452501683016], [1.2642569400176114, 41.41075999125784], [1.2643694165224797, 41.410844913812255], [1.264609801760688, 41.410862046866974], [1.264736102318083, 41.41093555850687], [1.264943671088889, 41.411268888876066], [1.2651195885476945, 41.41144267663367], [1.2657206776687775, 41.41237865407149], [1.2657422869883002, 41.41249733276414], [1.2656781050273331, 41.4128592643358], [1.2657285707253902, 41.41286470891561], [1.2657308670792, 41.41292680223646], [1.2656836505653477, 41.413734834890704], [1.2655599962924482, 41.41488857691679], [1.2654262552284943, 41.41481108545235], [1.2652985347859802, 41.41479961184365], [1.264119208040508, 41.41483757824081], [1.2633706888106788, 41.41456291743233], [1.263414401681783, 41.41482658367005], [1.2635924070477556, 41.41504345897759], [1.2628290667641946, 41.41498392979229], [1.2623084978691066, 41.415099467830196], [1.2621910226600854, 41.4150627456299], [1.2618668177847994, 41.41540642027885], [1.2616815375889534, 41.41550288264865], [1.2611148434442538, 41.41529300908317], [1.2603181382848463, 41.41508911604526], [1.2604458516580457, 41.41479597625036], [1.2606227462197193, 41.41452501683016]], [[1.2642824033047793, 41.410733804641936], [1.2674617379358204, 41.407479720504426], [1.267560314312267, 41.40760144969393], [1.2677459774067459, 41.40771926171062], [1.2686687732701891, 41.40801083857878], [1.2690402547864457, 41.40818206949152], [1.2695155388090171, 41.40832324153783], [1.2695151420213262, 41.40961422424227], [1.2695537814532425, 41.409830975331765], [1.268807067781962, 41.40992233444833], [1.26858217992152, 41.409992987707426], [1.2692534934897524, 41.41064646141656], [1.2700788518907347, 41.410865224869], [1.2702708216779555, 41.41087189480262], [1.2702797350440675, 41.4109057152945], [1.2700474875360181, 41.41089294980476], [1.2692472895291307, 41.41068185593605], [1.2688580524693978, 41.410291130813874], [1.268568915028512, 41.410050973733874], [1.2680385262058433, 41.41019575327282], [1.2669688796058165, 41.410638647346644], [1.2668438080774482, 41.41060433742932], [1.2663598717251183, 41.410153540940954], [1.266123099234884, 41.41045071824462], [1.265966506788769, 41.41053095703574], [1.2660130865953823, 41.410601464030215], [1.2659361788873806, 41.41070856963082], [1.2650187066585332, 41.41129515042497], [1.2647385948119532, 41.41088686785911], [1.2646232673499254, 41.41083261676131], [1.2643866972665438, 41.4108159916555], [1.2642824033047793, 41.410733804641936]], [[1.2721977871667565, 41.40957608178236], [1.2713281658263555, 41.40960589413999], [1.2713866659736197, 41.4089741162466], [1.2721977871667565, 41.40957608178236]], [[1.2757295167873421, 41.4115833294925], [1.275621096862804, 41.41166105652452], [1.2753937998760116, 41.41148363212119], [1.2757295167873421, 41.4115833294925]], [[1.2626612164264324, 41.421741200873896], [1.262542967280951, 41.421611874819234], [1.2623536263356339, 41.42148751388478], [1.2619482264567186, 41.42135655088987], [1.2625117373566634, 41.42136046654892], [1.2627871992864788, 41.42149964307698], [1.2626612164264324, 41.421741200873896]], [[1.2624400267718348, 41.422165248826495], [1.2619934876613996, 41.423397786975016], [1.2620392848036583, 41.4236593231708], [1.2608796500293802, 41.423827704980965], [1.2607906698217004, 41.42389301170122], [1.2607405099938145, 41.42403294332497], [1.2606698683133477, 41.424106097677885], [1.2602127674038557, 41.42432913435718], [1.2600447232818346, 41.42436613331308], [1.2593565922161607, 41.42443039439275], [1.2592808854043276, 41.42439295024827], [1.2592319673351577, 41.42418144498188], [1.2591115733512215, 41.42417728546497], [1.2590580506942317, 41.424227725449526], [1.259562130714623, 41.42170715638738], [1.260154895811688, 41.42122478516872], [1.260396910674086, 41.42112846745656], [1.260756551544812, 41.421103912742524], [1.261238860979968, 41.42097114065288], [1.2613980389121038, 41.42098354466806], [1.2615619146788077, 41.42107104372148], [1.261603777727794, 41.42124668349256], [1.2616621172200213, 41.421302598309516], [1.2623351868007289, 41.421510383438395], [1.2625132464174895, 41.42162700806307], [1.2626468410241731, 41.42176872546138], [1.2624400267718348, 41.422165248826495]], [[1.2595816612739368, 41.421603150256885], [1.2601665970263594, 41.41880449644414], [1.2601624262949682, 41.41861537074285], [1.2600280459230515, 41.41731983450957], [1.264097363277505, 41.41676368365296], [1.2641191537683043, 41.41679013298834], [1.264230904402745, 41.41674543307367], [1.2634318030363465, 41.41759192878601], [1.2633415084886064, 41.41756777764726], [1.2633169369582475, 41.41752894650591], [1.2633408050405885, 41.41732025301869], [1.2633175952275482, 41.41724379292458], [1.2632520317297995, 41.41718065426708], [1.263156952233468, 41.41714301021548], [1.2630733634236444, 41.41715012455296], [1.2627350399963844, 41.41728255740492], [1.262752328234629, 41.41730731772379], [1.263084003821188, 41.41717739648232], [1.2632277546487782, 41.41720262520797], [1.263303300954281, 41.417322208734056], [1.2632801404476626, 41.41753577670891], [1.263313662263912, 41.417588974150874], [1.263383020756069, 41.4176129893589], [1.2637680093924708, 41.41761555878841], [1.2643129357082559, 41.417547578816574], [1.2637826270766506, 41.41817178522635], [1.26416223733317, 41.418277578631425], [1.2636621370114773, 41.418504218355636], [1.263383502993525, 41.41859674762793], [1.262096923023264, 41.41875476341578], [1.2620610159978438, 41.41883141135689], [1.2620741322239653, 41.41888249941179], [1.2622565972420474, 41.41917041966952], [1.2621986831570438, 41.41948452145475], [1.2620428863199014, 41.41954737856839], [1.261347248330337, 41.41963486669061], [1.2611558574235195, 41.419623511339736], [1.2610205465498727, 41.41966298820269], [1.2608445378924296, 41.419887034599974], [1.2605113820848464, 41.42108084005503], [1.2602494711418801, 41.421138036673696], [1.2601293734732657, 41.42119917935572], [1.2599117008914256, 41.421356306592216], [1.2596886560791698, 41.421571172893046], [1.2595816612739368, 41.421603150256885]], [[1.260016276409867, 41.417321457879446], [1.2599586321123784, 41.41732932270192], [1.2599674180662925, 41.41732812392127], [1.260016276409867, 41.417321457879446]], [[1.261811976350006, 41.45355476103306], [1.2614960671270705, 41.45359376446674], [1.261354762285332, 41.453644319284045], [1.2606107091534013, 41.45355408125482], [1.25998314530102, 41.45332932044719], [1.2596903624298292, 41.4531436737918], [1.259409479851009, 41.452776981018204], [1.2591251009717255, 41.45227702098264], [1.2589684978054143, 41.4518967162563], [1.2589406431983914, 41.45161770780021], [1.259024949112767, 41.45143325955489], [1.2590937857050928, 41.451168955110866], [1.259074610437933, 41.45089665315525], [1.2588614309728943, 41.45044748883743], [1.2584731301233636, 41.449993150421626], [1.2590007130595144, 41.44977830491735], [1.2592369097159715, 41.449921574541555], [1.259581411581754, 41.450066487252194], [1.2599883824857718, 41.45016280102775], [1.2599950691168236, 41.45037844447413], [1.2610697858191113, 41.45044927310558], [1.2612439414449585, 41.45033814771592], [1.2614526278015368, 41.450274560668035], [1.26158169656547, 41.45073595940133], [1.2627402122630542, 41.45226555812589], [1.2629157322142335, 41.45196430836178], [1.2630576663769948, 41.45181819671231], [1.263360091716318, 41.45157074772706], [1.2636296781519654, 41.45142331587094], [1.2636568598127782, 41.451530819628765], [1.2637335488240327, 41.451613490903455], [1.2642318937596715, 41.45177665463726], [1.2648356301636283, 41.45205993414941], [1.2650035346818098, 41.45236339157177], [1.2654030651013761, 41.45286579017705], [1.2648770862493979, 41.45313257403402], [1.2644311084880062, 41.45341164142558], [1.2643394133740715, 41.453564097303776], [1.264036209246801, 41.45369687778968], [1.263501771598596, 41.45373276803213], [1.262851872004322, 41.45371196903337], [1.262382241671341, 41.453598415939666], [1.261811976350006, 41.45355476103306]], [[1.263457796320259, 41.43182149615089], [1.263525487461092, 41.431746768956685], [1.263595417347066, 41.431754399863145], [1.2636378794916974, 41.431926174667474], [1.2635696511965393, 41.431881640614115], [1.2634479883735719, 41.43188412713105], [1.263457796320259, 41.43182149615089]], [[1.261743065826312, 41.43232134798032], [1.261573488774822, 41.43225807754156], [1.26172704934681, 41.43210079376895], [1.262047901231873, 41.4321866112822], [1.2624097037896749, 41.43220892096523], [1.2619716753461776, 41.432320745141055], [1.261743065826312, 41.43232134798032]], [[1.2621603153620324, 41.42549804949235], [1.2613450258699153, 41.42570802657932], [1.2611437071773985, 41.42572272707139], [1.2609269280550164, 41.42564838847187], [1.2598617834505468, 41.42547664125883], [1.2593947304952464, 41.42526070523132], [1.2587918055874612, 41.42518123435345], [1.2588659910305402, 41.42514128526075], [1.259133814864485, 41.42519487800252], [1.2594524466832413, 41.42503090368785], [1.2603508752657593, 41.4248892099353], [1.2611539320364262, 41.42439722436087], [1.2617052767245924, 41.4243734886575], [1.2621603153620324, 41.42549804949235]], [[1.2591468987973238, 41.424817140358], [1.2596796656634541, 41.424722968307805], [1.2601552429682263, 41.424740336661245], [1.260326740612778, 41.424681592729456], [1.2610652123411057, 41.424273387201175], [1.2621384320418874, 41.42422700442574], [1.2621575520693376, 41.42433591833314], [1.2611380286317524, 41.4243653691914], [1.26033074697092, 41.424858731883894], [1.2594354529588512, 41.42499957221215], [1.2591177259558588, 41.42516103820306], [1.2588916213265517, 41.425091233788095], [1.2588693070942647, 41.425044059358484], [1.2589325163599632, 41.424823713061066], [1.2591468987973238, 41.424817140358]], [[1.2555971048324932, 41.442434569578346], [1.2563051634820948, 41.442330733066065], [1.256525905416217, 41.442504582485434], [1.2564660479482233, 41.44258978217741], [1.2562177727838066, 41.44276913078428], [1.2561788472858242, 41.44284618109298], [1.2559298276237962, 41.44305325939288], [1.2558910450171883, 41.443124731917166], [1.255766938556611, 41.443177432312815], [1.2554617528418506, 41.44294303439817], [1.2551548483882708, 41.44254927543036], [1.2555971048324932, 41.442434569578346]], [[1.2585501256803033, 41.42932685895033], [1.2582941402573, 41.429335682729636], [1.2582207321502286, 41.42935979078601], [1.2581533571219135, 41.42940443614301], [1.2580757599730037, 41.42952702218226], [1.2580504511521422, 41.42969498044176], [1.258063689679302, 41.42996971549459], [1.258133287275468, 41.43024503387458], [1.2581680262601385, 41.430328875084825], [1.2583032905032567, 41.43047557652979], [1.258894162673077, 41.43079309932273], [1.2592124780422307, 41.43100480922498], [1.2591235104868166, 41.43105129001241], [1.2589767015858953, 41.43093341744079], [1.2582393141190966, 41.4304915409387], [1.2580455765234169, 41.43028928110856], [1.2579455102861923, 41.4300524116045], [1.2579075112778364, 41.42983539691196], [1.2579487034662813, 41.42950312065371], [1.2580249405389743, 41.42925685194852], [1.258238834733843, 41.42917956384494], [1.2584436773598588, 41.42925283057008], [1.2585501256803033, 41.42932685895033]], [[1.2585183409419984, 41.428147085824556], [1.258497209697739, 41.42788997510525], [1.2582663577613158, 41.42752268503445], [1.2581794734942517, 41.427316819349244], [1.25821075022112, 41.427230194896815], [1.2582917627820016, 41.42717647874125], [1.2587835346643135, 41.42714401891368], [1.2596918161291755, 41.42716775891123], [1.2603872184277474, 41.42721322168255], [1.2604129770150747, 41.427243514660766], [1.2604211951345972, 41.42743323723419], [1.2604678894961454, 41.42747276381524], [1.260472258210649, 41.42784274917116], [1.2598677580848945, 41.42835025351423], [1.259624523321553, 41.42832991022746], [1.2593531064225711, 41.42856260258623], [1.2595695121640564, 41.42863306547633], [1.260199969171516, 41.42868214475975], [1.260188347673423, 41.42911754950318], [1.2603422459184073, 41.42992492668725], [1.2603532100018702, 41.430119374380176], [1.2600638969273006, 41.430533735336645], [1.2592329917042382, 41.430994041046525], [1.2589095184231305, 41.43077829002392], [1.2583164922340822, 41.43046523821021], [1.2581850674539985, 41.430322648093444], [1.2580824024560238, 41.42996810742406], [1.2580692257023904, 41.429695534997975], [1.2580940865181982, 41.42953090255377], [1.2581685629340027, 41.42941313304237], [1.2582978321310838, 41.42934978961856], [1.2585683785940094, 41.4293424472835], [1.2585394111939476, 41.429284453704085], [1.2583936861151603, 41.42919785121648], [1.258917951292386, 41.42924406402066], [1.258921557783189, 41.429301673603], [1.2588420213118763, 41.42941180109607], [1.258856207653778, 41.429454168801826], [1.2589802975832596, 41.4295669194049], [1.2588614059662622, 41.429411914406565], [1.2589392356494826, 41.42930743549878], [1.2589339137478799, 41.42923340713612], [1.2582746247528178, 41.42915245421744], [1.2583826748012812, 41.42903672866888], [1.2584731994944158, 41.428788424225985], [1.2585183409419984, 41.428147085824556]], [[1.2580217432353655, 41.42630483107364], [1.2587299221556008, 41.42526685522241], [1.259339725229155, 41.42532652494783], [1.2597714823094106, 41.42553751372126], [1.2603765577768782, 41.42567555330033], [1.2600924667786217, 41.42628950425172], [1.2589575709459029, 41.425856840217854], [1.2588363979377792, 41.425747371744826], [1.2587757148134595, 41.42644207167228], [1.2616432629096859, 41.42724625426277], [1.2604589719358934, 41.42742128879391], [1.260451971020506, 41.42723527751981], [1.2604088144021326, 41.42718427542207], [1.2596935547195074, 41.42713851232491], [1.2584404622624765, 41.42712477371783], [1.258274057852712, 41.427149369644894], [1.258176352298264, 41.42721400172295], [1.258157748297839, 41.4272655104777], [1.258050128659074, 41.42702483369155], [1.2579976640969486, 41.42668645511266], [1.2580217432353655, 41.42630483107364]], [[1.2591787521950102, 41.42420694015483], [1.2592435897684737, 41.42441382257308], [1.2593074553672117, 41.42446000451423], [1.259412417575657, 41.42447294184912], [1.260056170785379, 41.42440350559461], [1.2602327608680288, 41.424364654338405], [1.2607052578669586, 41.424134194408765], [1.2607877169947699, 41.42404869893019], [1.2608365356710725, 41.42390991792305], [1.2609030314847174, 41.423861834948944], [1.262045927001046, 41.42369743328791], [1.2621341831992277, 41.42420235098287], [1.2610550737236754, 41.42424972552009], [1.2603097165586536, 41.42466034881468], [1.2601443772802259, 41.42471702418642], [1.2596745827928593, 41.42469821208986], [1.259324648983017, 41.42477524116602], [1.2589394054100733, 41.424798777752606], [1.2590268338871555, 41.424397305999314], [1.2591218402804896, 41.42421851299986], [1.2591787521950102, 41.42420694015483]], [[1.2614839759648548, 41.43472051365138], [1.2617180896659081, 41.434787551813756], [1.2620468992564295, 41.43477747463469], [1.2625335088690264, 41.43498550343341], [1.2627132703247823, 41.43502622406968], [1.2635553494294, 41.43503227096162], [1.263809933221083, 41.43517563329994], [1.2641063469388982, 41.43549220120882], [1.2644433947153966, 41.435707597535604], [1.2641645576192657, 41.43588605667962], [1.2636529653756718, 41.43629617511198], [1.2635731674520234, 41.436402604420614], [1.2634713531560666, 41.436715502727075], [1.2634028859841298, 41.43680543997516], [1.2631798862931767, 41.436913759838326], [1.2627085805036493, 41.43705147918251], [1.2625358820799764, 41.43713164501597], [1.2623279638037745, 41.43739709802338], [1.2623586543994314, 41.437588150482036], [1.262336497073934, 41.43767392293138], [1.2620822796349003, 41.43801919428125], [1.261325308059939, 41.43859456580158], [1.2612131267019446, 41.43882426041427], [1.2612549761579979, 41.43898728981936], [1.2612487923412408, 41.4392191318012], [1.2611381211304882, 41.43961187633353], [1.2610475704780786, 41.43982505463231], [1.2606429158057075, 41.44035692975167], [1.2605176842086738, 41.4402638846502], [1.260324091488163, 41.44023411555121], [1.2595539947648602, 41.440255254397144], [1.2590393826645045, 41.4400685005802], [1.2588659230232018, 41.439880960498556], [1.2583818652335081, 41.43973348207644], [1.258031738362451, 41.43969828072387], [1.257752849915707, 41.43963082699127], [1.2581753519140084, 41.439546705902806], [1.2586206872179193, 41.439539934542076], [1.2588166826911058, 41.439269088353406], [1.2591897717556586, 41.43893327516342], [1.2593513163273102, 41.43874657262119], [1.2598604184915416, 41.43845379759669], [1.2593812702892822, 41.4380017844851], [1.259624147370794, 41.43752601135459], [1.2593463774750715, 41.43749334555685], [1.2592230938593314, 41.43743068670742], [1.259187840907712, 41.437374849968954], [1.2590533646074096, 41.437354800410105], [1.2589242318813854, 41.437287094333016], [1.2589454895522545, 41.436818510186825], [1.2589838466545051, 41.43675820330888], [1.2591298036334755, 41.436724830390794], [1.259440503490814, 41.43672097616385], [1.2594909174288238, 41.43676037926026], [1.2599758211899157, 41.436691782633524], [1.2606639576892, 41.43595964723196], [1.2608333608744455, 41.4359894102256], [1.2610392791733722, 41.435799142855124], [1.2612604879845655, 41.43544382270697], [1.260782824996112, 41.43530888529715], [1.261076410368891, 41.43487413704092], [1.2613173512204754, 41.43471232043764], [1.2614839759648548, 41.43472051365138]], [[1.2566982630374997, 41.441368883375766], [1.2562334346410415, 41.44112441155107], [1.2561199671459886, 41.441115219791804], [1.255894842253309, 41.441029031506304], [1.2561463689528694, 41.4409425952231], [1.2563796710077861, 41.44079021639378], [1.2565720453176024, 41.44053463118368], [1.256827112179401, 41.4403784381226], [1.2570378265717308, 41.44018861113848], [1.2573944243295105, 41.440438555449546], [1.2566982630374997, 41.441368883375766]], [[1.2567630586956733, 41.441394274548614], [1.2576018747843392, 41.44024092742832], [1.2578563983451696, 41.4399393549576], [1.2580390201396434, 41.43981088875582], [1.2583406678984266, 41.439792484720655], [1.2587664147708144, 41.4398914333555], [1.2590885586626195, 41.44015877479465], [1.2591489722778342, 41.440186885969325], [1.259176181985932, 41.44014514494696], [1.2592394367927966, 41.440152047003394], [1.2595805573773766, 41.44030042127874], [1.260382721694387, 41.4402707602812], [1.2605322435519852, 41.440314814407095], [1.2606077464011043, 41.4404098995955], [1.2606213282336944, 41.44047972931021], [1.2605976179313032, 41.44050251877688], [1.260127146091021, 41.44064816161123], [1.2592426969652075, 41.44108261654553], [1.2583726646735345, 41.441331373457984], [1.2577061795222628, 41.44177433648401], [1.2574737377605985, 41.44198401116801], [1.2570247178902791, 41.442128259380254], [1.2565947863752789, 41.44248472586904], [1.256072227069322, 41.442071221691215], [1.2567630586956733, 41.441394274548614]], [[1.2816590956547422, 41.396506136555026], [1.2820421424180057, 41.3964049435055], [1.2823192629697706, 41.39676495238691], [1.282096568258057, 41.396772795680185], [1.2817183561735508, 41.396885860414855], [1.2816590956547422, 41.396506136555026]], [[1.2811896128674296, 41.395561037458236], [1.2822735690309672, 41.39492474508875], [1.28266670334279, 41.39524892587857], [1.2818099286395608, 41.39574773984838], [1.2814106393312628, 41.39587535050941], [1.2811896128674296, 41.395561037458236]], [[1.280600445167987, 41.39449209675602], [1.2809809635455578, 41.39430944065489], [1.2813630543551364, 41.39405340337684], [1.2819806402715055, 41.39456576092887], [1.2809962062084037, 41.395229298149275], [1.280600445167987, 41.39449209675602]], [[1.2645713806450156, 41.4174893297563], [1.263580072532219, 41.41760029202289], [1.263862929428189, 41.41750178674588], [1.263993249942988, 41.41737540311547], [1.2640420633696954, 41.41702072122128], [1.2642837443280974, 41.41673821416912], [1.2649683803918903, 41.41664468753606], [1.265287822773146, 41.416839460092], [1.264667870306525, 41.41744709678479], [1.2645713806450156, 41.4174893297563]], [[1.2640036958465257, 41.41702365491152], [1.263960473765759, 41.417361577976244], [1.2638382583409544, 41.417480157696616], [1.263613273199521, 41.41756674654328], [1.2634710537436362, 41.4175872972809], [1.2640036958465257, 41.41702365491152]], [[1.2610401131604139, 41.41967859601951], [1.2613486048442553, 41.419655783564664], [1.2620500011815996, 41.41956775194961], [1.2622152913746176, 41.419683107758054], [1.2623586935987343, 41.419730579744986], [1.2628027922880964, 41.41980078772033], [1.2630535985820037, 41.41988608481534], [1.263159310297301, 41.4199873892495], [1.263237832191157, 41.42019321523772], [1.263190589972091, 41.42025519099947], [1.2631697604120546, 41.42052490799973], [1.2631165036570213, 41.42064641961166], [1.2629223370856144, 41.42084254782269], [1.2626635805790993, 41.420970052623126], [1.262614821067232, 41.4210260605617], [1.262664934705338, 41.421157149596226], [1.2628680643496286, 41.42140638040478], [1.2628382796939892, 41.42144186871241], [1.2627381185492161, 41.42145098424511], [1.2625232375920739, 41.421328575158675], [1.2619953546840537, 41.42133033193862], [1.2617414649641032, 41.42129767269658], [1.2616437493805412, 41.42123305646708], [1.2616013770281773, 41.42105407640232], [1.2613157220303692, 41.4209293388908], [1.2607481967480003, 41.42107172129811], [1.2605405274644024, 41.42107830849972], [1.2608710334154491, 41.41989410043995], [1.2610401131604139, 41.41967859601951]], [[1.2695150368801789, 41.419604695540606], [1.2699360467033052, 41.41958031025296], [1.2696470755846998, 41.419783130293986], [1.2694650368548654, 41.419820563085345], [1.2695150368801789, 41.419604695540606]], [[1.2698665618919, 41.41956989774901], [1.2694975733255787, 41.419586418680105], [1.269455690233011, 41.41973521567103], [1.269384141882118, 41.41947356491069], [1.269524665476652, 41.4194583855949], [1.2698665618919, 41.41956989774901]], [[1.267976596800882, 41.451104872664736], [1.268200009776024, 41.45121658700485], [1.2682348027271466, 41.451263497050995], [1.2682628826952018, 41.45135101770923], [1.2682276609378629, 41.451626462257316], [1.2680677035731556, 41.45196019973601], [1.2677947247909782, 41.45215442289342], [1.2677610040007736, 41.45223840076849], [1.2677838999871525, 41.452309270542955], [1.2675396899197848, 41.45220066477534], [1.267395807705559, 41.45217742080452], [1.26688069382107, 41.45222099919731], [1.2665441437972866, 41.45219476494141], [1.2660854614920927, 41.45207913573423], [1.2658476790658053, 41.45197206441331], [1.2671723437289653, 41.45103718875872], [1.267976596800882, 41.451104872664736]], [[1.268199692388343, 41.45068399742643], [1.2689089434590393, 41.45062801897801], [1.2688235289212448, 41.45063916295236], [1.268708380740384, 41.45071048097793], [1.26855595309205, 41.45096362519731], [1.2683925825049032, 41.45102502522795], [1.2680851936164161, 41.45102336886736], [1.267966775091701, 41.45107356047526], [1.2673558617247969, 41.451014999804016], [1.2677190741073399, 41.45091184669103], [1.268199692388343, 41.45068399742643]], [[1.266017673998253, 41.45559148694127], [1.26584088226547, 41.45558539853677], [1.265613641593862, 41.45542822209544], [1.2660776471012758, 41.455542397786395], [1.266017673998253, 41.45559148694127]], [[1.2697744135197309, 41.45756077407674], [1.269723060777764, 41.457582879254595], [1.2696119643398167, 41.45755067844579], [1.2693043643308803, 41.457263139653314], [1.2690639946293307, 41.45712189497581], [1.2690148701344406, 41.457059998004254], [1.269195866757055, 41.45679557433416], [1.2700984511565738, 41.457162224954935], [1.2697744135197309, 41.45756077407674]], [[1.2665498688656451, 41.45408443205693], [1.2656188800569055, 41.45404050128997], [1.2652265521311885, 41.45435036963309], [1.2651080525998177, 41.45452007550642], [1.2651887041958652, 41.45464315696739], [1.2654789007282137, 41.45479191650043], [1.2656560538049817, 41.45517549459764], [1.265858875558906, 41.45523808944919], [1.2661983384281543, 41.45542073133156], [1.266260950684857, 41.45551976157269], [1.2661887839732588, 41.45554569461978], [1.2660785813386874, 41.45548485709566], [1.2657876203266845, 41.45543652018052], [1.2655404788258626, 41.45534326345599], [1.2649243346121042, 41.45506160185355], [1.264343506060365, 41.45470840939156], [1.2635995615939122, 41.45452821229753], [1.263640501544265, 41.45443416678102], [1.2635911058484948, 41.45419869836576], [1.2636643604644315, 41.45410054716525], [1.2638389488105006, 41.45396465519123], [1.2646861048873252, 41.45369515701311], [1.2650126041406784, 41.45343374136626], [1.2652900691593443, 41.45332326770803], [1.2661119998871653, 41.45336673232938], [1.2666374400188685, 41.453358345838296], [1.2666317666520408, 41.45358938021786], [1.266679048605857, 41.4539630731388], [1.266737869645681, 41.454047094363375], [1.2665498688656451, 41.45408443205693]], [[1.2674505520970407, 41.45596930060772], [1.267628096379132, 41.45610032506989], [1.2677171707528785, 41.456253344826074], [1.2677015318361915, 41.456310123612425], [1.2675647255220568, 41.45628608571266], [1.2670856852227017, 41.45602108779513], [1.2663580894139073, 41.45579711058147], [1.266308240401624, 41.45576726647849], [1.266265192111356, 41.45567988003316], [1.2664343688617017, 41.45566621772199], [1.2667377697703277, 41.45573302922019], [1.267164138599705, 41.45584447161073], [1.2674505520970407, 41.45596930060772]], [[1.2653199091950187, 41.4562657713485], [1.2653994516413483, 41.455985587751094], [1.2656626138071712, 41.455832654689786], [1.265499354072683, 41.45628468602164], [1.2653199091950187, 41.4562657713485]], [[1.2873164793985867, 41.47123380918874], [1.2871547559638166, 41.47173165358438], [1.2871538463508603, 41.47197563956678], [1.2871241476757336, 41.47206202464966], [1.2866126119610248, 41.47268282672327], [1.2865248264884752, 41.47288300519634], [1.2860485936475494, 41.472481221687715], [1.2854702678001428, 41.47187751296058], [1.2851838254437093, 41.47166806255705], [1.2848395817266178, 41.47154799944841], [1.284938609851072, 41.47141184950806], [1.2851549041017964, 41.47136121328866], [1.2856197024706113, 41.47093742441652], [1.2857899636406525, 41.47082034963745], [1.286103545815597, 41.470699376037295], [1.286535690190658, 41.47061015702104], [1.2868346141285152, 41.47044113584183], [1.2869777824106874, 41.4704432640948], [1.2873076006127915, 41.47061561676738], [1.287560722579952, 41.47068522748495], [1.2874592695163432, 41.4710454377224], [1.2873164793985867, 41.47123380918874]], [[1.2793555257781675, 41.47068276781894], [1.2793570842712245, 41.4705468756055], [1.2794458097000085, 41.47052919837255], [1.2798334606359507, 41.470592192074015], [1.2801810064820651, 41.470609455147034], [1.2802212024689417, 41.470710664408934], [1.2805065366856014, 41.47044931497696], [1.2806487589756461, 41.470133580124205], [1.2809950953008562, 41.469788655860484], [1.2816174103904692, 41.46954035209721], [1.2816265020005326, 41.469568139429995], [1.2810973712714229, 41.469765685632524], [1.2809698941670427, 41.46985412028305], [1.2806838917989989, 41.470145454213124], [1.280539189870958, 41.47046439455124], [1.2802362467557196, 41.47073953163637], [1.2801929859983938, 41.4707451895634], [1.280148556105521, 41.470636531236444], [1.279388148355683, 41.47056769620461], [1.2793924850133116, 41.47067539466371], [1.279554973883439, 41.470961275827854], [1.2796689657556384, 41.47103900020862], [1.2799132104562283, 41.4710772406696], [1.2798719919089685, 41.47110076286769], [1.2796525889573995, 41.471065055632664], [1.2795654086975978, 41.471019527046685], [1.2793555257781675, 41.47068276781894]], [[1.2902513677911374, 41.38656018666715], [1.2899839031227622, 41.38646596433961], [1.2901870739437256, 41.38625196127902], [1.2906859745324604, 41.38608116134631], [1.290888061172174, 41.385938525950436], [1.2909676203677907, 41.38592521726526], [1.2910452938243187, 41.3860428107324], [1.2907496726927972, 41.38627495025822], [1.2909378630184214, 41.386651537260875], [1.2902513677911374, 41.38656018666715]], [[1.291965156797454, 41.38534670631661], [1.2919263460635297, 41.38556401237089], [1.291578236726143, 41.38559000782925], [1.2915194275497242, 41.38549284830993], [1.2919161626195506, 41.38521267344603], [1.291965156797454, 41.38534670631661]], [[1.2927469674188143, 41.38465592701915], [1.2940304797161493, 41.383351091546494], [1.294227736625646, 41.383015258507086], [1.2944668115152018, 41.382433519976416], [1.2951399630249898, 41.3832726895602], [1.2947684134123254, 41.38345480567477], [1.2945382064593116, 41.383358349473625], [1.2942206510419165, 41.38364340056988], [1.29449611231634, 41.38381582790396], [1.2943844788181869, 41.383982786254016], [1.2949976244457395, 41.38447780978244], [1.2941887180630505, 41.38491572853177], [1.2943792654573008, 41.38513436453916], [1.2940887272449668, 41.38527768329531], [1.2936768612543648, 41.3848740906063], [1.2931722284888039, 41.38512781562372], [1.2927469674188143, 41.38465592701915]], [[1.295931381690593, 41.3791647247141], [1.2961942296652986, 41.37916014665445], [1.296262995096833, 41.37919205953957], [1.2960865997280204, 41.379412197976826], [1.295871004309332, 41.37932451762685], [1.295931381690593, 41.3791647247141]], [[1.289097019967003, 41.47491282597367], [1.2887788488719518, 41.47506175556314], [1.288744548955429, 41.47506358696438], [1.2886744590704755, 41.47493725665653], [1.2890496807702307, 41.474772963603655], [1.2893983751603015, 41.47480670328314], [1.2893224672935615, 41.47485601325803], [1.289097019967003, 41.47491282597367]], [[1.2855866259969468, 41.47515526223904], [1.2853030264451009, 41.47515633892657], [1.2852277066983155, 41.47512233578312], [1.2851910933361268, 41.4750504229183], [1.2852147568171475, 41.474955986217054], [1.2854814812072255, 41.47489879678621], [1.2857940971124198, 41.47497454049008], [1.2857477446585823, 41.475090827808685], [1.2855866259969468, 41.47515526223904]], [[1.2956225197697293, 41.38310302546377], [1.2953487218409687, 41.38288523403242], [1.2955997203087737, 41.38278545660619], [1.296297936631745, 41.38288928852872], [1.2967389291789044, 41.382859609949286], [1.2966197987212895, 41.38348357131448], [1.2958786984404242, 41.383258500635364], [1.2956225197697293, 41.38310302546377]], [[1.2926082087929482, 41.386303076435766], [1.2927988536767288, 41.3863988593132], [1.292874895869522, 41.38653707617047], [1.2924354731394974, 41.38681194144325], [1.2920182486373122, 41.38648059055918], [1.2922217787294805, 41.38617088493525], [1.2924558184992185, 41.386034293826775], [1.2926873613436214, 41.38612563995101], [1.2926082087929482, 41.386303076435766]], [[1.2994569357197652, 41.48948889453326], [1.2995198918286635, 41.48947791585297], [1.2992998907725712, 41.48951647958624], [1.2994569357197652, 41.48948889453326]], [[1.2996996571506723, 41.486702026748524], [1.2997900303093661, 41.48673191515379], [1.300123682442017, 41.48673432601413], [1.3002876544861421, 41.48668891829049], [1.300367300016805, 41.48655183835017], [1.3007477702564445, 41.486339222139534], [1.300879628291563, 41.48633090262153], [1.3010934971757289, 41.48641602165087], [1.301342551004249, 41.48669468420831], [1.3013590462596478, 41.48773721590541], [1.301476379672994, 41.487904407369996], [1.3018015004366374, 41.488119252133394], [1.3017988974478256, 41.48837023826255], [1.3018761735799906, 41.48863591451327], [1.3020947964540197, 41.4889198003886], [1.3015066738216292, 41.489212042466725], [1.3012838816261971, 41.488996096598775], [1.301298213660278, 41.4888922777036], [1.3012809877484648, 41.48884095365024], [1.3012261550789948, 41.48881231202994], [1.301005008439692, 41.48876725234371], [1.3007285048252941, 41.488832790539135], [1.3003753655441685, 41.488250949037884], [1.3001673628231505, 41.488110788167965], [1.300298623868003, 41.48806129860729], [1.299929845204754, 41.4871247952949], [1.2996996571506723, 41.486702026748524]], [[1.296323512453072, 41.48445427997406], [1.2978285494115378, 41.484604818868874], [1.2981761567872399, 41.48470516319082], [1.298434556785692, 41.48483193247378], [1.2991088493874028, 41.48541160005337], [1.299382780214301, 41.48569603450649], [1.2994283208493145, 41.48591494721903], [1.299380277517962, 41.48615373238503], [1.299393042226665, 41.486242730016876], [1.2994905059014037, 41.486409089238535], [1.2995905070102984, 41.486496764870026], [1.2998165109633073, 41.48660332669798], [1.3001080230621072, 41.48662772205771], [1.300309932744056, 41.486579002122944], [1.3002991649064195, 41.486628921785325], [1.300116307748466, 41.48670485423161], [1.2997234137970024, 41.486677608823115], [1.2992892813356405, 41.48628965750206], [1.2991415307633767, 41.4858383839923], [1.2981181241732693, 41.48502342626225], [1.2978824248949514, 41.48476134711566], [1.2976637412727232, 41.484778375615136], [1.2962885156235677, 41.48465623845191], [1.296323512453072, 41.48445427997406]], [[1.3027403920076293, 41.48780192292601], [1.303849100197095, 41.4881702661649], [1.3030554244809693, 41.48850460904076], [1.3028343390396564, 41.48852143624241], [1.3026349365450105, 41.48847832187507], [1.301847888546271, 41.48807220019687], [1.3015381713833145, 41.48786839146327], [1.301435475418536, 41.48772321317474], [1.3014308842859783, 41.48683019310639], [1.3016739340161434, 41.487169383245], [1.302100248004408, 41.48754099757274], [1.3027403920076293, 41.48780192292601]], [[1.3007118984912895, 41.48618557332144], [1.3008748093160676, 41.48627237609129], [1.3006450949681931, 41.48630798177441], [1.3003967780259766, 41.48646868924997], [1.3001831730929398, 41.48655722746154], [1.2999546328594473, 41.48657078200551], [1.2997351852846593, 41.48650665021115], [1.299554278579064, 41.48637517528999], [1.2994696411784226, 41.486231343120956], [1.2995062000993292, 41.48591871096276], [1.299474209333355, 41.48571296871885], [1.2999172900893785, 41.48593244543543], [1.3007118984912895, 41.48618557332144]], [[1.3049645096113425, 41.3714573908166], [1.3040380069978859, 41.37084755766624], [1.3045928448638904, 41.37006769526004], [1.3046543613712085, 41.370120933346065], [1.3055598169014417, 41.368707350341566], [1.307546023705173, 41.36646127470852], [1.3064774867374167, 41.365991324257344], [1.306237296385816, 41.36626296161932], [1.3069527065654234, 41.36523162452597], [1.3079779860887992, 41.36557114121533], [1.3081753996676775, 41.365602687162706], [1.3094279612954258, 41.36613675048971], [1.309947349543883, 41.366260934050466], [1.3125217633953534, 41.36726959140681], [1.3122623428462514, 41.36755050241472], [1.312063248227181, 41.36769467300064], [1.311419175204013, 41.36804551255546], [1.310665083785629, 41.36887274290582], [1.3101478900811887, 41.369559333487345], [1.310165925627227, 41.369587790797105], [1.3099597624869637, 41.36983831390388], [1.3097241226479215, 41.37026692537435], [1.3096273745009674, 41.370387645433276], [1.3088398369397756, 41.370920828728636], [1.3084782450873371, 41.371341461122306], [1.308231821473148, 41.371502492962655], [1.3070077812419727, 41.37199546703764], [1.3063830924969504, 41.372186145744664], [1.305967226078633, 41.37239809054313], [1.3052436468844226, 41.371680827265465], [1.3049645096113425, 41.3714573908166]], [[1.2990299978191504, 41.37620703858183], [1.2993629458687739, 41.375760158188044], [1.2995616733371387, 41.375434515181645], [1.2997456555432128, 41.37524358087566], [1.300965812077804, 41.374536523209656], [1.301554739779404, 41.374099451179084], [1.3021799309609086, 41.37372956412307], [1.3026705264647087, 41.3733348998456], [1.3029808759753454, 41.37321761149321], [1.3037533395037473, 41.373746729711094], [1.3033398432849388, 41.37405975999826], [1.303856279034774, 41.37440099531276], [1.3034038534632195, 41.374698049608234], [1.3029648242694682, 41.37435065384241], [1.3020127629106328, 41.374980445654195], [1.3021965507158262, 41.375137090192865], [1.30105837003456, 41.37597497976026], [1.3004331255471167, 41.37553709922409], [1.2994107334443208, 41.37643216679424], [1.2990299978191504, 41.37620703858183]], [[1.308591227507253, 41.365575109956225], [1.30871128649946, 41.36539429978804], [1.3096365331123627, 41.366023712818816], [1.308591227507253, 41.365575109956225]], [[1.30287075720928, 41.49094043790993], [1.3026438046773419, 41.49057122909181], [1.3030268357048758, 41.490954540540834], [1.3030348137620364, 41.49105274427147], [1.3029112322396423, 41.491142881659506], [1.30287075720928, 41.49094043790993]], [[1.3002013538678017, 41.48935848712387], [1.3001997878124185, 41.48935882425304], [1.3000214456253651, 41.48939005854066], [1.3002013538678017, 41.48935848712387]], [[1.3002400098033207, 41.48935068205224], [1.3002782600483873, 41.48933548524807], [1.3002013538678017, 41.48935848712387], [1.3002400098033207, 41.48935068205224]], [[1.30206127858476, 41.48897397783605], [1.3020427713675544, 41.48961860432335], [1.3019711942678436, 41.48966231205769], [1.3015263010919211, 41.48923106689697], [1.30206127858476, 41.48897397783605]], [[1.3020712168183026, 41.48959812816222], [1.302110685622546, 41.48894894741201], [1.3022058038801576, 41.48924704179449], [1.3021715862440868, 41.489483960562126], [1.3020712168183026, 41.48959812816222]], [[1.3114300648954986, 41.51218578757761], [1.3116818583667447, 41.51218921493993], [1.3113525534710633, 41.51229570493987], [1.3114300648954986, 41.51218578757761]], [[1.3256128019286613, 41.52105863345762], [1.325603578622306, 41.52106309268032], [1.3256151134978207, 41.52105751533837], [1.3256128019286613, 41.52105863345762]], [[1.3270455472414389, 41.53259054873858], [1.3272669247794346, 41.53234913708467], [1.3272904364938156, 41.53225076318249], [1.3267379385031912, 41.53131213161739], [1.3262965309352885, 41.531212304635794], [1.3258831456749685, 41.53103452819061], [1.3252887343113597, 41.5308345639287], [1.325026494015952, 41.530661778121114], [1.3242303487216867, 41.53002104664238], [1.3237388566878663, 41.52971187924102], [1.3235151323611256, 41.52943111347794], [1.3229952120947226, 41.52925762764427], [1.3227785311060318, 41.52914052911802], [1.3229542427227743, 41.52865329518658], [1.3233877339324849, 41.52776828667013], [1.3240004335526683, 41.52676564626921], [1.3244152764357415, 41.52631422595031], [1.3246308834716933, 41.52600356619099], [1.3248187739687225, 41.52584264336451], [1.3252287637224358, 41.52559750281104], [1.3257913900020968, 41.52537331347924], [1.3260465926289116, 41.5254650272401], [1.3264947396104318, 41.52569735075155], [1.3269185530058096, 41.52602758865338], [1.3274039109814477, 41.52631827468156], [1.3275594170354124, 41.526469781875974], [1.3276573714176947, 41.52662234320265], [1.3276894468392486, 41.52673116325692], [1.327666617377573, 41.526872960715956], [1.3277970357560047, 41.52678866123484], [1.3279390440713719, 41.526784872072724], [1.328093517883918, 41.52686484841995], [1.3281720921676259, 41.526964617015594], [1.32819359175445, 41.52708877507909], [1.3280636866548907, 41.52739051000894], [1.32807205231682, 41.52747989043995], [1.328285639492155, 41.527819945875066], [1.3287333494871074, 41.52817727063192], [1.3288557940570354, 41.52832829545684], [1.328898641716062, 41.52843781214969], [1.3288539998167035, 41.52922707177889], [1.3287843903255925, 41.52942169514575], [1.328918976177721, 41.53093159274105], [1.3294027712906562, 41.53095429123291], [1.3295954041165265, 41.530995819996335], [1.3300817240806273, 41.53136748551222], [1.3308382427455254, 41.531752795103415], [1.3311428681445183, 41.531858270659264], [1.3308388179981008, 41.53201967894609], [1.3303096404286525, 41.532190782609185], [1.329456326145082, 41.532632525414705], [1.3290013329438646, 41.5328040704196], [1.3280811362004328, 41.5332682488069], [1.3278413725860323, 41.533348346143306], [1.3276757091308442, 41.53331594345204], [1.3273181787532158, 41.53312835642815], [1.3270232223270995, 41.53315468828626], [1.3270455472414389, 41.53259054873858]], [[1.3282041327876752, 41.51980544805036], [1.327623087771047, 41.5200864857821], [1.3270411839114682, 41.52036786832366], [1.3282041327876752, 41.51980544805036]], [[1.3305420368608543, 41.51867478096328], [1.3285400405431744, 41.51964307274398], [1.3282377482931513, 41.519789183903136], [1.3305420368608543, 41.51867478096328]], [[1.3307132149886711, 41.51859199558147], [1.330585552053278, 41.51865382118827], [1.3305788406460979, 41.51865698187029], [1.3307132149886711, 41.51859199558147]], [[1.3307349363916396, 41.5185815025988], [1.330753381609128, 41.5185725832993], [1.3307970662908268, 41.51855151075646], [1.3307349363916396, 41.5185815025988]], [[1.3230438204846195, 41.52230082706379], [1.3231439466127641, 41.522252384440236], [1.3229676025808987, 41.52233772466251], [1.3230438204846195, 41.52230082706379]]], [[[1.2688999410562676, 41.40874920512974], [1.268514366755885, 41.40878889198469], [1.268088556829017, 41.40887948770324], [1.2681085191065964, 41.40893419099963], [1.2686778986344591, 41.408807476169336], [1.2690232744628827, 41.408830863871096], [1.2690154451569986, 41.4087742716867], [1.2688999410562676, 41.40874920512974]]], [[[1.2883235498829746, 41.286507526067], [1.288450998711703, 41.28727423260317], [1.288478386596956, 41.28736858563648], [1.2885049952728296, 41.287364833498074], [1.288285683838678, 41.28599634117564], [1.288281706362348, 41.28580109462786], [1.2883167288150845, 41.285731268785675], [1.2893359125909627, 41.2849545891625], [1.2906467172571885, 41.28438669238041], [1.2911201346540018, 41.28508457560563], [1.2909343177304224, 41.2861191876209], [1.2908596400665606, 41.286281200190636], [1.2908461939097893, 41.28643034094296], [1.290935670065598, 41.28703317475405], [1.2912607093834276, 41.28784838455951], [1.292033692358263, 41.28758324108853], [1.2918505646151615, 41.28641327193177], [1.2929450486282428, 41.28567397262798], [1.2933508612633113, 41.285452377483445], [1.2937763045608357, 41.2850819971363], [1.2927854023165148, 41.28477105803418], [1.2928001159133464, 41.28361537355225], [1.292394086087915, 41.28383651327469], [1.2922111790750694, 41.28363366230993], [1.2926668977952867, 41.283425685883344], [1.2930057887762365, 41.28332469267397], [1.2940587807777575, 41.28280508907136], [1.2942049328102514, 41.283167636237735], [1.2942807119185635, 41.28346302688652], [1.2943514316430045, 41.2839111958618], [1.2943753460719252, 41.284309041071396], [1.2944788053959773, 41.28417420422896], [1.2944826633869704, 41.28429658011713], [1.2944178352088944, 41.28513554720071], [1.2941226879859027, 41.28633968235486], [1.2944524174930279, 41.28604993703195], [1.2952307121629034, 41.286850414719694], [1.2955305567586515, 41.287034276062286], [1.295987613466621, 41.287252624875315], [1.295996804144454, 41.28720232026407], [1.2972211340163748, 41.2856930698105], [1.2973275126128367, 41.28563411481557], [1.2976486839347008, 41.28535134934739], [1.2977224286081506, 41.28522453689116], [1.297744469420243, 41.28524485903144], [1.29767296000029, 41.28536377816663], [1.2973477582628845, 41.28564999691053], [1.2972427090977627, 41.28570834108426], [1.296011883657027, 41.28723776194054], [1.2961948810388468, 41.28731406059872], [1.2961845114380075, 41.287340838808404], [1.2965958380284954, 41.287504009733894], [1.2970890562291035, 41.28791195190668], [1.297119194287964, 41.287905642393696], [1.2978863049651856, 41.28843994759113], [1.2976367496101533, 41.289173861378316], [1.297401546161739, 41.29005390899775], [1.2986732299662942, 41.29054747909402], [1.2988091552362693, 41.29048685059443], [1.298740185191388, 41.29057592165813], [1.298799201523921, 41.290581120684614], [1.2987965610213272, 41.29061308715987], [1.2982974440958455, 41.29071549769671], [1.2974111770057177, 41.291111954394104], [1.2984461704099661, 41.29112806756787], [1.2987839246080746, 41.29117773678409], [1.2989077636538915, 41.29111813328234], [1.2988898846931132, 41.29104390632961], [1.2989233406700635, 41.29103912754013], [1.2989557730606618, 41.29116405935405], [1.2991038146626348, 41.29121632777435], [1.299066721841649, 41.291430512687384], [1.2991793160441156, 41.29165529335831], [1.2992952493880259, 41.291796412474596], [1.29976793427913, 41.29229541697413], [1.2999459545861245, 41.29241831853672], [1.3002389020594138, 41.292543019530534], [1.2999793893366067, 41.292625746140565], [1.2994342243253916, 41.29272641393732], [1.294848073596965, 41.29281927172891], [1.2970065627190241, 41.292811496960894], [1.2973658023893273, 41.29297209742984], [1.2994719887607484, 41.29344746265606], [1.2991520561969263, 41.293998667316636], [1.299040354296077, 41.29408276551167], [1.2984412889350645, 41.29438628594434], [1.2979815901787841, 41.2947820270672], [1.2977109004084884, 41.29512417228897], [1.297610990663028, 41.29534274166631], [1.2975706530753355, 41.29575945558989], [1.2975093062952059, 41.2959647241312], [1.297165849944512, 41.29633992897064], [1.2970279980489579, 41.29641436074923], [1.2967890296581412, 41.29705187501069], [1.2967168130928717, 41.29742685896988], [1.2976767715196251, 41.29739259924865], [1.2978840246744086, 41.297414309781885], [1.297831489525405, 41.29784561064473], [1.2964822941948775, 41.29778278158072], [1.295424623314012, 41.2976705673219], [1.2953502450522307, 41.29813739227947], [1.2944472896472325, 41.29803682815807], [1.2943326486101747, 41.29853133844742], [1.2967259233162616, 41.2988717613232], [1.296677514724914, 41.29934149347566], [1.295937068916546, 41.299219296807244], [1.2949441788207936, 41.299113441617486], [1.29487167591553, 41.29956309007843], [1.2952739733146525, 41.29961255506971], [1.2951626848080826, 41.30031320154671], [1.2952662019503636, 41.30032383233673], [1.2951989713374799, 41.30190126612265], [1.295210166863703, 41.30153087392552], [1.2942921239558594, 41.30151727505546], [1.294283589783019, 41.301267287598726], [1.2929581595815969, 41.301224945392775], [1.2930059690626625, 41.30091688622514], [1.2914369919136708, 41.30080642188334], [1.2900420795744576, 41.30074977387562], [1.290127608841264, 41.30097343352145], [1.290609640414658, 41.3010436407145], [1.2910240022767208, 41.30117562599056], [1.2913804988282667, 41.30117253823665], [1.2915264087140137, 41.30198445559234], [1.290227622096917, 41.301978146082966], [1.2903710682539324, 41.30280615110082], [1.2900422311866668, 41.302842878887404], [1.2898996254467363, 41.30274186035096], [1.2897925064370488, 41.30271811519961], [1.288782264224914, 41.30276741375646], [1.2880459746697843, 41.30244869008451], [1.2875434782069608, 41.302151721103606], [1.2875676407567842, 41.30219603598011], [1.2879273074603101, 41.302414408577654], [1.2887342103968444, 41.30277795824575], [1.2888946921817763, 41.302793675243414], [1.2898514064283002, 41.30274502142015], [1.2901806955259736, 41.3029380710825], [1.2910836293187256, 41.30314675545869], [1.2918735121483043, 41.30359136580587], [1.2927765711782997, 41.30383723869278], [1.292874889100359, 41.30390084716587], [1.292991838699863, 41.30407444010859], [1.2932812577828878, 41.30434039309343], [1.2944111935278537, 41.304653924908884], [1.2925296635931207, 41.30470304884725], [1.292880185190808, 41.30543359752404], [1.292979657045376, 41.3055173992332], [1.293733649162044, 41.30540661856301], [1.2937313224659495, 41.30543171426066], [1.293009782140003, 41.30554396707853], [1.2929637743584537, 41.30554013209341], [1.2928611643036028, 41.30545322585994], [1.2925617395980935, 41.30535087498341], [1.2924190892944807, 41.305351910913615], [1.2918389950136526, 41.305554976403464], [1.292045085365684, 41.305819155099115], [1.2914227245171446, 41.3061630948177], [1.2915181545736933, 41.3062689910659], [1.2907117919817304, 41.306605245524246], [1.2896643171395137, 41.30681081445006], [1.2896377254124296, 41.306667384353446], [1.2896534584327142, 41.30647198105593], [1.2889123196374657, 41.30484758756481], [1.2878292593353844, 41.30510179031954], [1.2883792007820076, 41.30643398511442], [1.2882615590031572, 41.306483738668724], [1.2887458629543986, 41.30757313799365], [1.2910856749255097, 41.3070172002276], [1.291479978465302, 41.30747530821374], [1.2930513337198857, 41.30717976167114], [1.2935244359670932, 41.30766748985261], [1.2907369326216749, 41.308204222798565], [1.2907455761466462, 41.30823002179478], [1.2934449535838446, 41.307710446643405], [1.2938609417958895, 41.308616077262876], [1.2906680516818059, 41.30930947239756], [1.2896727805512094, 41.30964128724674], [1.2896903043633403, 41.309670100611726], [1.2908528243762598, 41.30929680995848], [1.2943391664357837, 41.30855029790213], [1.2945883005214263, 41.30894201740496], [1.293243706698837, 41.30932174300176], [1.2935752146625135, 41.31004507610251], [1.2945250909739574, 41.309694450145145], [1.295045929684774, 41.310565776901925], [1.2937716623622655, 41.310922771274434], [1.2932926891774843, 41.3111585080053], [1.2931617676169918, 41.311254384735165], [1.291360702447503, 41.31186123422387], [1.2895376723871506, 41.31261238936548], [1.2884792642060594, 41.31293064486955], [1.2890932462436824, 41.31343111913165], [1.2902586227048003, 41.31453776895689], [1.2912093195201764, 41.31506466693658], [1.2917652254972456, 41.31543914969892], [1.2922207450041294, 41.31557236774229], [1.2923097362981044, 41.315628001957414], [1.2927749162515403, 41.316164979330075], [1.2931246916517969, 41.31632644335639], [1.293786483986217, 41.31708511371893], [1.294045607356691, 41.31750256712064], [1.2943125382612408, 41.31757929790091], [1.2944326114965572, 41.31765727873631], [1.2946459315315855, 41.317893186886735], [1.294910259219708, 41.31806986236426], [1.295380878832309, 41.318500439907645], [1.295922458385438, 41.31889946473803], [1.2961004194010886, 41.318942902689166], [1.296285881623781, 41.31892312616086], [1.2963714925494496, 41.318943488957046], [1.2966311327010382, 41.31912639614468], [1.2971038278842846, 41.31957411109019], [1.2972560265101905, 41.31979055500005], [1.2977327257129316, 41.320663381788314], [1.297754326226582, 41.320866543896216], [1.2978177497389989, 41.32098205392203], [1.2981697255143028, 41.32137745266076], [1.2984404607057924, 41.321556732309936], [1.2981363974483802, 41.3216526707015], [1.2980945823298693, 41.32200630613176], [1.297773845769173, 41.322178103425955], [1.2975256652822502, 41.32225685239557], [1.2974702808721414, 41.322135426336445], [1.296924082659997, 41.3222016533008], [1.2970507355844803, 41.32290375319941], [1.2960428688816552, 41.32288676601095], [1.2959789992876898, 41.32282511158656], [1.2957715943246468, 41.322448330687486], [1.2957224931061273, 41.322434362867234], [1.2946596293991475, 41.322579399468914], [1.2947199336209925, 41.32259902816585], [1.295718681971703, 41.32245223078003], [1.2957559218097325, 41.322462870405076], [1.2959795710400182, 41.32286736389126], [1.2960372709560457, 41.32290442733025], [1.2968417997192634, 41.322902282225606], [1.2973075385419461, 41.32294826150084], [1.2975343113064028, 41.32291171486044], [1.2978784676519757, 41.32292364711624], [1.2981919813710483, 41.322868836557035], [1.2984077595232393, 41.322937960379186], [1.298691722911905, 41.32312824369297], [1.2988686223486157, 41.323185442734925], [1.2970262577183724, 41.323550289124825], [1.2970572095119732, 41.323926528169906], [1.2985565025653631, 41.323751709944574], [1.298661757141841, 41.324330988965436], [1.2982738309453992, 41.32438911386203], [1.2983780780375243, 41.32486470515183], [1.2974262478755845, 41.32506689794256], [1.297751505408009, 41.325828405917164], [1.2978944386241742, 41.32587330003341], [1.2979567515998747, 41.327000668059384], [1.2970181818645763, 41.32715125744607], [1.2969433906252403, 41.32683435776293], [1.2959498971739092, 41.32696043656871], [1.295910739449399, 41.32770205064953], [1.29662850593192, 41.32767052438024], [1.2967838394607196, 41.32828558406802], [1.2978698523869652, 41.3281451897422], [1.2978674333076676, 41.32802238570566], [1.2980733131829694, 41.32800417397158], [1.2979676812958083, 41.32733841995405], [1.2983103691270421, 41.327352581092455], [1.2993074878849489, 41.32727094103598], [1.2998353252555022, 41.32694736138378], [1.3000595721455928, 41.32684276807319], [1.2992349360863749, 41.32732688435046], [1.2990956309926984, 41.32745470924086], [1.2990518693672686, 41.327602771398965], [1.299261203516796, 41.32789751906216], [1.2993626754490613, 41.328351631074774], [1.299306001920229, 41.32874341768704], [1.299680715845098, 41.32945665168183], [1.2997925854165275, 41.32984633519383], [1.3001458722067485, 41.33042333224684], [1.3003151573418352, 41.33041133132971], [1.3004069146969728, 41.33047627754751], [1.300250403880135, 41.33042001253003], [1.2998250828242497, 41.330476509188756], [1.2997274011488575, 41.3311588073382], [1.300454420894865, 41.331108294312806], [1.3005186857533306, 41.33111383717016], [1.3005393724651406, 41.331145487778365], [1.3004555899660746, 41.33112767707253], [1.299729869919239, 41.33117874974147], [1.299849100268769, 41.3318646987573], [1.2992922099971405, 41.331870340202705], [1.2973298810006728, 41.332009677807655], [1.2974426577588856, 41.33226778160522], [1.2980346406358243, 41.333076464406545], [1.2982198551484632, 41.33308631951003], [1.298257729522797, 41.33320595485831], [1.2986740500559935, 41.333307767703644], [1.2992728788288352, 41.3333993018892], [1.2992782740899238, 41.333499902005144], [1.2982969707170333, 41.33373237560392], [1.298477689725677, 41.33413974164631], [1.2985805059909867, 41.33429438440078], [1.2986500886089833, 41.3346558814109], [1.2988664154087048, 41.33458143776415], [1.2994196717919189, 41.335401250117634], [1.2986497206515848, 41.335588751564394], [1.2986062887012695, 41.33534716680876], [1.2981307924697003, 41.33492436712804], [1.2979934524518826, 41.33495305025502], [1.297968184757811, 41.33500095508331], [1.2982198352714573, 41.335484130399344], [1.2977286839987248, 41.33546498030176], [1.2976738303958575, 41.336162947149354], [1.297066476194433, 41.336099380853234], [1.2969000736190293, 41.33657393909684], [1.2967941156693596, 41.336755667153525], [1.2972700943406832, 41.33693096617422], [1.297118591348558, 41.33758129537812], [1.297679816914449, 41.33765426705347], [1.2978639796191782, 41.337750666360144], [1.2980629617450121, 41.33797122357074], [1.2983084630696575, 41.33803439216601], [1.2998041343721656, 41.338103060474175], [1.2994070736214942, 41.338086564234615], [1.2993511618705456, 41.33848565731325], [1.2994385748065287, 41.33851126868616], [1.2996932876480827, 41.33850071147831], [1.2998351389290712, 41.33844588208791], [1.2998382708830036, 41.338477093259854], [1.2996971808232107, 41.338525628865995], [1.2994349369192157, 41.33853625492098], [1.2992666229205416, 41.33848738465729], [1.2977988164081855, 41.33850486553188], [1.2977297997411588, 41.33894763341291], [1.2976794413863333, 41.33961945543985], [1.2969009115264891, 41.339354386660936], [1.2954157906432373, 41.33907245642981], [1.2954254031125836, 41.33897883397048], [1.2953275867596168, 41.33887100990958], [1.2947475124730032, 41.338544280519066], [1.294527263019506, 41.338498146430375], [1.2942839587265393, 41.33849282851371], [1.2941813465968903, 41.338454377833486], [1.2939470878602763, 41.3382854425656], [1.293218074450213, 41.337937676514194], [1.292714994143209, 41.337711162579055], [1.2921070414926772, 41.33749200247982], [1.2920741785400087, 41.33734992163287], [1.2920805359490242, 41.33662160435711], [1.2921891977606734, 41.33644208255481], [1.2921806167897119, 41.33626280211866], [1.292038592970132, 41.33610441924895], [1.2919527782672675, 41.33594470887921], [1.2915267049180421, 41.33566691098495], [1.2912986986911223, 41.335597952938116], [1.2910941522946018, 41.33537676099935], [1.2910096029651805, 41.33522796741958], [1.290874019565609, 41.335107058620295], [1.2904701652071842, 41.334377601314586], [1.2903161964748475, 41.33429722579554], [1.290212294692908, 41.334157421479176], [1.2901916910132418, 41.334173238198574], [1.2902512453746153, 41.33427671508815], [1.2904475348351034, 41.334388434011046], [1.2908512718973335, 41.33511779957991], [1.2909866234212715, 41.33523843474593], [1.2910710626678665, 41.33538686641946], [1.2912772390735896, 41.33560970389964], [1.291343294679976, 41.33565202784086], [1.2915133397291032, 41.33568445670889], [1.291964917070531, 41.33597866604786], [1.2920138825435976, 41.33611251921559], [1.2921525870829815, 41.336260494576166], [1.2921621246522468, 41.33642168475432], [1.2920541842347013, 41.336642199966725], [1.2920476155956144, 41.33735114863969], [1.2920772854168627, 41.33749651475797], [1.2927028164049543, 41.33772899627007], [1.293204243126571, 41.337954765154315], [1.2939306613433559, 41.33830123180643], [1.2941653861991131, 41.33847062437734], [1.2942817195508245, 41.33851909631859], [1.2945247105455095, 41.33851810456255], [1.2947348572611503, 41.33856210734843], [1.2952349171787847, 41.33883162660417], [1.2953955790513614, 41.338976770847424], [1.2952555439552214, 41.33956223525971], [1.295295307370394, 41.33960020422378], [1.2968031390078276, 41.339813657275066], [1.2970035383906753, 41.33988796045533], [1.2973616133856511, 41.34011222447831], [1.2988392759977763, 41.34118259896828], [1.2973117910914655, 41.341075436722285], [1.2972205463699993, 41.34109129016933], [1.2970857983388633, 41.3415476718225], [1.2965316890531675, 41.34146156193832], [1.296497303231121, 41.34204733073033], [1.2979500541937636, 41.34215231752431], [1.298811943108456, 41.34237997091271], [1.2983039452556548, 41.343708679723456], [1.2991548696067632, 41.34399129239921], [1.2988985449223815, 41.34456820083802], [1.2986724318723608, 41.345260752748366], [1.2986204539823685, 41.3452446070982], [1.298457475617293, 41.345638505915254], [1.2983252952474158, 41.34572000490665], [1.2984801604945027, 41.34576429794478], [1.2981418909962519, 41.34649023242892], [1.2982219141705917, 41.34648789873783], [1.2985139492733218, 41.34588044985313], [1.2989239558242198, 41.34473529952623], [1.2990643028649766, 41.34472503453203], [1.2991747499790043, 41.3447568413009], [1.3011461831094786, 41.345381147755276], [1.3018321310948575, 41.344175569221015], [1.3046431932164098, 41.344994240136465], [1.3044390187639605, 41.34533647704378], [1.3058600907236946, 41.34578614290136], [1.3055352929560644, 41.34645203977022], [1.3040489096876937, 41.34599005817833], [1.3038484914634212, 41.34627920692421], [1.3025912586738513, 41.345885976522545], [1.3022641978053187, 41.34643986679584], [1.3034647367822216, 41.346821100436664], [1.302735854425503, 41.3478987833846], [1.305308180188509, 41.348637625508964], [1.3055255782120954, 41.34792862931422], [1.305673096514032, 41.34755447704235], [1.3065295868490425, 41.34597821407775], [1.306827233111314, 41.344482082346445], [1.3063592695187685, 41.34428496318201], [1.3052046526278438, 41.3441344843046], [1.3047987530632177, 41.34399627927812], [1.3047572515411048, 41.344020617737094], [1.3044215281133777, 41.34382652436829], [1.3043057545566714, 41.34378806888368], [1.3041830193425157, 41.343792204758564], [1.302514608181699, 41.34313044317108], [1.302242328965651, 41.343112374700134], [1.302048243930078, 41.343056638539444], [1.3021338985483166, 41.3428465938431], [1.3019831896921037, 41.342851035162305], [1.3015404672318918, 41.34337646989176], [1.2995477043042212, 41.3427748233509], [1.2995402836091474, 41.342205454838385], [1.300688746915149, 41.3418875301729], [1.3011584149613504, 41.34149778444528], [1.3014736007983387, 41.34106009444099], [1.3023168053743919, 41.34058046670057], [1.299926968109345, 41.339593224226995], [1.3002495497260327, 41.33926607491457], [1.3005674086391772, 41.33904711688832], [1.301216295681763, 41.33868163479086], [1.301439555537255, 41.33862133998074], [1.3015958437374986, 41.338539790016085], [1.301764424271554, 41.33819648749225], [1.3022136984571948, 41.337836254409474], [1.302593562741767, 41.3370372412802], [1.3027904480941106, 41.33670372216338], [1.302986490686878, 41.336489810368946], [1.3032985490227473, 41.33604225088029], [1.3040263944033332, 41.335298438911735], [1.3042419581603817, 41.335008881903626], [1.3042352504757742, 41.33485746204599], [1.304097541385202, 41.3345501783728], [1.3042064898974948, 41.33449638977833], [1.3043815647429975, 41.33433044507369], [1.304634273570327, 41.33421680039246], [1.3052924920924704, 41.33368660034196], [1.306398366171772, 41.332671462882374], [1.3067056981551473, 41.33217382962059], [1.3067988454114545, 41.331899399605724], [1.307025214406421, 41.33153775379881], [1.3068739936873646, 41.33125360764041], [1.3069849927619337, 41.33101420342789], [1.3072815852145168, 41.33053857266962], [1.3079785854321042, 41.329855804572354], [1.3080844321820322, 41.32977368395845], [1.3083956854295111, 41.32980257508041], [1.3088314496055322, 41.32959136615796], [1.3090133972565206, 41.32942668160764], [1.3096728950656995, 41.32918596637978], [1.3098677042863929, 41.32920774308193], [1.3103592670460802, 41.329061114451996], [1.310698623489464, 41.32899656131769], [1.3108354944251235, 41.32893885279058], [1.3109345521369322, 41.32882330316093], [1.3115139945845093, 41.328688317799454], [1.3115011495582967, 41.3286582253565], [1.3109388162854756, 41.32879238093271], [1.3108109198065572, 41.328918766238296], [1.310684916540313, 41.32897186046158], [1.3103489316745496, 41.329035652415016], [1.3098588141042689, 41.329181851868654], [1.3096600352369243, 41.32916109770355], [1.3089912469379017, 41.32940527921415], [1.3088131635833453, 41.32956839922662], [1.3083842826663512, 41.329776826964576], [1.3080328917787267, 41.329761306808656], [1.307249997292011, 41.330526308537976], [1.3069528918892044, 41.33100328274905], [1.306836277196265, 41.331251881724604], [1.3069882802834611, 41.33153811110128], [1.3067658659932728, 41.33189008724419], [1.3066735967686722, 41.332162908855956], [1.3063203574329614, 41.33271201804948], [1.3052660556096143, 41.33366918735899], [1.30461064528844, 41.33419708676304], [1.3043586859412069, 41.33430948142899], [1.3041825056122558, 41.33447658074322], [1.3040683526884684, 41.33453290469677], [1.304124984299453, 41.33473631136599], [1.3042011210904612, 41.33486479532559], [1.3042078884345838, 41.33500009317156], [1.3039970181911054, 41.335283774542965], [1.3032690461793077, 41.33602785467529], [1.30295686124189, 41.33647568243308], [1.3027580897931157, 41.33669343152466], [1.301879300886814, 41.336676777179875], [1.3021441715819264, 41.335621344617614], [1.3026576331786637, 41.33573844302628], [1.3029417444550526, 41.33519787815949], [1.3028391993392563, 41.33487147593851], [1.3024623964978466, 41.334894740661625], [1.3023822311350572, 41.334405908051906], [1.3039533122368445, 41.33428720393304], [1.3034642842513475, 41.333569510951826], [1.3031332895151104, 41.333711267528045], [1.30245732281365, 41.33343739050035], [1.302344503687936, 41.33259085028685], [1.3008897811868954, 41.33269395705234], [1.300589905629899, 41.332700247137105], [1.3028232077639068, 41.33254989908341], [1.3023561891662216, 41.33189214912837], [1.301967429812873, 41.33126717194405], [1.3016736463175358, 41.33125103677027], [1.301766943269078, 41.330350341970224], [1.3009555912907198, 41.33024802684876], [1.3005932039519343, 41.33022339994582], [1.3004402385792089, 41.33024681125896], [1.3005924542233231, 41.33021086885525], [1.3013036441760342, 41.330277300384914], [1.3014009902889985, 41.329924574024034], [1.3013502033368884, 41.32958866608563], [1.3014502549893123, 41.329108977929494], [1.3014657323948955, 41.32836557115584], [1.3019056294775937, 41.32783928267369], [1.302406274026086, 41.32813012218569], [1.3031022606771108, 41.327496547922856], [1.302240703116797, 41.326954490045935], [1.3021228196304542, 41.326911047298694], [1.3005775379896412, 41.3272575404288], [1.3006149491945598, 41.327229540081554], [1.3008891487324656, 41.326646499187106], [1.3010246577366162, 41.32629208012877], [1.3010877081105692, 41.32597145352702], [1.3015460730661201, 41.32493121692595], [1.3019363860014188, 41.32426539935091], [1.3021249808289734, 41.32402885599975], [1.302164406324213, 41.323909371518795], [1.3022278286649565, 41.32360631369841], [1.3022302228943565, 41.32342665502974], [1.302158615718929, 41.32335444148032], [1.3019178557918878, 41.32323487589543], [1.3017981031205654, 41.32319005865747], [1.3017044574128018, 41.323184353137606], [1.3017039567897388, 41.32313921958726], [1.3020604459757092, 41.323159427847784], [1.3022515497285563, 41.323116040519466], [1.303135938646113, 41.32264233075308], [1.3031635573309719, 41.32258175914563], [1.3032570044762664, 41.3222218529857], [1.3032810788471882, 41.32178670885168], [1.3032463905069578, 41.320650296648395], [1.3031906454615076, 41.320404027848774], [1.3031859506790617, 41.320083031265796], [1.3024856977438168, 41.31939203207772], [1.3015356257994675, 41.31832425783438], [1.3013685391982401, 41.31794943285338], [1.3013438498157541, 41.31786962917977], [1.3014079863325254, 41.31739634098105], [1.301516980240088, 41.317017484542724], [1.3015938204914912, 41.31691548593148], [1.3016380328872466, 41.31673113002543], [1.3014251663480636, 41.31667934912521], [1.301674923317816, 41.31610152884164], [1.299281181299079, 41.31555151183998], [1.2991397656799963, 41.3155042099484], [1.2991604878080039, 41.31523564598537], [1.2988808454819651, 41.315298710854165], [1.2984482741863472, 41.31514144437319], [1.298541354550182, 41.31480099637954], [1.299439762534995, 41.314051179520035], [1.2992928012201286, 41.31408404577698], [1.2992261249479857, 41.31407540419554], [1.299229377135379, 41.31403762189814], [1.2994681254195786, 41.313998726220866], [1.2995631204206881, 41.31390582428338], [1.2998128132597666, 41.31375836783953], [1.299961080538321, 41.31361545184913], [1.3000013034490165, 41.31317072857198], [1.2990328838684322, 41.31335611292597], [1.2980456870204105, 41.31384997920074], [1.2975531902569564, 41.31401752895219], [1.2969022289084295, 41.31405392806492], [1.2966244454053173, 41.31401360750199], [1.2961688942557554, 41.31388166742168], [1.2961663570616988, 41.313855238677604], [1.2966348427186716, 41.31399052275778], [1.2969041801400092, 41.31402945728261], [1.2975455735980124, 41.31399345704134], [1.2978867552621645, 41.313888345675565], [1.297861050211821, 41.31358586299694], [1.2971923513924266, 41.31362001981791], [1.2971574487870559, 41.312881626613645], [1.2966146344343024, 41.31293556721713], [1.2966920151689423, 41.31236304213248], [1.2975768248851962, 41.312447648263685], [1.2975512683327206, 41.31284692099424], [1.2982533516104116, 41.312810373429414], [1.2983030484291105, 41.312764450884224], [1.2985569188783412, 41.31272271373091], [1.2985485697876524, 41.312460389787], [1.2986009557708968, 41.312145460860414], [1.2999418584291755, 41.31232281030522], [1.299947422614128, 41.311800468503506], [1.299883269299722, 41.31160289282886], [1.2997920141246806, 41.31151021576117], [1.2987569376607964, 41.311319732065705], [1.2986825115645615, 41.31162757984152], [1.2975620569232262, 41.31145870148533], [1.2965505296886684, 41.3113640275055], [1.2966080063510599, 41.310982606876806], [1.2966797751775179, 41.310956107065024], [1.296805384457302, 41.31076557173274], [1.297050464998988, 41.31072623429504], [1.2970808186984752, 41.310128963472174], [1.2963033846351044, 41.30994992625701], [1.2964983026577654, 41.30982751669884], [1.2974097728019938, 41.309643742775314], [1.298121199069126, 41.30943934914044], [1.299421136378807, 41.308979732883344], [1.2996679424819246, 41.30885989061959], [1.2977412618659023, 41.30952921081285], [1.297380279294719, 41.308830313356154], [1.300248272347359, 41.30790261317827], [1.2997615538459415, 41.307583142142875], [1.2995743699431854, 41.3075279587907], [1.2987464691042006, 41.30682783969501], [1.2986723102289595, 41.306716764955425], [1.297763750013821, 41.30600500239145], [1.2969396316417863, 41.305734936393925], [1.2958741780113712, 41.30518252142746], [1.2958967343052716, 41.305164931037076], [1.2963241405466333, 41.30539373363728], [1.2968030189094646, 41.305311015443664], [1.2974674844336977, 41.30509656744747], [1.2983804794655383, 41.30457106867237], [1.299169824742164, 41.3045377869244], [1.2987131261627733, 41.30374452822102], [1.3023249901416811, 41.30439331397218], [1.3027256730364793, 41.30363576552976], [1.3031045556705718, 41.30302300537517], [1.3014454415120487, 41.30359409745933], [1.3013642664399532, 41.30356921025239], [1.30089697565437, 41.303201756345224], [1.3011379185822964, 41.30267162962625], [1.3003058520617599, 41.30252928323057], [1.299601636345776, 41.30251888461766], [1.299592514727827, 41.30262170266241], [1.2994377145109075, 41.30326541491272], [1.2995831009068928, 41.30262084298584], [1.2995748350307155, 41.302272410635766], [1.2967899689006142, 41.30227294956275], [1.2969671816767012, 41.30196706954557], [1.2997198626835398, 41.30201847743226], [1.2996738489665098, 41.3014446664365], [1.299698535989014, 41.30132658587458], [1.2999795295159267, 41.30076750939044], [1.300232326290979, 41.30079286089744], [1.3003363726010522, 41.30028647432152], [1.2986641157432393, 41.30011954889133], [1.2987615828591275, 41.29997237016056], [1.3016035573337343, 41.300174572950475], [1.3019626233727304, 41.299717524818945], [1.3022973120402086, 41.29951421498965], [1.300873526510187, 41.299470598718315], [1.3009666086844704, 41.298525671082096], [1.3028214032001804, 41.29853762808751], [1.3029368983243952, 41.29828892511816], [1.3028452444313805, 41.297691653546224], [1.3057359966241515, 41.297948696912975], [1.30584568635271, 41.29769747802242], [1.3062602790252962, 41.297668627867914], [1.3062405189070754, 41.29683966933041], [1.306162012942036, 41.296573430266], [1.3059684443388342, 41.29612886513226], [1.305844789760932, 41.29596410356039], [1.3058076777793204, 41.295672172382076], [1.3058229836950916, 41.29556070768123], [1.3057113802693026, 41.29530415923675], [1.3025542429450483, 41.29604894184407], [1.301898268409168, 41.29613366516995], [1.3017565364027088, 41.29604024020046], [1.301772024284047, 41.295728457363104], [1.3018242100904862, 41.29568265990425], [1.3018793988853787, 41.29550729229537], [1.3019158433604539, 41.294940102567296], [1.3021842258266738, 41.29434966872823], [1.3022643026454723, 41.294246095620515], [1.302089744701302, 41.294248834692716], [1.302090807308838, 41.29420786733872], [1.3031887184415467, 41.29418046049233], [1.3030791918066693, 41.29382585104411], [1.3037452814660544, 41.29364939586431], [1.3037281390688782, 41.29348133791716], [1.3017198336850833, 41.2935592797282], [1.3007065788192347, 41.293560180261], [1.30074750295381, 41.2930553871546], [1.3007383534631307, 41.29241384050746], [1.3015974304088767, 41.29206694728767], [1.3015604444637128, 41.29203793850677], [1.3017832181932774, 41.29193953398493], [1.302184553070087, 41.29180809012969], [1.3023828937407371, 41.291804440683734], [1.303028029360017, 41.291915012139775], [1.3029971983555475, 41.291814396755555], [1.3032652740590025, 41.29161757743216], [1.3024186468172732, 41.29040103235321], [1.3034697786494491, 41.29026859908628], [1.3046375053763042, 41.2901833924945], [1.30596078442542, 41.290261728573874], [1.3068335803852025, 41.29035373825052], [1.3070052297771613, 41.290388576555436], [1.3069599471453504, 41.29043059720941], [1.3069372432240858, 41.29054320084021], [1.307020578493694, 41.29075180199168], [1.3069872035831636, 41.2908528089713], [1.307043527762253, 41.29087362104999], [1.3069072441558427, 41.29102295180696], [1.306953956556652, 41.291050023540535], [1.3072137994527961, 41.290790236859095], [1.3072753705888787, 41.29050730815309], [1.3075624397155692, 41.29060939763309], [1.3077530078937463, 41.290602034760745], [1.3085283954800928, 41.2909578435011], [1.309334252244153, 41.29147644208735], [1.3096905523225684, 41.29188928835662], [1.3097735329133666, 41.29203982281122], [1.3099949122260086, 41.292258954230334], [1.309371947053491, 41.292652652259356], [1.3093765558045656, 41.29269031584129], [1.3099167103927296, 41.29249949467978], [1.3102055493326208, 41.292316290285996], [1.3106520916056874, 41.292128274079495], [1.3105530588046406, 41.292113604427215], [1.310422493206306, 41.29214692906205], [1.3103132150748065, 41.29198633697277], [1.3102197320430897, 41.29174102869801], [1.3101322603843166, 41.29163740872087], [1.3102976918049147, 41.29153157889235], [1.3105206543241585, 41.29125868934601], [1.3103087052472542, 41.291382490150745], [1.3098725480474742, 41.2914540075984], [1.309754733960934, 41.2913512648986], [1.3096669064822228, 41.29135805178797], [1.3094707255066533, 41.291215162144546], [1.309301379313515, 41.29114702769563], [1.3088182146314158, 41.29081798640591], [1.3081662609631697, 41.29049870372077], [1.308042292030274, 41.29038163505503], [1.3077993247023316, 41.2902731461461], [1.307365297910521, 41.29018230285693], [1.3074333244675544, 41.29000565882218], [1.3075893763148114, 41.289923794318284], [1.3076484179092114, 41.28981143665665], [1.3075463757932353, 41.28966544733213], [1.307491507477694, 41.28963008945299], [1.307417579439799, 41.28964026086139], [1.3070136161978998, 41.28937212470188], [1.307094145600416, 41.28900678726857], [1.30705273384834, 41.288936047953044], [1.3069755969862646, 41.288904960466105], [1.3042547117335102, 41.289616624463854], [1.3043766727257426, 41.2898388261019], [1.303452866169096, 41.28990124782427], [1.3022124756447997, 41.29007840832996], [1.3022252568465098, 41.290115317249835], [1.301679112269431, 41.28930841244138], [1.3021360805436792, 41.2890296245467], [1.3017900982280013, 41.28917651288029], [1.3023752861800364, 41.28892803393136], [1.303883043636338, 41.28857924610949], [1.3038818607440235, 41.288532480951375], [1.3045227718063117, 41.2884824721516], [1.3043122307340351, 41.28807665975585], [1.3041248988630096, 41.28796923502047], [1.3040127035277922, 41.28779157966801], [1.3039995979604164, 41.28732453971795], [1.3040253737080834, 41.287159275848495], [1.3035995049524929, 41.28719263135334], [1.3035774627680736, 41.28731975932851], [1.302065179544098, 41.287853575940375], [1.300990212580003, 41.288192787099824], [1.3003315025958289, 41.28763118560425], [1.2990341774173644, 41.28677462222894], [1.2994062976872685, 41.28631867452068], [1.29940567136202, 41.286260027942525], [1.2997926610048824, 41.2857966469596], [1.2996907923539616, 41.285695791824295], [1.2993573931301343, 41.28549765981516], [1.2989983364441786, 41.28534976849276], [1.2989209604984986, 41.28535880758402], [1.2982757775546825, 41.286107686249125], [1.2982743776457115, 41.28606965487498], [1.2986588397750902, 41.2856440663813], [1.298872965331327, 41.28535845847298], [1.298959782543742, 41.285321546346694], [1.2987583076817089, 41.28525354035416], [1.299718549392785, 41.28391789175307], [1.2979519630847043, 41.28354635972456], [1.298369190689727, 41.282953005165346], [1.2977166610409865, 41.28272610015216], [1.2986257872765339, 41.281422314865225], [1.298068206273791, 41.28117240570332], [1.297323624698873, 41.28089991599467], [1.29700087741984, 41.280817052216925], [1.2967246888453317, 41.280688664752674], [1.2957634224514372, 41.28132863755643], [1.2956344587946087, 41.28120494948524], [1.2952702631559756, 41.281209828410034], [1.2950279039745636, 41.28088720069164], [1.2948430783369964, 41.28091418653436], [1.294457831332345, 41.280897583908214], [1.2943569387685474, 41.28096616532871], [1.2943473610062788, 41.280522415134], [1.2943256417309146, 41.28053569423826], [1.2943183074465958, 41.28105593576679], [1.2943663233704172, 41.2812295870166], [1.294467457083966, 41.281358088310476], [1.2947206431489202, 41.28154919126752], [1.2948987434087338, 41.28181727433724], [1.2954651969870978, 41.282441938183844], [1.295280768965551, 41.28236174405231], [1.294826233432577, 41.28241482339374], [1.2946881502823464, 41.282462497627186], [1.2953250021881888, 41.28286914835152], [1.2954102494985225, 41.28277322250439], [1.295536858271964, 41.2828452642651], [1.2954786298370888, 41.28281846771475], [1.2953254169249542, 41.28293876719362], [1.2946490288174772, 41.28396341198624], [1.2945751573483788, 41.28403050240089], [1.2944722014640746, 41.28406176538594], [1.2943727572864479, 41.28338584762927], [1.2941559814079024, 41.282685832361295], [1.2931905287912115, 41.28070721272436], [1.292487204135762, 41.27899936392952], [1.2922977442774808, 41.2789707020663], [1.292334558362026, 41.27924858230053], [1.2923990709237416, 41.27931592309482], [1.2924819536617422, 41.27934273343975], [1.2925971092382418, 41.27963411579885], [1.2925225321649378, 41.27966426466019], [1.2925182458143942, 41.27970959773275], [1.2925763709852087, 41.27979296668467], [1.2927158859776542, 41.27985052115468], [1.2934949810513099, 41.28163884596158], [1.2937025215586844, 41.28203734231334], [1.2937204030002682, 41.28218055281971], [1.2938137947953403, 41.282368117666], [1.2939278509646084, 41.28249104633123], [1.2940527503455266, 41.28278905681481], [1.2937000147255822, 41.28295892914389], [1.2924471892194132, 41.282939816855134], [1.2928388667603359, 41.28329213702589], [1.2928215679400739, 41.28336024560308], [1.2928202175342285, 41.28329753497601], [1.2924226004662769, 41.282939452038796], [1.2909500353127943, 41.28291706299686], [1.2903545596895918, 41.2832457257167], [1.2914088332351656, 41.284010241708806], [1.2893197370056744, 41.28493840587167], [1.288386483411563, 41.28563926117262], [1.2882550574092535, 41.28579727551456], [1.2883235498829746, 41.286507526067]], [[1.3017742934699135, 41.32320051593525], [1.3021316235496767, 41.3233678242562], [1.3022015700566771, 41.32343496927802], [1.3022000254034598, 41.323604912685575], [1.3020985938698448, 41.32401891900335], [1.3019097764672964, 41.32425482852162], [1.3015182044908373, 41.32492287922633], [1.301321535253188, 41.32535989300284], [1.3007375083068151, 41.32549692114222], [1.30014684797063, 41.32404082783696], [1.3005139211948298, 41.323851419197176], [1.299846184897314, 41.323072253519214], [1.3001563858115897, 41.32297937819827], [1.3003298095739193, 41.32296347061808], [1.3010012174859793, 41.32312299569951], [1.3017742934699135, 41.32320051593525]], [[1.3021406803603364, 41.29433866795833], [1.3018708792054179, 41.29493313402819], [1.3018268636738466, 41.2955389432312], [1.301241099132028, 41.295141009099474], [1.3011469249426821, 41.294986945939925], [1.3010637524563264, 41.29468487571667], [1.3012010766171025, 41.294612052560055], [1.3013488558259836, 41.29410847177919], [1.3018000832554533, 41.294236728991095], [1.302089744701302, 41.294248834692716], [1.3021406803603364, 41.29433866795833]], [[1.2988382760745523, 41.29047380747683], [1.2988277639376173, 41.290478516012804], [1.298826556129972, 41.2904790385952], [1.2988382760745523, 41.29047380747683]], [[1.2987820715569884, 41.32187316274429], [1.2989388228526986, 41.3227050447913], [1.2989368349669514, 41.32309863077094], [1.2989050505255755, 41.32319057494197], [1.298751374730868, 41.321845236901154], [1.2987820715569884, 41.32187316274429]], [[1.2947013264983969, 41.31786266268474], [1.2945740212629169, 41.31770026735659], [1.2943262969441076, 41.317528160677945], [1.2965068394298032, 41.316778350463785], [1.2966577123887835, 41.31706809440023], [1.2964837022173532, 41.31713919761701], [1.2965768917385154, 41.31750176678314], [1.2960761425886653, 41.317599652056195], [1.294886727797652, 41.317987187683954], [1.2947013264983969, 41.31786266268474]], [[1.2958579666928838, 41.31569670769618], [1.294305499872576, 41.31619487355982], [1.2933096722454647, 41.31646681286378], [1.2931718176363147, 41.31629687359065], [1.292817794608215, 41.3161333696059], [1.2924724587897878, 41.315714724243094], [1.2923091913532534, 41.315561700708805], [1.2918021167738953, 41.31540348829538], [1.2912467915181607, 41.31502964483854], [1.2903000939947904, 41.31450514846361], [1.2891381051550233, 41.31340143172927], [1.288558720767819, 41.31293470891755], [1.2895358779018782, 41.31263533111782], [1.290584086242446, 41.31219477181546], [1.2930876103624402, 41.311317416267535], [1.2932825790231635, 41.31121177093371], [1.293474508882845, 41.31160751268525], [1.2941027766603987, 41.311574669562496], [1.294351758279274, 41.31221544156808], [1.2945540289340183, 41.31221465189958], [1.2947443343454257, 41.31287040613125], [1.294860005851055, 41.31290589726938], [1.295133940326618, 41.31287365686165], [1.295116011251869, 41.312640013938456], [1.295371056165172, 41.31264036948849], [1.2953924133769008, 41.3128433485065], [1.2959330880361826, 41.312779834324495], [1.2960908022596438, 41.313531390984], [1.2961200571340328, 41.313830053477965], [1.2948190117609302, 41.31443319030478], [1.2958579666928838, 41.31569670769618]], [[1.29376167162044, 41.30267243583777], [1.2951939866387292, 41.30265222077724], [1.2952001702136102, 41.30213493630208], [1.2952119105604671, 41.30265194586658], [1.2965583200746142, 41.30263287314053], [1.2965412732206862, 41.30266369580141], [1.2937624279872875, 41.302702981603794], [1.29376167162044, 41.30267243583777]], [[1.2956515797858892, 41.31031371441297], [1.2955556342469106, 41.31037408748636], [1.295386607205334, 41.31047030310468], [1.2955553930749963, 41.310374173986595], [1.2956515797858892, 41.31031371441297]], [[1.2983935240549742, 41.31598821934014], [1.3006081953980897, 41.31649174077166], [1.3009449402823678, 41.316580750702734], [1.3006938901492169, 41.31672494235398], [1.2998701281796352, 41.317015151890146], [1.2990698704287793, 41.31684183081461], [1.2986364252866827, 41.31678687869913], [1.2983935240549742, 41.31598821934014]], [[1.2979832316929172, 41.342117185771954], [1.2980361510043104, 41.34188341551088], [1.2985410343962696, 41.34196916044285], [1.2984755511094, 41.3421886412382], [1.2979832316929172, 41.342117185771954]], [[1.3004292420068846, 41.28976392930731], [1.300819993610501, 41.28958955293241], [1.3007993326965297, 41.28959879558902], [1.3004292420068846, 41.28976392930731]], [[1.2991459330934718, 41.344146358622645], [1.2992458580223551, 41.34396705696795], [1.3004578408612102, 41.34414943220528], [1.3002869815336067, 41.34438622927904], [1.301461639626614, 41.34472665914846], [1.3011631229871157, 41.34525826964142], [1.301020530892573, 41.345276700581465], [1.2991824297577277, 41.3447051635076], [1.2989440005430732, 41.34467236543055], [1.2991459330934718, 41.344146358622645]], [[1.3043238745614323, 41.34381751922038], [1.3044028846648086, 41.34384948817847], [1.3046291448481986, 41.34398738517939], [1.3042814698100955, 41.34387643180575], [1.3043238745614323, 41.34381751922038]], [[1.3014479035296698, 41.29151988219655], [1.3009786865981832, 41.29134927161959], [1.3008097905365574, 41.29125126506824], [1.3006848780085332, 41.2911208555659], [1.3006521120996684, 41.290924013415015], [1.3005997106624902, 41.29093153984728], [1.3005305586758007, 41.29088575261154], [1.3005664778901578, 41.290633539201906], [1.300688798179696, 41.29063510668984], [1.3007064779182458, 41.290582780178525], [1.3009959154482218, 41.29054220808038], [1.3018444275030798, 41.29178492678214], [1.3014479035296698, 41.29151988219655]], [[1.3053722283144482, 41.289883750475155], [1.304446300165483, 41.2898736724132], [1.3043366880713774, 41.28963842832407], [1.3069532194109885, 41.288958948716314], [1.3070230494304094, 41.28901214156151], [1.30695337333675, 41.2894013723103], [1.3073699956495992, 41.28967161521127], [1.3074576864189056, 41.28967560390146], [1.3075862078325529, 41.28982551624811], [1.3075464716442537, 41.28986359785798], [1.3073019865316429, 41.289934522991054], [1.3071407714424983, 41.29018624498684], [1.3060774322946918, 41.28995794331624], [1.3053722283144482, 41.289883750475155]]], [[[1.290157734778003, 41.62385621453344], [1.2892617640013209, 41.62368983313069], [1.2886305817635337, 41.623251046553236], [1.2886145935815188, 41.623270087482354], [1.2883737729563702, 41.623184989726404], [1.288056438066101, 41.6233740889895], [1.2877729556089574, 41.6234178764661], [1.2878205702095338, 41.62362826367917], [1.2877939718659828, 41.623844120176514], [1.2875069435871294, 41.62430774567033], [1.287421238311318, 41.62458433214566], [1.2880156789361796, 41.624470417453644], [1.287988130795313, 41.62503996048495], [1.2880078235410322, 41.625162205610344], [1.2878316158050145, 41.62528432441857], [1.2877569099091, 41.62537661168208], [1.2876510221088628, 41.62566307523764], [1.2868804475949505, 41.62628585282825], [1.2862585416546946, 41.62648878474302], [1.2860546951910334, 41.626466740500526], [1.2859466514231206, 41.62639902388413], [1.285724731434749, 41.625884067290876], [1.2855992835779202, 41.62569716977923], [1.2855006699269775, 41.625339659461126], [1.2855088996371697, 41.62525106099199], [1.2856184739227647, 41.62505706844879], [1.2859975736752483, 41.6246846185738], [1.2860613261498168, 41.62454821152096], [1.286078062822969, 41.624405793773256], [1.2860470206437173, 41.624263298445314], [1.2859180665543926, 41.6240924035328], [1.2859189761902816, 41.62399010010451], [1.2858058197169786, 41.62399319043228], [1.2860193230646724, 41.62431197230429], [1.2860199817801725, 41.62455921366064], [1.2859248373420822, 41.62472514505476], [1.2855865285828938, 41.62504857586794], [1.285482909169278, 41.62524887189514], [1.2854743289918742, 41.625337104862744], [1.2855599046477924, 41.62570450243569], [1.2856854902248793, 41.625889573668765], [1.2858622351550004, 41.62631850068688], [1.2859604874990147, 41.62644768218775], [1.2860463183849993, 41.62648841196396], [1.2862852150900657, 41.626510528550845], [1.2869152425793442, 41.62629555840913], [1.287668019184143, 41.625683053330974], [1.2877848864474686, 41.625385404801754], [1.28785524964879, 41.625298456888586], [1.288148664016027, 41.62511098346487], [1.288683812773405, 41.6250877000111], [1.2892894120251637, 41.62516020507847], [1.2899913607709454, 41.62512534324698], [1.289743629451083, 41.625251629184426], [1.2891705868884376, 41.62539144608181], [1.2890507770660455, 41.62549170924458], [1.2889444725300931, 41.6256577426929], [1.2888606282200274, 41.62608674806429], [1.2890185364794227, 41.626652292823124], [1.288938986050389, 41.62680089562859], [1.2887394744724907, 41.62693257627276], [1.288111818237454, 41.62712597095968], [1.2878759313593926, 41.627284853603456], [1.2875513096023277, 41.62756247385719], [1.2873103424836607, 41.627817917789265], [1.2872987701985084, 41.62798319974749], [1.2874040178338415, 41.62821110841309], [1.2869253115601869, 41.628454722188536], [1.2868104564810339, 41.628594416378164], [1.2865022894872475, 41.62938818669188], [1.2865475215190225, 41.62964772017795], [1.2867583446476187, 41.62990079666265], [1.2868536983823253, 41.630117029605124], [1.2866702602123627, 41.630266779536655], [1.286206023132182, 41.630457470445904], [1.2860039319408092, 41.63060000591405], [1.2859861640407837, 41.630581907511704], [1.2857216805523866, 41.6308225863475], [1.2854230126348196, 41.63136574669681], [1.2854165412260694, 41.63148760627302], [1.284793106525518, 41.631569541681486], [1.2847045426838624, 41.63154110945575], [1.2846901579736103, 41.63263179869785], [1.2847471531367902, 41.632895732488485], [1.284911357834797, 41.63300545829067], [1.2850273060858275, 41.63317840274898], [1.285187825188754, 41.6332868122079], [1.2853750353149695, 41.63352080469242], [1.2855292572817958, 41.63360866986217], [1.285604042685689, 41.63369958298317], [1.2855947488660544, 41.63386904169513], [1.285553954417747, 41.633977054672165], [1.2853821950424513, 41.63410689154776], [1.2855004485040824, 41.63441038690447], [1.2855024640637822, 41.63452479835647], [1.2854161554064598, 41.63482325572372], [1.2854404450326193, 41.63534286243389], [1.2853428963515878, 41.63587956095788], [1.285368522527864, 41.63594569266373], [1.2856562516840815, 41.63616506676451], [1.2857316978610687, 41.63629480426818], [1.2856825437465813, 41.6366273256327], [1.2855127921201996, 41.63686707503546], [1.2855383018538435, 41.637104963851584], [1.2854473380302216, 41.63731643643747], [1.285486740383136, 41.63747410667405], [1.2856416797022758, 41.637607732206895], [1.2857134787704665, 41.63787035954203], [1.285811123430586, 41.63804573660455], [1.286192270862621, 41.638374129030225], [1.286343622361657, 41.6384756405523], [1.2865488512857286, 41.638514907911734], [1.2869267974323961, 41.63851567890708], [1.287163915932775, 41.63805788272383], [1.2870536503703303, 41.63800076205068], [1.2866727782445557, 41.6379383371313], [1.2864900339014604, 41.63786617482549], [1.2863737970927411, 41.637762575157055], [1.2863664799293149, 41.637653578839156], [1.2864112345051262, 41.63755021363507], [1.2866527596132562, 41.637307209791615], [1.2867028441003505, 41.63715240976993], [1.286748772959243, 41.63674634923561], [1.2869883960712265, 41.636424952961995], [1.2870754651009868, 41.63621999598188], [1.2871040987014402, 41.636226817577146], [1.287016137203073, 41.63643374276324], [1.2867774982663411, 41.63675424858754], [1.2867127616622753, 41.63723578008519], [1.2866416923384911, 41.63736693973439], [1.28640786570319, 41.63760961251201], [1.2864054819376434, 41.63775395080209], [1.2864714797633996, 41.63782329620184], [1.2866759624080655, 41.637917849195425], [1.2871350447627996, 41.63800107009198], [1.2873157905049717, 41.638207676993645], [1.2876399112262238, 41.63824583208856], [1.2878187108287384, 41.63834486400384], [1.2878052913864018, 41.63845265509601], [1.287757065782073, 41.63848742318552], [1.2874961982134463, 41.63857694061978], [1.2868741612973913, 41.63861721101622], [1.2871399402792942, 41.6388001370552], [1.2874073092218357, 41.638905173221005], [1.2882270497189976, 41.639002676203866], [1.2888762466761012, 41.63917482199017], [1.2884567725275158, 41.639277921788384], [1.2882328205241453, 41.63936979202972], [1.2875733802244829, 41.639929284430046], [1.2865631816974077, 41.640657563101094], [1.2859626529360928, 41.64121306525545], [1.2848243306409122, 41.64194022782884], [1.2843348534663936, 41.64218276839079], [1.2834546221370953, 41.642784338589735], [1.2833696352305233, 41.64280153290854], [1.283010907000018, 41.642994241024084], [1.2823160515811258, 41.64314786976323], [1.282045853769445, 41.64323957693571], [1.2816248952383278, 41.64354644756552], [1.2812207531222564, 41.6439432753418], [1.280364404634082, 41.6444888910306], [1.2803270304073777, 41.64455777374642], [1.2803502088085004, 41.64457568375682], [1.280385916829069, 41.64450172781929], [1.2812500668890994, 41.64395623316053], [1.2816476792985918, 41.64355660561738], [1.2820655874791913, 41.643256079590806], [1.283147645885931, 41.642972501679644], [1.2833856727058455, 41.64282158732686], [1.2834708996832234, 41.64280439658233], [1.284354530009535, 41.64220143592645], [1.284815815738128, 41.64197153430242], [1.285986970922691, 41.64122423607168], [1.2865829634125294, 41.64067226885643], [1.287578568946284, 41.63995097796336], [1.2883411183447022, 41.63933808014074], [1.288981896371422, 41.63917964200284], [1.2918348179285983, 41.638299949376744], [1.2922336077722874, 41.63822949904314], [1.2925772754405334, 41.63809130360361], [1.2925934698772064, 41.63821007319334], [1.292643713384697, 41.63829431685898], [1.293049255560159, 41.63878724234051], [1.2933435106227984, 41.63937975417745], [1.2937446571244862, 41.63997124040423], [1.2938010690637038, 41.64018130048877], [1.294182923646549, 41.639938472828874], [1.2945453194589926, 41.63985063164177], [1.2947279083601815, 41.639737784509656], [1.2948837728461797, 41.63973730069245], [1.2959490057629388, 41.64013822597633], [1.2962693837510628, 41.640323561794354], [1.2963563022579587, 41.64025558389959], [1.2963881872538807, 41.64018922642617], [1.296535715452304, 41.64014493850276], [1.2966208705437956, 41.64017123504839], [1.2966556516839627, 41.64026362405256], [1.2973523016669408, 41.64059593961551], [1.298025296969218, 41.640727851472555], [1.29822749482657, 41.64070490646316], [1.2987275944895464, 41.640768153107985], [1.2987801764601217, 41.6407365026938], [1.298848845567835, 41.64034869735543], [1.2988828783852153, 41.64032839552725], [1.2993125237102652, 41.64039995919445], [1.2996799134764336, 41.64052843255743], [1.2996938253336283, 41.64059753562085], [1.30000200847157, 41.64094146533095], [1.3002646074116542, 41.641114681338415], [1.3003983161808468, 41.64115304175487], [1.3006437914338014, 41.64110983686387], [1.30093969455097, 41.64097983131328], [1.3012956013680084, 41.64091492569263], [1.3013901252355546, 41.64092749128852], [1.3017539184907714, 41.64108345655865], [1.301891113134926, 41.641103411898925], [1.3020102430349363, 41.64110715368397], [1.3023968200562632, 41.64103107909808], [1.3026676713057954, 41.64109623581928], [1.3028860367204302, 41.6413402071385], [1.3029317458341998, 41.64146995357644], [1.3026136501546444, 41.64150776749085], [1.3024300943320692, 41.641575218801265], [1.3021946793465584, 41.641756564228], [1.3019795037602784, 41.6421138355572], [1.301836973626703, 41.64226952787613], [1.3015332680642644, 41.64245391577796], [1.3007327968626203, 41.64269922951105], [1.3004255147687716, 41.64298317181251], [1.2998764770426037, 41.64321408977395], [1.2996933119524796, 41.643261822145284], [1.2995273033576853, 41.64325071926346], [1.2993747464005465, 41.64319406088177], [1.2988693662958979, 41.643303402879674], [1.2984953684453242, 41.64332056742075], [1.2973556785568667, 41.64381149236278], [1.2967835860589678, 41.64410123272687], [1.296162043035303, 41.64426675441779], [1.2954424503420652, 41.64451674281525], [1.295160955793345, 41.64465028027899], [1.2950649821029576, 41.64473351989112], [1.2949032559162559, 41.64514750251756], [1.2947657029751092, 41.64540495047662], [1.2947636573874626, 41.64548706170042], [1.294945691891337, 41.645678364173925], [1.2949730432245783, 41.64584350348588], [1.2949281435875786, 41.64588868165202], [1.2946396753496465, 41.645972221408805], [1.2944409743315068, 41.64613049331059], [1.2942015491167649, 41.646102801427084], [1.2939210752534975, 41.64611539027178], [1.2937858710069339, 41.646169859711804], [1.293448550056078, 41.64655304170862], [1.293262267083979, 41.64672743789921], [1.2930614224405352, 41.646862077852006], [1.2929821664298546, 41.6469486262886], [1.2929598326481033, 41.647098891867095], [1.2927637373169547, 41.64760405388717], [1.2924782618757638, 41.64801943217708], [1.2924103041938544, 41.64832393571749], [1.2922977992670768, 41.64841440288012], [1.2913190752374282, 41.64856639335306], [1.2906641960872753, 41.648823352622124], [1.2898429939456293, 41.64926219654226], [1.288736451777337, 41.650091461075284], [1.2883582954127852, 41.65019607151383], [1.2882998510343235, 41.65018106037531], [1.2883045204376107, 41.6499818152365], [1.2881170221604383, 41.64909428986483], [1.2879543836637148, 41.64882418197795], [1.2878476408297501, 41.64878296644089], [1.2878477674720723, 41.64881899079795], [1.2879166608239978, 41.64884748782378], [1.287970405594239, 41.64892178808029], [1.2880706326844482, 41.649104767143065], [1.2882071608619396, 41.6497494275932], [1.2882588651956322, 41.65006453759339], [1.2882464691470705, 41.65018801100099], [1.2881938987325672, 41.650286756889365], [1.2882631748960507, 41.65056411567123], [1.2882341321703914, 41.65067680320981], [1.2878570327728056, 41.650836557974536], [1.2864562882060235, 41.651151184478685], [1.2857647707360973, 41.65133893331894], [1.2850044255179183, 41.651749198007536], [1.2844849176668733, 41.65194851284287], [1.2842801635941183, 41.65210244781077], [1.2837402831914655, 41.652375428739305], [1.2837421366652875, 41.652431696732755], [1.284004022415112, 41.652276477716136], [1.284311671299385, 41.65215506724685], [1.2845436791241711, 41.651978752040705], [1.284793579924497, 41.65186575509803], [1.2850631739373914, 41.65178898388797], [1.2858032702917819, 41.65139057584987], [1.2864772527327066, 41.65120293007977], [1.287899555535736, 41.650876906759976], [1.2882659690963854, 41.650730691934164], [1.2883315014654146, 41.65061862898389], [1.288258585666075, 41.6503562617896], [1.288267922262829, 41.65025309354313], [1.2885118546292247, 41.650219884815385], [1.2887765412527457, 41.650137542122984], [1.2898889621850573, 41.64930395139307], [1.290791451718821, 41.6488291138781], [1.2913446329356142, 41.64861712108327], [1.2923431112882489, 41.648458308625294], [1.2924784995123775, 41.648319815219224], [1.2925473265893326, 41.648036940747964], [1.2928345831578094, 41.64762230928642], [1.2930542547362116, 41.64696527879329], [1.2931171838889894, 41.64689677149693], [1.2933134851462367, 41.64676593687206], [1.2935053073577107, 41.64658639894315], [1.2938375169305258, 41.646210341788276], [1.2940581535030187, 41.64616281934493], [1.294469104250152, 41.64617936262675], [1.2946689486683451, 41.64602326926616], [1.2948977052736501, 41.64595920321418], [1.2950286349799727, 41.645880085108885], [1.2950250012441638, 41.645726461576466], [1.294793878534298, 41.645479404074955], [1.294795632015385, 41.64540836682093], [1.2949471813218925, 41.645130140764216], [1.2950926081734229, 41.64475140286198], [1.2952893915967332, 41.64460643132338], [1.2961924071026336, 41.64428098495236], [1.2968107369881912, 41.64411892810963], [1.2975905141766706, 41.64373048367928], [1.298507143559366, 41.643343078526065], [1.2988673519837857, 41.643329762860354], [1.2993778271066199, 41.643223018165095], [1.299520365884258, 41.64327709647382], [1.2996975163714635, 41.643284581383924], [1.2998484026131472, 41.643245198077295], [1.3009459650499242, 41.643182261549434], [1.3011180428527367, 41.64312689215836], [1.3012051053762568, 41.643135650334116], [1.301371026376459, 41.643241500599686], [1.301554398982091, 41.643309239767035], [1.3022702481540271, 41.64331017145163], [1.3023506730441485, 41.64342106642183], [1.3023607097438215, 41.6435098412022], [1.3023240197290158, 41.643800757894184], [1.3020786297385096, 41.64403698241103], [1.3019834589943668, 41.644204097135315], [1.3019127872228975, 41.64474183708116], [1.3019426260150047, 41.64474434955413], [1.3019874886357645, 41.644521820514434], [1.3020125968262828, 41.64421020193497], [1.302104368357637, 41.64404907149061], [1.3022701233849925, 41.64389615384095], [1.3026587068716258, 41.64387234731543], [1.3027318401642909, 41.6441050858243], [1.3029210621468295, 41.644279724858535], [1.302950403570245, 41.644342124665926], [1.3029309318621378, 41.644562687319414], [1.3028792952753778, 41.64470008840401], [1.302657062931699, 41.644973493753746], [1.3023485199578795, 41.645278142508225], [1.3020944525570013, 41.64529131707099], [1.3018692041218156, 41.64524503101763], [1.3018548002467387, 41.645198883710236], [1.3015787586920826, 41.64524407116874], [1.3015123243354763, 41.64519958663329], [1.3010128649721877, 41.645421519869664], [1.3008716910016198, 41.64545212708954], [1.3007256011376642, 41.64541826314239], [1.3006936270501697, 41.64532817311411], [1.3005717284320553, 41.64531069872168], [1.3004646516141862, 41.64531407338081], [1.3002244955066573, 41.64540554261476], [1.2999240251194513, 41.645448113053995], [1.2995788510109503, 41.64543265270026], [1.2992212221963813, 41.64527443005088], [1.298494533930478, 41.64538797026231], [1.2981248724263554, 41.645372224023035], [1.297436248847211, 41.645417239450566], [1.2975074693073132, 41.64552610996286], [1.2978666446254148, 41.64576253945797], [1.2979496581515932, 41.64592498991698], [1.298041634115414, 41.64599354255179], [1.2984394085006634, 41.646118592489046], [1.2988213335998686, 41.646152163509676], [1.2990665990212904, 41.64632331522307], [1.2992197011940596, 41.64639169536602], [1.2998994677884506, 41.64644182970529], [1.3001672589210123, 41.646532791954], [1.3001906679156494, 41.64662437663263], [1.3000281081781737, 41.64705718275011], [1.2994431656244136, 41.64769782923], [1.2993573621990167, 41.64765467804144], [1.2993268934570483, 41.64767629366367], [1.29979750077395, 41.64797291008288], [1.298922428656579, 41.64791484035596], [1.2989065555687627, 41.64780616410431], [1.297545304091069, 41.64768352187056], [1.297452492550416, 41.64807546709758], [1.2974802792656028, 41.648101007610165], [1.297809153668976, 41.64819765839922], [1.2985504228137197, 41.64831635248031], [1.2983182517704153, 41.64915819806749], [1.2983039118530728, 41.64934713193805], [1.298189354936494, 41.6497851449003], [1.2977941217289677, 41.64968589102297], [1.2973968928392592, 41.6496581242982], [1.2966217142837924, 41.64984623030976], [1.2965673368480934, 41.65016921678546], [1.2966213365496964, 41.65026638943234], [1.2966294896127217, 41.650358018827006], [1.296591621730687, 41.65043248369266], [1.296378742512254, 41.65060460365446], [1.2966021875046798, 41.65097052315589], [1.2959542531707056, 41.651200770826236], [1.2956412468778487, 41.65125764936662], [1.2965135542510187, 41.65153159040973], [1.2966595077743266, 41.651702995194924], [1.2968203087747796, 41.6517942706939], [1.2968897096848393, 41.65190860414436], [1.296874602056423, 41.65194873044605], [1.2965544159633093, 41.65204098711102], [1.2962567548832786, 41.652075942697444], [1.296236538986474, 41.652205065361535], [1.29575077954709, 41.65228243994599], [1.29514756968134, 41.652742567832135], [1.294865588180633, 41.65289771320705], [1.2945542257913911, 41.65300117347418], [1.294269043665809, 41.65300901415707], [1.2938782418591581, 41.65296907693199], [1.2933002423069415, 41.65312838840589], [1.2930700637421955, 41.65332257736453], [1.2925754948597201, 41.653860497796785], [1.2924058190800167, 41.653987223213356], [1.2918854369632113, 41.65421069654376], [1.2914752201025883, 41.65445093233033], [1.29105357715996, 41.65445052133063], [1.2903269388138419, 41.6543718062053], [1.289584870138198, 41.65436752265746], [1.288883059400845, 41.654403287803504], [1.2872648042798969, 41.65433955857219], [1.286859782166327, 41.654378374566214], [1.2869377072884118, 41.65441520295432], [1.2880477513185697, 41.65439193162562], [1.2885341026766797, 41.654474558195226], [1.2890351751860274, 41.65444571837609], [1.2894824335016637, 41.65447201165777], [1.290083050218649, 41.65439825980364], [1.2908017599529558, 41.654463443006236], [1.2910463885605745, 41.654513466084346], [1.2914779841350512, 41.65450537862315], [1.2919096935611554, 41.65425167749598], [1.2924413519512792, 41.654024138455306], [1.2926108542639023, 41.653894888522814], [1.2931089176304973, 41.65335197157052], [1.2933463701387482, 41.65315518854505], [1.2938277668152427, 41.653015973162326], [1.2944964548169622, 41.65305606778494], [1.2948975907648732, 41.6529364667294], [1.295354390901899, 41.652659621703066], [1.2956573120432768, 41.65239318764396], [1.2958708219787387, 41.652284220224054], [1.2967341400962693, 41.6521795674498], [1.2971418498483671, 41.65219776454762], [1.297367773684872, 41.652789072454894], [1.2975155930183022, 41.65328672349498], [1.2976617337697165, 41.65349253101009], [1.2980892044361014, 41.65352200574364], [1.2979794837818681, 41.65364350282317], [1.2985578310745407, 41.65397712094089], [1.2981468300374406, 41.65422988843356], [1.2980786642170477, 41.654333001296834], [1.2980412358134472, 41.65448195884739], [1.2980883566057597, 41.65472223154947], [1.2977610013776926, 41.654917516988576], [1.297468805368916, 41.65478988587668], [1.2974514789151566, 41.65482304867373], [1.297134004111529, 41.65475718417494], [1.2969869498854019, 41.65466827447714], [1.29688751005189, 41.6544769386236], [1.2966384366560753, 41.65414882400913], [1.2963373452165043, 41.65397161566232], [1.2961980369661208, 41.65395342813899], [1.2956565223405014, 41.65408617310289], [1.2952519512467209, 41.65424472948962], [1.2937953607576949, 41.65490393953174], [1.293556558619927, 41.655047023212695], [1.2947251761822431, 41.655576309946476], [1.2954898170064486, 41.655804266754835], [1.2954370625784275, 41.65590111724902], [1.2952621141048555, 41.656027408361844], [1.2948833734961096, 41.656617764721666], [1.2947572590658496, 41.65676387844776], [1.2960252540932655, 41.6571149377906], [1.2963269919656635, 41.65728134842276], [1.2963444210147317, 41.657066890743124], [1.2964627912594149, 41.656612810200016], [1.2979548879893896, 41.65690898683596], [1.2976302458023163, 41.65764558621586], [1.2986109349880877, 41.65782777032094], [1.2986205340419785, 41.657860498819744], [1.2988237847840733, 41.656580944117685], [1.298784586817963, 41.65640932584529], [1.29881491796031, 41.65635204169207], [1.2989824626814506, 41.6562830084778], [1.2993020211877524, 41.65604184998309], [1.2993395600337838, 41.6559388280569], [1.2992855240573844, 41.655824453331476], [1.2992849276463878, 41.65570997334578], [1.2993301857434, 41.655601121215525], [1.299451650908388, 41.65548060279597], [1.2995271476885937, 41.65530879062426], [1.2995261441316959, 41.65511414010774], [1.300220137915742, 41.65519303474901], [1.2997308168614585, 41.654839036049104], [1.2996309572722653, 41.654736147036964], [1.2996000066010602, 41.65466183376706], [1.2996142849830914, 41.65446146491495], [1.299735118720251, 41.654232225442456], [1.299856786572168, 41.65411756843988], [1.300260189672008, 41.6538705367895], [1.3003207257238385, 41.65377883838585], [1.300282053062596, 41.65368738832446], [1.3014889873439466, 41.65376494462723], [1.3019631037699686, 41.65388408104699], [1.302047319151827, 41.653924058963135], [1.3020405882061816, 41.65408427954438], [1.3023789171078335, 41.65424806267269], [1.3024987964270163, 41.65410050181497], [1.3024673664891053, 41.65393457912838], [1.3023675676753277, 41.65382034486962], [1.3018689377971278, 41.65340920948542], [1.301815070080777, 41.65332924414596], [1.3018069982390508, 41.65324337614579], [1.3018823972876168, 41.653065796568136], [1.3022439444052671, 41.652861822029514], [1.302450609364548, 41.65258764305913], [1.3028341488570214, 41.652565837721426], [1.3029485424713634, 41.65253122998651], [1.302992081728935, 41.652478372903815], [1.304039014785407, 41.65288174520145], [1.3055432318188218, 41.65363032090155], [1.3054222627264171, 41.65386532441148], [1.3053479744794225, 41.65409705775084], [1.3052381928485055, 41.65464295422317], [1.3050790611220497, 41.65487244526903], [1.304834174411612, 41.65507905036752], [1.3048624249963843, 41.65517412799315], [1.3049202957676527, 41.655170118032686], [1.3048938088944675, 41.65509479120719], [1.305123888377894, 41.654903279048916], [1.3052998395160613, 41.65465980533783], [1.3054206714573855, 41.65405885591036], [1.3056162461143834, 41.65362121990493], [1.3043205340222939, 41.65297226993737], [1.3042020195644377, 41.652751751663835], [1.3034519927673012, 41.65186171235412], [1.3034412121301537, 41.65175086026069], [1.30351863289702, 41.65165157803064], [1.303628123201503, 41.65158843589297], [1.3038594184764614, 41.651533306245696], [1.304008313047906, 41.651543245174906], [1.3043029644042887, 41.6516410836007], [1.304652227734679, 41.6516393017509], [1.3049833962636814, 41.65144828583691], [1.3053402638327234, 41.65116992220935], [1.3053526893891183, 41.651103635639984], [1.3052980114832584, 41.651045546349565], [1.3047885910436858, 41.65107343345662], [1.3046125344873978, 41.651005086835916], [1.3045740750027546, 41.650942192703454], [1.3045808531940732, 41.650793415640074], [1.3046824740188963, 41.650558843483076], [1.304863757871164, 41.650235473462445], [1.3051076971939215, 41.64990374581691], [1.3051614140931735, 41.649737372783974], [1.305119203063656, 41.64961146629669], [1.3072873699328096, 41.65000908970406], [1.3076464151017013, 41.650036980446394], [1.3080593882301383, 41.6501562765301], [1.3081968088043952, 41.65015028376741], [1.3083263197773756, 41.65009274133886], [1.3084782291508836, 41.64995501259978], [1.3085382627745252, 41.64974883101859], [1.3089058335915738, 41.64948727617762], [1.3088487552666288, 41.6492959478396], [1.3087259847062391, 41.64918750102517], [1.3083437303893883, 41.649073613273146], [1.3079914670037625, 41.64892008579011], [1.3075481745379203, 41.64883520357342], [1.3075554377452923, 41.648777937521004], [1.3078441818839752, 41.64851396860932], [1.3080413790471288, 41.64827890927443], [1.3081182116075405, 41.648353085291696], [1.3086227045515029, 41.64860927842031], [1.3092094874867792, 41.64823052399301], [1.3094905906321495, 41.64797805717225], [1.310191734958466, 41.64773041156712], [1.3103210638993819, 41.64766143008527], [1.3105965659185213, 41.64743004403076], [1.3103423776912655, 41.64736946968748], [1.3094805188916354, 41.64704021551477], [1.3090447331662705, 41.647059207373175], [1.308828360722029, 41.64699910057017], [1.3087215615043475, 41.6470009513513], [1.3086614377238326, 41.64717858038374], [1.3086405414082152, 41.6475277349953], [1.308496235353721, 41.64768259871452], [1.3083213344020674, 41.64780891528032], [1.307925202437861, 41.64796430398444], [1.30771910083711, 41.647993427642646], [1.3072304631331664, 41.64799442684498], [1.307230325791216, 41.6479583978007], [1.3079107381144648, 41.647929685194384], [1.3082919454077475, 41.64778020142077], [1.3085949144914009, 41.64751382349806], [1.3086136054979531, 41.64717553461212], [1.308663441682363, 41.64700559006987], [1.3086442129617895, 41.64699702083957], [1.3082204732676614, 41.64750578966671], [1.3078625627330212, 41.64767822772814], [1.3065389050778045, 41.647206053944906], [1.3061864994574441, 41.64698929591603], [1.3059104761219662, 41.646772401925446], [1.305787348949876, 41.64659522065195], [1.3055945210227342, 41.64624652263823], [1.3056482197527812, 41.64601629108734], [1.3060098622804603, 41.64587543403129], [1.307526324438884, 41.64624228252336], [1.3079090788442482, 41.64641895744242], [1.3080700905984401, 41.646538776305086], [1.3082842143008147, 41.646606953006284], [1.3092773196757899, 41.64681133206493], [1.3093360136140741, 41.64626125668907], [1.3093197284497007, 41.64608961847184], [1.3092396967508677, 41.645977112937516], [1.309027204154521, 41.64580070076998], [1.3090286194655534, 41.64529183516626], [1.3088570334634428, 41.645080537968944], [1.3088377148951136, 41.64498361112881], [1.309519011280883, 41.64531481652153], [1.30986394935202, 41.6453947319378], [1.3101332113483017, 41.64551226257612], [1.3105564286648357, 41.64557405704619], [1.3109616516064153, 41.64548814029986], [1.3113083951796882, 41.64530571547378], [1.3115827329089402, 41.64512780996877], [1.3119893049584388, 41.644792061809625], [1.3119209908318379, 41.645389827854785], [1.3118410477869469, 41.64557293632729], [1.3117198054062198, 41.64567734487412], [1.3116692676432167, 41.645764148104355], [1.3116677230751754, 41.64587364762322], [1.3117165489730231, 41.645958398038296], [1.3115199173985819, 41.64629650499461], [1.3114448944471548, 41.646525619922734], [1.3113617814230196, 41.64669183429461], [1.3111719505851052, 41.64687539448332], [1.3110333557500329, 41.64694982494683], [1.3108554644549821, 41.646993234780844], [1.3108193215702015, 41.64708970629752], [1.3108286480890492, 41.64720152719636], [1.3109298010354875, 41.64733307162394], [1.311387900341763, 41.64762756999577], [1.3115224391008278, 41.64780526424191], [1.311539922799557, 41.64784388992298], [1.3114687070078916, 41.64806026664361], [1.311532320152255, 41.64836050039487], [1.3115224742424092, 41.64857678809485], [1.3120853420270466, 41.6493389181653], [1.312572026652937, 41.649878004815065], [1.3128936209421678, 41.65017706302247], [1.3129271274059642, 41.650153957245124], [1.312125542393891, 41.649321585197875], [1.3115710088665615, 41.64856677867835], [1.3115767355295889, 41.648347282588006], [1.3115198558262975, 41.6480421040129], [1.3115829231719616, 41.64801357857026], [1.3117800520819625, 41.64776698758712], [1.3122360330518605, 41.64736531910427], [1.313325908962786, 41.646554221262114], [1.3135386852162199, 41.646434667514804], [1.313665765827632, 41.64637798849451], [1.3142778407761342, 41.646289155383], [1.3147835480781154, 41.646153360601296], [1.315191730769461, 41.6461747428719], [1.3155667315473694, 41.64613799853965], [1.316055119129416, 41.64605409342303], [1.3165808341333165, 41.645891923866294], [1.3168443995212866, 41.64587389814536], [1.317018487030899, 41.645634526176195], [1.317485619366704, 41.645245694875044], [1.3176718154393336, 41.645131958895064], [1.3171384040127123, 41.64425714395552], [1.3165076387481107, 41.64340795213708], [1.31599242638983, 41.64355928715465], [1.3152986270674554, 41.643822572426714], [1.314521405251743, 41.64431183907059], [1.3139915150547234, 41.64395591398463], [1.3151386316511688, 41.642689814515144], [1.3157303074691862, 41.64287679034696], [1.316122174481352, 41.643099951901824], [1.3161652472667442, 41.64307356273809], [1.3157727969680153, 41.64285435575828], [1.315838932798692, 41.6427446318566], [1.3159013531623514, 41.64248227431389], [1.315852144312441, 41.6422369293315], [1.3157735451847505, 41.64214291762888], [1.3152714488501276, 41.64180960286689], [1.3150762780324623, 41.64162724103558], [1.3151317674547844, 41.64158049887067], [1.3155746785141156, 41.64145242614291], [1.3155950193148358, 41.64140444800673], [1.3155747332673167, 41.641302824506646], [1.315458275024398, 41.641233120835], [1.3152553766227242, 41.641154309434], [1.3149876665962834, 41.641120387328804], [1.3148843136515682, 41.641013407075086], [1.3146866071814178, 41.64121433099104], [1.3146176418962583, 41.6412252985697], [1.3141732312259726, 41.64107467618357], [1.3140458332066696, 41.641060828198924], [1.3138612377854735, 41.641251765384276], [1.3137615408104508, 41.6412855189932], [1.313699424320972, 41.64138377203252], [1.3134161399925026, 41.64144518854277], [1.3130948308253287, 41.64149595409731], [1.312571621656597, 41.641521512049515], [1.3119555315040947, 41.64150823515525], [1.3114040322649942, 41.6414168201565], [1.3108086040164435, 41.64106284902506], [1.3106566432570637, 41.64101972000342], [1.3103964196784765, 41.641039672162805], [1.310060721037514, 41.64095187822929], [1.3100074132584043, 41.640923983922335], [1.3096647677603765, 41.640454105174484], [1.3097588149799428, 41.640333356715935], [1.3098324017131266, 41.64016394091007], [1.3098681772308565, 41.639732052132366], [1.3098417224821028, 41.63935689140137], [1.3099129031795171, 41.639311643474116], [1.310610867229618, 41.63942079603346], [1.3109478009748956, 41.63906592376922], [1.3116012373100576, 41.63878352199611], [1.311900103363629, 41.63896651685087], [1.3121168804231789, 41.63914821519616], [1.3124176836361483, 41.63956558882001], [1.3127035826610587, 41.63979505073424], [1.3130224774223682, 41.63997022614461], [1.313145057629183, 41.64008559639978], [1.3134423884836024, 41.63985344267663], [1.3133082781786818, 41.63967836875093], [1.3133022921717823, 41.63952579626521], [1.3136666118862945, 41.63902675923994], [1.313336544925749, 41.63855707581844], [1.3133460577506095, 41.63842734228508], [1.313454833406656, 41.638257080497056], [1.3139594261823757, 41.63767328016468], [1.3140462098501515, 41.63781226695081], [1.3144750472886233, 41.638131362776505], [1.314584095713773, 41.63836028859933], [1.3146111037486177, 41.63854964679722], [1.314734847589118, 41.63884175433413], [1.314888887254245, 41.63900775181847], [1.315161738508874, 41.63891312829145], [1.3153376625800564, 41.63888895728692], [1.3153773099862196, 41.63890178320261], [1.3155297989250416, 41.63934886747477], [1.3156081712274326, 41.639446839026455], [1.3158507317421202, 41.63947804033325], [1.3165056262708752, 41.639485109652064], [1.3164194905329858, 41.63914546782803], [1.3164363955228533, 41.63899881501837], [1.3167429695689448, 41.63846163405078], [1.317068489258876, 41.63799462222371], [1.3170946560447485, 41.63776857959431], [1.3169110313991417, 41.637461366823175], [1.3168579882347802, 41.6371511171308], [1.3168651612208357, 41.636986218047184], [1.317016493847852, 41.6365916813747], [1.3169117308531593, 41.636386778565715], [1.3168273727461381, 41.63598834416025], [1.3166959150341746, 41.63571567495196], [1.3167124602417892, 41.6355873905732], [1.3168959216225151, 41.63528681942906], [1.316924125187327, 41.6351903195488], [1.316867324356027, 41.63510779616891], [1.316579193328104, 41.635047553659646], [1.3162800845829452, 41.635026243517004], [1.3165832600069358, 41.635029689740335], [1.3168747348905823, 41.635090611687936], [1.3168943708921248, 41.634884824165674], [1.3170280088841873, 41.634344208401984], [1.3170312847364882, 41.63405243668861], [1.3166184655456963, 41.63322425591902], [1.3172539887162307, 41.632500942679954], [1.317443970220599, 41.632443559022185], [1.3177964765046701, 41.632128433753664], [1.3171562800896977, 41.63191434572289], [1.3168480288922237, 41.63189406510381], [1.316618368938104, 41.631802079019295], [1.3163103998467467, 41.631618782811145], [1.3163933183831047, 41.63112642582326], [1.3165558047115036, 41.63050580680221], [1.316553612651957, 41.6302809653216], [1.3166630170353957, 41.630025689837844], [1.3170603356577453, 41.62930231941475], [1.3171258959660817, 41.62883104907116], [1.3171307924182778, 41.62856875302537], [1.317041461048618, 41.62835254289903], [1.3166054963866614, 41.6278987004678], [1.316592450591965, 41.627753954907334], [1.3166943414258208, 41.62723800728069], [1.316819485793225, 41.62696810084052], [1.3170368252107563, 41.62663343905278], [1.3174602778178417, 41.62626143965446], [1.3175343518224916, 41.62614570600648], [1.31756157296456, 41.62597137273968], [1.3175235888673038, 41.62580716324334], [1.3175614372188114, 41.62562091194016], [1.3177595710055183, 41.62544286586221], [1.3178913796735763, 41.62490222590017], [1.317977021304543, 41.624692360102564], [1.3183157047607077, 41.624099712032915], [1.3182387823657493, 41.624080229667044], [1.3182502614489966, 41.62404044575123], [1.3181506625564805, 41.624279332777775], [1.3179749262356635, 41.624398703424035], [1.3178955784566195, 41.624380343604656], [1.3178710186375484, 41.624221284402445], [1.3177536185918566, 41.62419371649362], [1.317449327392121, 41.6242399747275], [1.3171626664803064, 41.62440195291664], [1.316777311457077, 41.624481698486385], [1.3161770034178604, 41.62445858387506], [1.3157788439779559, 41.624352058124195], [1.3153215195574657, 41.62431905983604], [1.3142151742595078, 41.624386599901335], [1.3130731388314272, 41.62476885215708], [1.312745348348364, 41.62494705822668], [1.3125710540026554, 41.62501142418131], [1.312571111508173, 41.62498620601023], [1.3130586491621234, 41.624749094731555], [1.3142077095234728, 41.6243644237616], [1.3153228255635045, 41.62429656199629], [1.3157876882179786, 41.62433048136191], [1.3161844216956315, 41.624436445782074], [1.3167740549200846, 41.62445922387259], [1.3171473309960966, 41.62438236375192], [1.3174963899820782, 41.62420274062005], [1.3170733251979163, 41.62424608807387], [1.3163314346132793, 41.62423936934054], [1.3160118028917633, 41.62415965966858], [1.3157064034407362, 41.62404071243566], [1.315615000441674, 41.623941374415594], [1.315594452652564, 41.62385920149745], [1.3155034379804507, 41.62377239753023], [1.3157026167311776, 41.62371559722041], [1.315982731473443, 41.6235517253799], [1.31617322005797, 41.62348264223922], [1.3169254681132623, 41.62340025629828], [1.3172580623820482, 41.62341529978981], [1.3178148626039965, 41.623569446754544], [1.3181460996528411, 41.62381705841573], [1.3181885193894718, 41.62389623691398], [1.3182592320205664, 41.62385390397075], [1.3178290751976331, 41.62354911928991], [1.3172818673021636, 41.62339538304694], [1.3169238914282984, 41.62337780628607], [1.3161662276725232, 41.623460743345795], [1.3159667848767578, 41.62353257744218], [1.315739080312909, 41.623675150691064], [1.3154926674842604, 41.623752694919425], [1.3151855727095265, 41.6238142131145], [1.3148600501117154, 41.62379052621325], [1.3146110570462008, 41.623838038085], [1.3143288193859797, 41.624005117861635], [1.314149857120404, 41.624152280270394], [1.3128201862840332, 41.62455347931096], [1.3125654586667397, 41.62462278904119], [1.3122959265877965, 41.624587757783225], [1.3120293973189547, 41.62466769665693], [1.311258811744722, 41.62478959098916], [1.310403944952739, 41.625027063658955], [1.3096187026140873, 41.62530994849379], [1.3090937599241865, 41.62554919677727], [1.3088054027840679, 41.62562809092611], [1.3082968951124265, 41.625619616013324], [1.3086736293215613, 41.62552131269814], [1.3088869333273565, 41.62550319563808], [1.30916314930777, 41.62541574633992], [1.3096053379042663, 41.62520581807289], [1.3089229494567427, 41.62455647708939], [1.3092244158626898, 41.62440752701638], [1.3097766563212883, 41.62420713852584], [1.3107123031209271, 41.6240065292715], [1.312030642035875, 41.62395257566099], [1.3125693842823634, 41.62403938217976], [1.3127912428418032, 41.6240382261473], [1.3130303830460501, 41.62392671544085], [1.3136192166833471, 41.623772694615546], [1.3140287074717265, 41.62351732095333], [1.314176696390229, 41.6234718459268], [1.3149274214969666, 41.623517167092075], [1.3152247451609698, 41.62346667476458], [1.3153093417697008, 41.623430896964685], [1.3156476707726557, 41.62314700808118], [1.3159418196131527, 41.623084663949264], [1.3166277145901775, 41.623098220746456], [1.317138940794429, 41.62306607335381], [1.3177782979486699, 41.62317036530847], [1.3181424752110082, 41.623267740308], [1.3184410205926609, 41.6234982695771], [1.318530888067152, 41.62352750552293], [1.3193057968441686, 41.623570805637826], [1.3200071683725698, 41.62375110878887], [1.320420694249956, 41.6239025542181], [1.3205041005154847, 41.62397867815353], [1.3204291412065858, 41.62384211596134], [1.3203405579421463, 41.62379110381689], [1.319984282944973, 41.623694031424264], [1.3193053994384778, 41.62352117687793], [1.3185649142286988, 41.62348377997932], [1.3184315531788384, 41.62343301191281], [1.3182009977410987, 41.623237523277815], [1.317906765795586, 41.62312765752713], [1.3172330138794577, 41.62302124595929], [1.3168467477201278, 41.62302559158594], [1.3168959750972495, 41.623021863178685], [1.3168529576206989, 41.62291606981967], [1.316542171521848, 41.62260708806662], [1.316372840499728, 41.62234268990019], [1.3167635406209686, 41.622246181186156], [1.3179560363459146, 41.622058371094845], [1.3175131788632999, 41.62174169452636], [1.3171730981016645, 41.62138275267523], [1.317202750767548, 41.62118386639875], [1.3171601901116317, 41.621043453175204], [1.3173085265210722, 41.62097969534903], [1.3179218156968133, 41.620866991245684], [1.3181320752170669, 41.62085448665508], [1.318149362218644, 41.620993169650255], [1.318802870862497, 41.620940129512114], [1.3189814198751344, 41.62088689909072], [1.319023051670437, 41.62074438995916], [1.3191221702767668, 41.62061118799346], [1.3190839928731506, 41.62021847348787], [1.3192197006171202, 41.61997069963548], [1.3192419480608348, 41.61985816976355], [1.319231597037566, 41.61971138313848], [1.3191003953243459, 41.61926768512448], [1.3191104217589849, 41.619145069040556], [1.319346659051254, 41.61895009952234], [1.3196942235122293, 41.61882665452031], [1.3199207977657028, 41.61853220197087], [1.3202390503401664, 41.61840012610351], [1.3202729244613662, 41.618343608117534], [1.3203189270389084, 41.617898173385086], [1.3203617435237938, 41.61775144329306], [1.3205176638296743, 41.61798727288097], [1.3206455687273344, 41.61808605064401], [1.3208902529676139, 41.61816195039847], [1.3212842706424355, 41.618191033961764], [1.3215412307073853, 41.61825621340507], [1.3216694372486337, 41.61825087576151], [1.3219954139309955, 41.61812206468413], [1.3222412818126406, 41.617966949758454], [1.3223478561384931, 41.61743458198426], [1.3224181838003055, 41.61723087931528], [1.3223507867514783, 41.61645081110493], [1.3223774556308734, 41.61629223021404], [1.3228315759103235, 41.61512634704188], [1.3229219182742296, 41.615034985281405], [1.3232972620894217, 41.61481591742974], [1.3234855368708427, 41.61460835493357], [1.3234660693215246, 41.61419690996574], [1.3234963513747053, 41.61407962815013], [1.3235552241737119, 41.61400302832682], [1.3234911642816463, 41.613788722489], [1.3235833049590497, 41.61330784171253], [1.3239659353065527, 41.61328846885876], [1.3241784304573958, 41.61334182549736], [1.3246307086939786, 41.61318188332807], [1.3250138976035177, 41.61314134910523], [1.3249856963320388, 41.61302970393345], [1.3250618729033423, 41.61279447527347], [1.3249045562067718, 41.61271932189146], [1.3244732040488452, 41.612603961688684], [1.3245575156430833, 41.612448382133365], [1.3246347487060766, 41.61245545249187], [1.324830487163502, 41.61258070374903], [1.3251317847616277, 41.6125972540895], [1.3252582520564558, 41.612370864277665], [1.3252417850337368, 41.61260399093186], [1.3254978273485247, 41.612704184650326], [1.3256674311385583, 41.61284256393476], [1.3258615107388816, 41.61307894238633], [1.3260612850291345, 41.6134801290939], [1.3262261417232368, 41.613593584102254], [1.3264701386941258, 41.61363532614384], [1.3267935664131474, 41.61358968257966], [1.3269476965263216, 41.613602554402135], [1.327144561679963, 41.61370332409069], [1.3272985029912023, 41.61384426510781], [1.3273457102670156, 41.613800913328376], [1.327253268662981, 41.613662659836095], [1.327231571975817, 41.61343384113671], [1.3273453903886097, 41.61324644458588], [1.327569229832892, 41.61317647660841], [1.3279018757215781, 41.61317806969772], [1.3281908494323338, 41.61325370208617], [1.3285413374474309, 41.613452081600094], [1.3291835887904806, 41.613939047142466], [1.3293858164856354, 41.6141856257483], [1.330741121578621, 41.614290874002165], [1.3307424235675507, 41.614207579858125], [1.3306345506841546, 41.613978856634425], [1.3306380384353715, 41.61387154603423], [1.330742778726341, 41.613574851605826], [1.3309730065328034, 41.61339643761646], [1.3310133606334174, 41.613269667222184], [1.3309530475042788, 41.61304875478982], [1.33108918898108, 41.61280970930326], [1.3311801972509398, 41.6125709044899], [1.3310813843439864, 41.612213790368635], [1.3309534471122895, 41.611496790999226], [1.3308083055056072, 41.611256277111885], [1.3307850421349379, 41.611083093848194], [1.3309959001017297, 41.61069228773489], [1.3312386620322336, 41.61043713233619], [1.3296788216055881, 41.60946633448436], [1.329980928391698, 41.609418210326226], [1.3300469071346934, 41.60937737734346], [1.3300536178713904, 41.609312625720825], [1.3299440108529734, 41.60908568688649], [1.3296164251797782, 41.608614372902345], [1.3301156805783207, 41.60813903757383], [1.330319662496393, 41.608014374358], [1.3313465638954842, 41.608829719990034], [1.3318437162167713, 41.609073636156545], [1.331881559540665, 41.60883919735177], [1.3320700120147846, 41.60856730974937], [1.3321096565199313, 41.60841197241284], [1.332333123391672, 41.608173922227905], [1.3326358003737202, 41.607753641739116], [1.3328436584962564, 41.60759029638067], [1.3331590252689103, 41.607492827599486], [1.33391246190111, 41.60739349933426], [1.3341637225315344, 41.60730148432033], [1.3343169206940642, 41.60727542770952], [1.3345533241963974, 41.607289751808324], [1.334596160489548, 41.607098707197736], [1.3348981505496447, 41.60720386457125], [1.3352635259584889, 41.607172855319774], [1.3353766307379593, 41.60707253619352], [1.3354554492406085, 41.606947492032376], [1.335567019116605, 41.60690218221381], [1.335928903144161, 41.60685752446528], [1.336014818698019, 41.606656835220846], [1.3359858762279326, 41.60639152080396], [1.3360114767761089, 41.606324610417005], [1.3361061174916966, 41.60619529143841], [1.336252830733933, 41.60609923632772], [1.3358399503767442, 41.60582171194159], [1.3356387507389418, 41.60543222084042], [1.3355489419304019, 41.60516306160785], [1.3355549373049025, 41.60508388830517], [1.3356406014440212, 41.60491183286308], [1.336266679954174, 41.60439696529453], [1.336270046476795, 41.604228586230306], [1.3363030823012325, 41.60420384529421], [1.336289653750256, 41.60409574904039], [1.3362454010081242, 41.60407133492775], [1.33594032649094, 41.60406799472394], [1.335443192018014, 41.604136998360794], [1.3355194683408502, 41.603307312599995], [1.3357569250811527, 41.6028459038734], [1.3359365115484751, 41.602618829772844], [1.3360307225846655, 41.6025342685153], [1.3364686051292372, 41.60230958167716], [1.3370974740923678, 41.602133136525865], [1.3372215817736453, 41.60202000029569], [1.3372697106932605, 41.601888746386585], [1.3372038017656354, 41.60174485887977], [1.3372967917179799, 41.60166567849454], [1.3376644025732232, 41.60158371958575], [1.3378210184367634, 41.60136783447682], [1.3379747692286226, 41.601300705202966], [1.3381411431543049, 41.60138273136105], [1.3381732962687198, 41.601448410273576], [1.3384830692327085, 41.60145522601223], [1.3387211449045842, 41.60136616261777], [1.3390010617364485, 41.60107712557244], [1.3394872774816498, 41.60077305024633], [1.3398622775715479, 41.600458719934885], [1.34024348308276, 41.60100724783477], [1.3405351460550081, 41.60084951172893], [1.3411279928400905, 41.60064983153804], [1.3422949523855459, 41.600363133030214], [1.3420602707428835, 41.60028246934704], [1.341890893519756, 41.59990993482342], [1.3410287507566903, 41.59906170189476], [1.3406678520102813, 41.59889640416363], [1.340120308120397, 41.598766277044284], [1.3397989087090216, 41.59860500248843], [1.3396980149768443, 41.598217145178566], [1.3396753155139627, 41.597534371325644], [1.3398383108858172, 41.597498094463276], [1.339913705582729, 41.59743091153803], [1.3399634988104068, 41.59729030878347], [1.3400976151178936, 41.597380422739455], [1.3402110140701098, 41.59758625004839], [1.3403453086709243, 41.597730312791974], [1.340343419929713, 41.59767759547189], [1.3401377571575273, 41.597359115811834], [1.3399476139091833, 41.597231269158364], [1.3405196458408624, 41.59722457366636], [1.3409750904011202, 41.597825690363784], [1.341501953956797, 41.598252553569466], [1.34196330010192, 41.59867955908621], [1.3421028467087712, 41.59890953977642], [1.3425668157138777, 41.59901404107366], [1.3427822943282812, 41.59864903384012], [1.3429356398050114, 41.59824557637195], [1.3425739383419817, 41.59806950129622], [1.3421753025165841, 41.59777076402962], [1.342211415151651, 41.59741442911717], [1.3422493778596873, 41.597337607836806], [1.3421623016674114, 41.59724718412654], [1.342256840594504, 41.59723332610927], [1.3428268992564711, 41.59699917225834], [1.3434266421860592, 41.5972553213672], [1.343674491930597, 41.59673604570277], [1.3438281229303044, 41.59651362866947], [1.3441220662716702, 41.596232702380405], [1.3442607719807762, 41.59617183274763], [1.344446753924782, 41.59618081651661], [1.344884850185242, 41.59639590016299], [1.3451465352768273, 41.5965651239341], [1.3452783028614486, 41.59636229529039], [1.3454210207673236, 41.59597948259717], [1.3455291835916612, 41.595873948109656], [1.3455454660460415, 41.595725029023804], [1.3462314965154272, 41.59596187441674], [1.3463898336673856, 41.59637242854689], [1.3464967262146823, 41.59650181137932], [1.3465714297116949, 41.596576067591876], [1.3470970391471082, 41.59688950184308], [1.347141185948949, 41.59696975725318], [1.3471116322880043, 41.59714101904051], [1.3469872934138654, 41.59736783107253], [1.3471704071560846, 41.59707161260808], [1.3472142502535196, 41.5970610430457], [1.3471871298306728, 41.59700273045579], [1.347112125731158, 41.59687563118181], [1.3466511523600624, 41.59656938788758], [1.3465026416661412, 41.59643690169087], [1.3464341461616856, 41.59635685372025], [1.346266408595819, 41.59593382050808], [1.3444057277524535, 41.595236753452085], [1.3440997154179826, 41.595187225428], [1.3442888774140451, 41.59477599555056], [1.3448059573808269, 41.59471678319171], [1.3452097139131813, 41.594706834770605], [1.3455396037391696, 41.594794086475304], [1.3457523187655147, 41.59489802036371], [1.3458794692318403, 41.5950026229659], [1.3463844672426009, 41.595195781784895], [1.346745559531422, 41.59540984957922], [1.3469410785602502, 41.59563296479257], [1.3469863629996832, 41.595776734943655], [1.3469056700607955, 41.59604740121721], [1.3469365703845524, 41.5961624172861], [1.3470535648283817, 41.59631252825027], [1.3471415028787137, 41.59635999800067], [1.3475577154565384, 41.59675129557837], [1.3476802106887311, 41.59693966952699], [1.3477547698000398, 41.596975399694756], [1.3477937880592814, 41.59708603779957], [1.3477684046097462, 41.59684565385467], [1.3479693984146337, 41.59683115519801], [1.3488407141748473, 41.59622490011563], [1.349328377405119, 41.59634097305401], [1.3501327977103086, 41.596297216088374], [1.3500548496405576, 41.596116324894375], [1.3499495235064594, 41.59560213829167], [1.3499615387464834, 41.595210332479006], [1.3497086879232933, 41.595165005139734], [1.3495740048697782, 41.59509678085801], [1.3495796671078932, 41.59504408199393], [1.3493686326897796, 41.59497728304224], [1.3487964106465242, 41.59498753262901], [1.348693978855295, 41.59475088760306], [1.3485539967549733, 41.594716456275464], [1.3484673931312914, 41.594593169056644], [1.3483934043023456, 41.59432784479776], [1.3481074756986295, 41.593956616458634], [1.347611810970233, 41.593726756827564], [1.346648730625081, 41.59343009681941], [1.3463849142834836, 41.59341071983152], [1.3461921307103375, 41.59334841535238], [1.346045656698863, 41.59323948193832], [1.3455877912251153, 41.59273274635404], [1.345103884566845, 41.592433151965416], [1.3452369880050963, 41.592337609590075], [1.3454632677494522, 41.59189088446383], [1.3457168901607341, 41.59184454241048], [1.3461042854425942, 41.59190587424163], [1.3461033176502206, 41.59181713826806], [1.3462169447257826, 41.59166619252143], [1.3462694749125346, 41.591502483090245], [1.3462362623825315, 41.59136537120305], [1.3474953566244743, 41.591250178408444], [1.347726148069116, 41.59139769153912], [1.3479529355597641, 41.59137293551612], [1.3471665326820397, 41.59109377047856], [1.3472768322402906, 41.59103077732057], [1.3473416678887298, 41.590840764139315], [1.3473137188629718, 41.59062870107958], [1.3474375715146643, 41.59055689576982], [1.347409380380374, 41.590378064556226], [1.3474738088052705, 41.590307206184576], [1.3481309765281757, 41.590337543806385], [1.3484285413640964, 41.59023788062915], [1.3487548997708732, 41.590302460623306], [1.349212616864015, 41.59028309543671], [1.3495295269166963, 41.59034231355768], [1.3498225949941831, 41.59028698601937], [1.3505606072610443, 41.59033693443083], [1.3504737825380488, 41.58997244170231], [1.3513954029432826, 41.58999682804623], [1.351364486193262, 41.58962296006239], [1.3512506537539648, 41.589164584737944], [1.3516840498141935, 41.58934184091966], [1.352117634748672, 41.588676231286954], [1.35246207619613, 41.58838835564241], [1.3520164319104924, 41.5881317609322], [1.3514179823948744, 41.587911337733516], [1.3521607335953736, 41.58721242277676], [1.3518177795537059, 41.58710249010659], [1.35159793239378, 41.58690226275142], [1.3508024097525613, 41.586624432870394], [1.3503069750482233, 41.586599588886706], [1.3500385986081758, 41.58652430784734], [1.3491236436530503, 41.58654161825573], [1.348128871318562, 41.58617435654472], [1.3477758217587794, 41.58610326198232], [1.3476574478683847, 41.58601257256102], [1.347604549603512, 41.58570630371116], [1.3472624164991638, 41.58526851480684], [1.3471596116218445, 41.5851789494143], [1.346489060073299, 41.5848002984616], [1.3451102866665803, 41.583791051797476], [1.3449936083664926, 41.583779648986], [1.3443357593842635, 41.583910326636584], [1.3441650458711958, 41.58389156513479], [1.3441841089087234, 41.584347587235804], [1.3440535778874108, 41.58455007714015], [1.344083341571203, 41.5847185695522], [1.3440518602452223, 41.58492239175129], [1.344017069626281, 41.584927119022396], [1.3442814095423115, 41.58508917313486], [1.3441106707982493, 41.58540033267363], [1.344038199578244, 41.585922051587865], [1.3445315001147407, 41.586081999321685], [1.344910932012186, 41.586134569308555], [1.3459145855781738, 41.58643515568135], [1.345717791887372, 41.58744740168603], [1.3454429368249763, 41.58750397624038], [1.3449334527103196, 41.58742287513554], [1.344577121348259, 41.58732515324281], [1.3443507530061545, 41.587559588468814], [1.3442615452239306, 41.58772664174282], [1.3446533108264218, 41.588433374009604], [1.3446554927132142, 41.58861561423671], [1.3444422471461044, 41.58920511337084], [1.3444569870403926, 41.589323135404015], [1.3447671987340148, 41.589535927192024], [1.3450109651135185, 41.58956979040875], [1.3451901394157302, 41.58965667429834], [1.3444814794919027, 41.58997053646262], [1.3442051760722715, 41.59003168062334], [1.344060336684908, 41.59001410226287], [1.3436481292205018, 41.589768940812945], [1.343399581640567, 41.589753384292], [1.3432347402706666, 41.58979081872732], [1.343071143108417, 41.58988772063055], [1.3429507888002188, 41.589850764306256], [1.342575826660701, 41.58948202594688], [1.3423961306132453, 41.589410532197114], [1.3422176883989942, 41.589416875510416], [1.3420099815988458, 41.58947935949503], [1.341930335217861, 41.589558196014735], [1.341664393703163, 41.58998830986302], [1.3414155202333977, 41.59004146666843], [1.3412181902115543, 41.59019993189712], [1.341297661830987, 41.59007128994682], [1.3413531559446616, 41.58979224769151], [1.3415092116532643, 41.589315420218156], [1.3414945256986202, 41.589143717728334], [1.341422143358694, 41.5889997344547], [1.341254178225474, 41.5888686927201], [1.3410750607691426, 41.58877964638718], [1.3402554162492724, 41.58847022725397], [1.3401148682807023, 41.58899285171024], [1.3396318954495012, 41.589604921919744], [1.339786571203811, 41.59003443692148], [1.3396914611783444, 41.59021140338256], [1.3398538123741666, 41.590266343922416], [1.339861561797079, 41.590385526487296], [1.3398010685550703, 41.59075168662684], [1.3384602131862642, 41.59029809577903], [1.337439590296149, 41.589755540476666], [1.3367432868044187, 41.58920767198108], [1.3366511602440707, 41.588931269455735], [1.336665566083295, 41.588762693936175], [1.3367612242733018, 41.58852745902787], [1.3374846429272325, 41.58812550069823], [1.3381528232308122, 41.587252846779066], [1.338533112990842, 41.58659813699453], [1.3386339587450313, 41.58661868917934], [1.3384321750687767, 41.58601024120612], [1.3385343735348871, 41.58580023286667], [1.338579102598933, 41.5855667955533], [1.3387466158852694, 41.58542483218148], [1.3388876639217615, 41.585131265376134], [1.3391827447374665, 41.584823437012034], [1.339821652249903, 41.58429973053727], [1.3401165899930119, 41.583992712755666], [1.3401518510269455, 41.5839181001814], [1.340153753076141, 41.58389477734877], [1.3400982217865416, 41.5839979371897], [1.339948173445628, 41.58413531363363], [1.339849526743206, 41.58409166654086], [1.3396817876834373, 41.584232045807184], [1.3388555917289868, 41.58469748168692], [1.338549194703408, 41.585081433774555], [1.338424419227072, 41.58529264246033], [1.3382777790587244, 41.58571060266823], [1.3382004282148934, 41.58612605174614], [1.3381779974943322, 41.586579853379845], [1.3383640679723259, 41.58659830988651], [1.3383000034663375, 41.586781033633585], [1.3377618473829382, 41.587641063357275], [1.3375121162821022, 41.587952516045526], [1.3373318175766284, 41.58808275929941], [1.3368153069881585, 41.588360173644574], [1.336623496056623, 41.58856465033123], [1.3365532848355188, 41.5887154898644], [1.3365440811188591, 41.58881695401005], [1.3365483695651939, 41.58902372792844], [1.3365813509101134, 41.589117606328045], [1.3366876909513608, 41.58928432643852], [1.336934853651618, 41.58949856867285], [1.3375589812757687, 41.58992317360028], [1.3383408355739648, 41.59032159375899], [1.3390916136890725, 41.590654975907704], [1.339486990336329, 41.5907182377097], [1.339764377003446, 41.59082600362397], [1.3399562889439778, 41.59094028033243], [1.340654046203983, 41.59146572329875], [1.3407692225620234, 41.5916627401524], [1.3409676970265099, 41.59218638586958], [1.3410304254689578, 41.592290235095426], [1.3412605043190453, 41.592469824270566], [1.3414205686003509, 41.592567962498855], [1.34235986042423, 41.59282694472792], [1.3422636597333948, 41.59292427243262], [1.3424271527274727, 41.59314639752026], [1.342491547483611, 41.59333998273718], [1.3424949573284193, 41.59356799535959], [1.3424388203945614, 41.593745611575066], [1.342344577225023, 41.59390728098704], [1.3421947542962853, 41.59407003562913], [1.3415547301934168, 41.59361244609122], [1.340738916917801, 41.59325850626123], [1.3404816009279141, 41.59322434375186], [1.3400341134180596, 41.593264992386835], [1.339050361641112, 41.59361259063015], [1.3381529775282355, 41.593656547274136], [1.3380362527854524, 41.593683956201666], [1.33786442294814, 41.59379216571624], [1.3376925917755655, 41.594494376664784], [1.3377581984552036, 41.59476202276949], [1.3379505027473408, 41.59500158922149], [1.3379965906512141, 41.59518806692933], [1.337929876021732, 41.59545028232659], [1.3376266415885485, 41.59617644690933], [1.3370945297887773, 41.596586757437905], [1.3369627836953233, 41.59649334625175], [1.3366744865521623, 41.596197627472485], [1.3363821545774668, 41.596302465064625], [1.3357586532519587, 41.59642602865405], [1.3354018624703556, 41.596531556134856], [1.3361626026297428, 41.59694147963844], [1.335835667578601, 41.597164714246475], [1.3356382519831878, 41.597469619607345], [1.3351510957605248, 41.597661435439115], [1.3345888487093212, 41.59810868054609], [1.334291460420934, 41.59844672567621], [1.3341384005867474, 41.598711019826716], [1.334033352448424, 41.59899798636285], [1.3339788524090939, 41.59926478962214], [1.3339209321306535, 41.59931961232511], [1.333446539363471, 41.599508728122444], [1.3331766061733799, 41.59965604320663], [1.332756017394196, 41.60004354640984], [1.3324176407736743, 41.60027200470094], [1.3322154224635967, 41.60048749092371], [1.3320062105157142, 41.60080230625932], [1.3318106407762538, 41.601369780805626], [1.3317644516102174, 41.60245515907372], [1.3317058479688988, 41.602964811296154], [1.3313856847381937, 41.60354255450464], [1.3309780902082113, 41.60401156664819], [1.3307685123084296, 41.60434430226623], [1.3304081440474562, 41.60463331664176], [1.3297798193410848, 41.60484702561728], [1.3294329160567655, 41.605181541405386], [1.3289616951065264, 41.60534321355595], [1.3288818235808846, 41.605443559231006], [1.3287667332209259, 41.60578324457406], [1.3287083623578515, 41.60584094018391], [1.3280682355060587, 41.60597682471531], [1.3277198782913873, 41.60608317114251], [1.3275127783123897, 41.606202925228054], [1.327172318864609, 41.60654716511317], [1.326964188900312, 41.606850642437294], [1.3269275441911708, 41.606968638831844], [1.3272386314273839, 41.60750637088068], [1.3273929391724606, 41.60770225881461], [1.327398850842035, 41.60785897802108], [1.3273373116040796, 41.608053350379635], [1.3270552439749859, 41.60835250926021], [1.3257843603026291, 41.60920190537392], [1.3254534792104793, 41.60948548338827], [1.3253549702603173, 41.609656618770224], [1.3252976554532465, 41.60985879736705], [1.3253723808792888, 41.610352383583695], [1.324656825314084, 41.60995511693122], [1.3243472455986767, 41.60969336907893], [1.3243117911926932, 41.6095516252337], [1.3243599674132063, 41.609415153751506], [1.3244659415952558, 41.60930366313925], [1.3242739448648075, 41.60939102224658], [1.3239843754470744, 41.60961782937277], [1.3236486684175457, 41.609795411561755], [1.3238191436091982, 41.609927506033934], [1.3241279205242256, 41.61005773952953], [1.324100470087176, 41.610381228969366], [1.324148138837146, 41.61099222154345], [1.3245527313611987, 41.61166390424315], [1.3244509149755175, 41.61167025587316], [1.3242827963470276, 41.61176679422642], [1.3239804456052193, 41.61187010704216], [1.323634566840571, 41.611939733663014], [1.3234698323470282, 41.61194237458125], [1.323156954885431, 41.61155781257417], [1.3227809856406247, 41.61120862648581], [1.3226443659230516, 41.61101605295179], [1.3224785727636417, 41.61065209505035], [1.3223611075318022, 41.610488982831725], [1.322272041828162, 41.61047111018078], [1.3220362989703491, 41.6105513420025], [1.3219471152937157, 41.61063524441074], [1.3218502884851326, 41.61066652990963], [1.3216470017110715, 41.61124945489888], [1.3215507589699589, 41.611406749516725], [1.3213204044334603, 41.611570821913595], [1.320744672830551, 41.611719584815276], [1.3206364537842572, 41.611774025971656], [1.3204723858530625, 41.61201950055141], [1.3203242641788304, 41.61217765719763], [1.32013231047814, 41.612295182740226], [1.3200288163509895, 41.61230600932823], [1.3202410166419778, 41.61247222429792], [1.320693666497043, 41.61294620258827], [1.3209977130730848, 41.61321283307028], [1.3209364763419635, 41.61326480844905], [1.3205210938235459, 41.61343608336697], [1.320180200591837, 41.61354413688845], [1.3198295865637328, 41.61360611704825], [1.3195925385290346, 41.61372658512284], [1.3194742782251572, 41.613751340497934], [1.3193184901541624, 41.61374690080845], [1.3192872056289686, 41.613717621520664], [1.319212124132767, 41.6134522591781], [1.318986475875705, 41.61349444789406], [1.318634888702361, 41.61362134927726], [1.3182650929404798, 41.61386236512732], [1.3180922597834939, 41.61392729700114], [1.3179416433298579, 41.614033269051106], [1.3177697388169143, 41.61409037810136], [1.3174078280592434, 41.614152271056156], [1.3168033154109462, 41.614197824960264], [1.3161749426970715, 41.61438983709043], [1.3156714316286637, 41.61529521349295], [1.3152180276625152, 41.61583356967202], [1.315035273041634, 41.61597500386918], [1.3152185321978953, 41.61577269106031], [1.3157384875417908, 41.61485819516274], [1.3158717590315785, 41.61467640926012], [1.3159161917248945, 41.61440766221354], [1.315948844394177, 41.61437508568577], [1.3160914886233073, 41.614349885109526], [1.3160843748347786, 41.61432807447258], [1.3159314860675524, 41.61435492628936], [1.3158877453103461, 41.61439850877733], [1.3158652814969982, 41.61462092247259], [1.3157395980591664, 41.614815519169134], [1.3157727101275374, 41.61453445159869], [1.3157006631804047, 41.61441612262869], [1.315295653546638, 41.61420627686901], [1.3152667391091366, 41.61407678095641], [1.3154102705401896, 41.61395729744628], [1.3154779248742816, 41.613824713591846], [1.315437452466944, 41.613645875634916], [1.3152550141949764, 41.61318520519314], [1.315048866224967, 41.6128560510465], [1.3150023504814337, 41.612402056325344], [1.3148809476094212, 41.61195722684689], [1.3147954222588267, 41.61186329725917], [1.3145520689991508, 41.61172363586092], [1.3144397927141578, 41.61145412671829], [1.314208713427405, 41.611216294717394], [1.3139751846776262, 41.610773066492705], [1.3139480550807767, 41.6104874182446], [1.3139864555927767, 41.61036774062184], [1.314379142538246, 41.6100908667368], [1.3144779805652937, 41.60996838251937], [1.3145179614387439, 41.60984764706277], [1.3144845120064454, 41.60965737844309], [1.3144341547254237, 41.609572606349474], [1.3142954338154316, 41.60946618734604], [1.313682809658027, 41.60930390891767], [1.3130806200650649, 41.60890687815915], [1.3128681794713681, 41.60866814159856], [1.3126187005283079, 41.60808705223037], [1.3123859474849446, 41.60789134383338], [1.3120912844528312, 41.607782627787834], [1.3114395063442714, 41.607456288709145], [1.3111005364706798, 41.60739465530163], [1.3108186729318416, 41.607402672277054], [1.3099752185018636, 41.6075839283896], [1.3097879367975298, 41.607582075046665], [1.3092056739527618, 41.60745768314127], [1.3083360665833876, 41.607427152527904], [1.3082064864086735, 41.60739858503396], [1.308034732806728, 41.60730310640199], [1.3077391124203488, 41.6069924323514], [1.3071976158255558, 41.606805497255564], [1.3070789878184463, 41.60672530062029], [1.306998555524216, 41.606528848118145], [1.3069997226029157, 41.60641537944391], [1.3071863647654336, 41.606074153807405], [1.3072146622562935, 41.605877686102254], [1.3068300626349179, 41.6057258403168], [1.3067218805903782, 41.60571893253853], [1.3065971097854334, 41.605768167414055], [1.305520392992003, 41.606398451680356], [1.3051672890115142, 41.606652551438096], [1.305179435077429, 41.606747842495615], [1.3051256499628605, 41.60692772603242], [1.3049374087396, 41.60708635654623], [1.303794891127734, 41.6068733368461], [1.3029143562490682, 41.60694420078822], [1.3020276328324882, 41.60723265215998], [1.3019760016983792, 41.607224593853616], [1.3019547310099087, 41.60724860248996], [1.3020312396823002, 41.6072690028938], [1.3029360601751985, 41.60697712592207], [1.3037923958955537, 41.60689987011737], [1.3048595554626286, 41.60712186604657], [1.3049477706751378, 41.60711685782168], [1.3050711447801049, 41.60703861123616], [1.305156203522651, 41.60693871906462], [1.305225642728883, 41.60670177850923], [1.3052057972929496, 41.60666680964034], [1.305541088517044, 41.606414698856476], [1.306616920951574, 41.605786112663274], [1.3067247306459195, 41.60574302272512], [1.30681979047025, 41.605746945074856], [1.307183447324026, 41.60588740405474], [1.3071405449007125, 41.606105457632594], [1.3069705893874168, 41.60640972634749], [1.3069653525194493, 41.60654574217577], [1.3070496069291413, 41.606742881476585], [1.3071968837067645, 41.60683349766509], [1.3077003913001328, 41.607004651896624], [1.3080237244923751, 41.60732942437804], [1.3081923662439874, 41.607424587015636], [1.3083294639547478, 41.607454796333], [1.3092041286697358, 41.60748009187999], [1.3097764681018997, 41.60760766587663], [1.3099737654509391, 41.60761200828539], [1.3108508935128549, 41.607423411155985], [1.3111175082837958, 41.60742030391507], [1.3114328416290935, 41.607486363625895], [1.3120733622038883, 41.607807223391035], [1.3123625657753983, 41.60791360761376], [1.3125877807641704, 41.608099478025366], [1.312758954936159, 41.60844776267047], [1.3128357643511632, 41.60867784346299], [1.313056351235891, 41.60892633694344], [1.3135573031175192, 41.609275132506255], [1.31421293402846, 41.609468219750504], [1.3143305291163958, 41.609519482014], [1.3144389355720374, 41.60963788580002], [1.3144828297752438, 41.60983721985194], [1.3144285022405442, 41.609983508882785], [1.3143516055748796, 41.61007452080953], [1.3139537065246845, 41.610357983181444], [1.3139109062112173, 41.610494529054776], [1.3139376448907472, 41.610776748987185], [1.3141809153592694, 41.61123299992028], [1.3144157257285614, 41.61147502982981], [1.3145145923906152, 41.611729481102586], [1.3148384145000647, 41.61194984811075], [1.3149687475510892, 41.6124296649185], [1.3150131393364728, 41.61286381352934], [1.3152229734429663, 41.61319428272787], [1.3154521509816217, 41.61383739569645], [1.3153869191346446, 41.61394145895649], [1.315231285638977, 41.614074014048605], [1.3152237833680516, 41.61414091472609], [1.315252310479777, 41.61420690246927], [1.3156753985529586, 41.61444151184414], [1.3157354246988864, 41.614537503417786], [1.3157363832526636, 41.61462542841394], [1.3157029733065368, 41.61486235824698], [1.3156616785289121, 41.61495028998155], [1.3151879112188456, 41.61575945251054], [1.3148960474882303, 41.61608563775114], [1.3148261705847073, 41.61634031638428], [1.3145096908579776, 41.61683267095975], [1.3144941945464808, 41.617252795730074], [1.3145638676889637, 41.617453318205136], [1.3146893222805272, 41.617586112351304], [1.314578372351383, 41.61764321418799], [1.314581407008529, 41.6178585212766], [1.314337151618543, 41.6179093401123], [1.3144844368806887, 41.6181394669309], [1.3145220345133883, 41.61870519063029], [1.3144475540962122, 41.6189382796457], [1.314170236101755, 41.61947507048335], [1.3141043154200904, 41.620167356857095], [1.314006597694092, 41.62033372453721], [1.3137957217901435, 41.62042519765579], [1.3136104006529243, 41.62056776264618], [1.3133631508486128, 41.62070103767478], [1.3131758216306249, 41.620962011866986], [1.3131448550644835, 41.62118780810031], [1.3133644590470694, 41.621429351007336], [1.3134082207853102, 41.62154663125285], [1.3128897833749276, 41.622191834386705], [1.312046271097928, 41.6223542749837], [1.3111673684325644, 41.62239162534777], [1.3104976015167251, 41.62254247142174], [1.309988704678836, 41.6226187522948], [1.309576415519711, 41.62261764699638], [1.309470416126513, 41.622549077284056], [1.3093027557826862, 41.622419164804185], [1.3091888258230746, 41.622259063716314], [1.309127338126817, 41.622053520234125], [1.309063120284992, 41.62154342584545], [1.3090170576032003, 41.62139530238012], [1.308890182335064, 41.621193034340884], [1.3086586106758988, 41.62109776180121], [1.3086139598999116, 41.62091651574343], [1.3086236205731134, 41.62083408587541], [1.308656061053989, 41.62063341093752], [1.3087533863599266, 41.620488985805956], [1.3087677347232922, 41.62038071550347], [1.3086849901015762, 41.62022601752401], [1.3084955702364387, 41.62002445430241], [1.3084228014797703, 41.61988765084657], [1.3083914763086861, 41.61967633616998], [1.3085526282237077, 41.61936103831694], [1.3085329660162652, 41.61925915226443], [1.308123154331547, 41.61883331773526], [1.3080773433336763, 41.618721855217316], [1.308009853102969, 41.61821315292789], [1.3080358125768279, 41.61779408398347], [1.3083638878113164, 41.61736964934806], [1.3093058690412502, 41.61686318316789], [1.3096220712686675, 41.616552771904956], [1.3096372713309263, 41.6160946393105], [1.3096758090879397, 41.61585985836159], [1.3098891577189906, 41.615558201275995], [1.3101263658614632, 41.61511053853323], [1.3101517507745957, 41.614979502506245], [1.3098093093438772, 41.61458032920473], [1.3097524625842096, 41.614463575608866], [1.309736329958762, 41.61430923191703], [1.3099850846061298, 41.612968263978146], [1.310129213653136, 41.6124535681391], [1.3101414022518003, 41.611673843304885], [1.3102151705848208, 41.611560451369996], [1.3111145309961887, 41.61128995175487], [1.3111036730711645, 41.61126889640055], [1.3102631543902128, 41.61151990565938], [1.3101701074500038, 41.611562670995646], [1.3101121887982874, 41.61167576004274], [1.3100960058077704, 41.61246136612984], [1.3099515963296833, 41.61296380854415], [1.309706181502357, 41.61431013954305], [1.3097210861099926, 41.61446554599488], [1.309780880555246, 41.614593511394055], [1.3101154528856591, 41.61498148620221], [1.3100715632428521, 41.61516827695223], [1.3099333488201887, 41.615428612749376], [1.309644079007602, 41.61585695984926], [1.3096043413763119, 41.61609172313925], [1.3095943517318516, 41.61653876393092], [1.3092849293391426, 41.61684693308799], [1.3083420965760848, 41.617353836904115], [1.3080069340243399, 41.617787444140596], [1.3079798486898768, 41.61821307146564], [1.3080445047263916, 41.61873353095209], [1.3080916132849283, 41.61884149993372], [1.3085042926093136, 41.619267827119884], [1.3085220633678558, 41.61935941759042], [1.3083618500365863, 41.619670946360735], [1.308369875762766, 41.61980472535205], [1.3084703594466638, 41.620042997517636], [1.308736131899899, 41.62037286486875], [1.3087025058906385, 41.62050247183599], [1.3085809595897673, 41.6206698757128], [1.308588259046218, 41.62102929076286], [1.3086749088817837, 41.62118188193402], [1.3086009856744434, 41.62130983886176], [1.3085213088082253, 41.621345873279765], [1.3082199268206272, 41.6209817823642], [1.3081875860941843, 41.620896552350175], [1.3082300759645895, 41.620712718668344], [1.3082123690448313, 41.62060491688109], [1.3080191300887698, 41.62033826310234], [1.3078452110317331, 41.620145298840235], [1.3078074961702149, 41.62014627468608], [1.308153074025735, 41.62054522963801], [1.3082059946016433, 41.620692639297346], [1.3081599062670477, 41.62086237390127], [1.3081714107740743, 41.62095972206981], [1.3085195021652043, 41.62137687509579], [1.308550620332113, 41.62164115108977], [1.3084619001645046, 41.621923017539494], [1.3083646524860968, 41.621525040908644], [1.3081959626845474, 41.62115922371965], [1.307853437401529, 41.6206890746238], [1.3076809449325972, 41.62050144063219], [1.3073537017768206, 41.620232006319824], [1.3070423019687916, 41.62002692833854], [1.3058736943522344, 41.61947651471663], [1.3056515385109277, 41.61943919404965], [1.3058735797522643, 41.62062298791439], [1.3072370804608995, 41.621258238606735], [1.3070723357538394, 41.62182053788025], [1.3064490799560682, 41.622262775706716], [1.305156837048738, 41.62098197345915], [1.3046721063814797, 41.62138706941455], [1.3044570101485147, 41.621162329152384], [1.3040153388988054, 41.62053317714384], [1.3038924243642809, 41.62050559928616], [1.3037709570138056, 41.62043220258423], [1.3033997128204522, 41.620088251936735], [1.3029148108265658, 41.619725774593], [1.3027082633988238, 41.619660852231874], [1.302393220022414, 41.61963674443378], [1.3021121530554778, 41.61972212443107], [1.3019383235611113, 41.619910950556275], [1.30192372150617, 41.62011978246129], [1.3007557303694408, 41.619579499218574], [1.3002614861079238, 41.61995750561067], [1.2997699131358886, 41.62024755300225], [1.2997342333754247, 41.62031268465452], [1.2998859815495138, 41.62069096307923], [1.3004796467670963, 41.62135390233583], [1.3005704885224283, 41.62186710150418], [1.3005700148008401, 41.622141081016544], [1.3003941925960036, 41.622473893764564], [1.300165907262152, 41.622715326482535], [1.2999291416856822, 41.62306039147139], [1.2999016490777102, 41.62305142832734], [1.3000117883760969, 41.62287525908901], [1.300367589740522, 41.62246305246477], [1.3005401197768924, 41.62213676603035], [1.3005404422911688, 41.621868548627454], [1.3004506421942077, 41.62136139938975], [1.2998584826007957, 41.62070055381983], [1.299702456708235, 41.62031149399169], [1.299745575075266, 41.620232782076016], [1.2992203061509349, 41.62031111483493], [1.2989089209188494, 41.62030759159556], [1.2986446052768057, 41.62034447977363], [1.2983819047297367, 41.62042948751357], [1.2986268151639517, 41.62110808674122], [1.2986734535520454, 41.62132493559948], [1.2986625642646392, 41.621455823173186], [1.2983824336493166, 41.621664866527084], [1.2982371258465322, 41.621699647313044], [1.297751001970443, 41.621671736912404], [1.297536924578145, 41.62184302733771], [1.2972404605776466, 41.62201571320246], [1.2971193942071726, 41.62214163563687], [1.2970533263465511, 41.62226666162035], [1.2965660662233494, 41.62173461500199], [1.296098784670434, 41.62097291921877], [1.2957264521310896, 41.62065828994109], [1.2958154425982782, 41.62056053489942], [1.2959653908226247, 41.62024031527451], [1.2961153101252845, 41.62012148680993], [1.2963398072726435, 41.62000592082888], [1.2964268590583234, 41.61991813409358], [1.2966130053998801, 41.619371659155895], [1.2965941985370146, 41.61898696607841], [1.2965011983795376, 41.61848435969354], [1.29656056839604, 41.61807993404509], [1.2964398036772578, 41.617597091235645], [1.2964481396054215, 41.617458239981914], [1.296577726448873, 41.61694902071153], [1.2967018045207113, 41.616703533117075], [1.2967353277156992, 41.61655163948541], [1.296635108713011, 41.61600416226642], [1.2965375467131788, 41.61597163830418], [1.2966415286350859, 41.61625275038988], [1.296681380045528, 41.61651733467984], [1.296674631313129, 41.6166643111088], [1.296535518617218, 41.616883640769984], [1.2963992381010219, 41.617469314013654], [1.2963999190830309, 41.61762126870484], [1.296520129237177, 41.6180750113946], [1.2964634915502855, 41.61848506173286], [1.2965638126081032, 41.61898768658883], [1.2965832177098842, 41.61936788514224], [1.2964166875725234, 41.619875921612625], [1.2963268717239924, 41.61998663467958], [1.2960936220745558, 41.62010639413006], [1.2959466250352258, 41.62022364467398], [1.295747088989059, 41.62060824802293], [1.2952158864785548, 41.62085706750237], [1.2948127169337507, 41.62117992408622], [1.294400942988936, 41.621597047147176], [1.2941694951366804, 41.62195316741438], [1.2942128406698774, 41.62223040464952], [1.2943190136775653, 41.62247867631504], [1.294440426785331, 41.62264494210663], [1.2948044483855574, 41.62293829072254], [1.2952355053737798, 41.62353057249473], [1.295273161273677, 41.623682264894384], [1.2952162625717976, 41.62379166390842], [1.294776352978789, 41.624000043838265], [1.294471501679377, 41.62404398112441], [1.2943610658215192, 41.62412169191305], [1.2941461747940588, 41.624363937248916], [1.293913818999417, 41.62454008332626], [1.2938459669044238, 41.6246962488614], [1.293774531702942, 41.62504266993087], [1.2933592752652914, 41.62515827573835], [1.292974782003671, 41.62533603792686], [1.2927131443081084, 41.62537971169329], [1.292401884693034, 41.62520860595264], [1.2919461669178094, 41.625040198108124], [1.2918151223771146, 41.62470163100077], [1.2917976492569718, 41.62456074392386], [1.2918304788604562, 41.62427387055573], [1.2920525287522857, 41.62358748097879], [1.2915142929992731, 41.62366568016922], [1.2908271173375772, 41.623714704582206], [1.290157734778003, 41.62385621453344]], [[1.3141527533627504, 41.6423718052179], [1.3132453252215541, 41.64228607515324], [1.3130332486827496, 41.64182703955117], [1.3130343214261355, 41.64172608943656], [1.313076207746063, 41.64166671924075], [1.313408309847292, 41.64175022742134], [1.3139762824058312, 41.641923381248496], [1.3142986406915347, 41.64205834367478], [1.3143979397318217, 41.642205709867675], [1.3143758572699695, 41.642269788851294], [1.3141527533627504, 41.6423718052179]], [[1.2966769946676941, 41.635421989646524], [1.2965330145955247, 41.63533653840064], [1.2964951495167567, 41.635215016227505], [1.296360025106974, 41.63513979262228], [1.2961288993107691, 41.63514492246924], [1.295958084053372, 41.635221379079084], [1.2957785074677561, 41.63537516820526], [1.295695462500396, 41.63569754527045], [1.2955639776192396, 41.635958237025605], [1.2954396509245638, 41.63610194233285], [1.2945261291903258, 41.63684370502472], [1.2942396560190919, 41.637039763641134], [1.2938847751402027, 41.6372212958049], [1.2938724703847915, 41.63720075783918], [1.2935603371984392, 41.63723161451403], [1.2934611129332296, 41.63712899512888], [1.293240980829602, 41.63714491487196], [1.2930710276088293, 41.63636023877022], [1.2931539037805364, 41.636304096638604], [1.2933486505771623, 41.63625366892351], [1.2934372406241836, 41.636190496096965], [1.2934842329248797, 41.636043032649525], [1.293421926582525, 41.63591546778476], [1.2931207078843658, 41.635787515977626], [1.2930260920515932, 41.63568325336754], [1.292867165493335, 41.63503618834518], [1.2928711946145508, 41.63496518481443], [1.2929931780165522, 41.63485125986517], [1.2930206897514007, 41.63478231641816], [1.2929936470174246, 41.63473796171146], [1.2928347423867501, 41.63467236924544], [1.292871958241081, 41.63462239863477], [1.29317886198735, 41.63446600183869], [1.2932956724115239, 41.63430237243562], [1.2936075974724621, 41.634433819769306], [1.293728091373304, 41.634512796858466], [1.2940199820579972, 41.63479850173468], [1.294349233263421, 41.63494641194082], [1.294424212336388, 41.635044167371674], [1.294591062113667, 41.63516391164772], [1.2952419486086, 41.63554923670549], [1.2955775243837502, 41.635867649742096], [1.2956661972536334, 41.63569188732598], [1.295750899768592, 41.635365842089065], [1.2959398296744995, 41.63520336506795], [1.2961182980744783, 41.635123509316784], [1.2962491418762319, 41.63510599460763], [1.2963715176042174, 41.6351182566833], [1.2966805039788702, 41.63528873699776], [1.2968183107541815, 41.63530771669009], [1.297046075732487, 41.63524786007074], [1.2972271830523485, 41.63514957782237], [1.2974992238093221, 41.63487628543885], [1.297704496498187, 41.63448014629724], [1.2978357125140392, 41.63433437438318], [1.2980475640893234, 41.63424492247858], [1.2982031440677013, 41.634240831684714], [1.2983076830094238, 41.634273903398075], [1.2984543643144746, 41.63437532990817], [1.2985251909338478, 41.63426604563524], [1.2988485700967745, 41.634062592000234], [1.298933863781748, 41.63390965864497], [1.2989504301007895, 41.6337773241916], [1.2988132504207381, 41.633666131513976], [1.2953487967262127, 41.632049525776935], [1.2956544784564223, 41.63193903863847], [1.2960561612035337, 41.63187104951785], [1.2961734943310992, 41.63177371016424], [1.2962471767617287, 41.631619615867564], [1.296317600210772, 41.631115199795666], [1.2965096515446126, 41.63075615457497], [1.29645496827684, 41.63059412723551], [1.2962106875299173, 41.630306252078995], [1.2967838849294393, 41.63046713878235], [1.296914901998464, 41.630538432629436], [1.297123541757799, 41.63086720934291], [1.2971916851881446, 41.63091451387177], [1.2974211676889253, 41.63093475207634], [1.2974287036866199, 41.63091297726119], [1.2972050919186233, 41.63089318632968], [1.2971475591424895, 41.63085324445192], [1.2969410580077871, 41.63052531008365], [1.2967520428054633, 41.63042721268095], [1.295958678232998, 41.63021136254679], [1.2954153342516432, 41.62992932308465], [1.296107494311997, 41.628717633693675], [1.2962983261539565, 41.62845935191954], [1.2963166333024776, 41.62794173360414], [1.2961794897168584, 41.62760645414079], [1.2957830808457402, 41.62692795017403], [1.295860423403497, 41.626817232873535], [1.2959234836778109, 41.62658767995143], [1.2959860940806072, 41.62615664764743], [1.2961280443256147, 41.625898812110876], [1.29647443855016, 41.62565445491523], [1.2961913261297064, 41.6254649929882], [1.2970807054324318, 41.625378100686056], [1.297666338380617, 41.625580332709426], [1.2977990923475884, 41.625612651929075], [1.2979289343693503, 41.62560052443236], [1.2979924416260844, 41.625518152245], [1.2983754612375071, 41.62527271045261], [1.2986356614860342, 41.625146594925106], [1.2989782716395522, 41.62477581339899], [1.2995025260709243, 41.62438122972242], [1.2996058920768814, 41.62425738469505], [1.2998718622040533, 41.62450531340949], [1.300176529141616, 41.624637626344494], [1.3006411133432185, 41.62472762507972], [1.30090517716341, 41.624897524461254], [1.3012816867296442, 41.62503206748433], [1.3020617962500545, 41.625215891055426], [1.302105541042098, 41.625493221278354], [1.3021718746615911, 41.6256139960124], [1.3026213601850876, 41.62605133551342], [1.3027487512651366, 41.625963329244655], [1.30291985778614, 41.625631970080384], [1.303027678276077, 41.62551638393324], [1.3032272345515128, 41.62541376637697], [1.3035245298551297, 41.62531467186795], [1.303693407792037, 41.62519629359316], [1.3037877753507563, 41.62503997310612], [1.3040263130428913, 41.62488325828126], [1.304542428591841, 41.62471109810001], [1.3048848031609828, 41.62453601280605], [1.3060637443421579, 41.624694613285406], [1.3062896738176617, 41.624671012854805], [1.306568415975414, 41.62453290329903], [1.3067539746938894, 41.62447861989951], [1.3075418033589408, 41.62442735276465], [1.3077000995045942, 41.62462621196305], [1.3073734491840585, 41.62477406655991], [1.3069757801794468, 41.6250396780622], [1.306645734881795, 41.62514740484928], [1.3060263357670716, 41.625449916005536], [1.3050746285236305, 41.62605627143798], [1.3044875776748512, 41.62630124756772], [1.3043068004037301, 41.62641098953672], [1.3042053897160129, 41.62652432968939], [1.3038282889080022, 41.62715834086641], [1.3037268291437203, 41.62741128498661], [1.3037379656241987, 41.62754511001702], [1.3037648504720716, 41.6275636104653], [1.3037570022358889, 41.627414252237024], [1.303967094760367, 41.62695089164933], [1.3042319972516585, 41.62653508010363], [1.304329201737791, 41.62642627132651], [1.3045037614655572, 41.626320400579466], [1.3050922759506418, 41.62607454527544], [1.3060437386069865, 41.625468366229526], [1.306523364574823, 41.62523188674855], [1.3070169541262535, 41.62503965413709], [1.307390609899966, 41.62479260308446], [1.3077108229978274, 41.624647625890866], [1.3079459262015634, 41.62510814158554], [1.3079765491738566, 41.62505302056237], [1.3078883706047184, 41.62521175490386], [1.3078467954814492, 41.62526314345089], [1.307257072040065, 41.62560337729218], [1.3069435540546213, 41.62587692461656], [1.3063220545692777, 41.62614022684826], [1.3058283972446785, 41.62626129728885], [1.3054030483459798, 41.626418774019534], [1.3053047269994817, 41.626506131095105], [1.3051510081212427, 41.62671507332365], [1.304960644956593, 41.627076144360586], [1.304481285599029, 41.62774188438526], [1.3039666571590098, 41.62817256070432], [1.303965560114134, 41.62829224914792], [1.3036805389578405, 41.628655248930855], [1.3035504062772092, 41.62877897713221], [1.3030634960588052, 41.62894390808669], [1.3027686326991148, 41.62923813305014], [1.3033856220434268, 41.62929497480712], [1.3035514582841492, 41.629343357521385], [1.3037074462597873, 41.62935529280696], [1.3037921039801883, 41.62931772312627], [1.3038516653954253, 41.6292483493249], [1.304070158330309, 41.62918393294016], [1.3042959139206995, 41.62903477942416], [1.3047443624838226, 41.62901356001848], [1.304984578538191, 41.62882534437421], [1.3055776003214874, 41.62857802659375], [1.3059685291269854, 41.62858486607999], [1.306110883793916, 41.62853058192098], [1.3063710428712882, 41.62856188237809], [1.3066941216665884, 41.62853296228973], [1.307121447135197, 41.62866759996664], [1.3073504436602323, 41.62866952738977], [1.3077479103239074, 41.62855496011057], [1.308387437091119, 41.62819491262046], [1.308522460303192, 41.62808575629208], [1.3089964337825004, 41.62755133353885], [1.3093835641714482, 41.626816482198954], [1.3097159769138305, 41.62651721254518], [1.3097394984866348, 41.62653124881062], [1.3094089351231044, 41.62682865431203], [1.3090223037577051, 41.6275627925366], [1.3085461045203057, 41.628099704536936], [1.3084077683775035, 41.628211604232064], [1.3077631238680907, 41.628574548714454], [1.307354536955391, 41.62869201907114], [1.3070919997072294, 41.62868274792109], [1.3069373596059433, 41.63016559809026], [1.3072082022691534, 41.630298119149444], [1.3065826871376307, 41.630988820548744], [1.3060715840612087, 41.63143109115766], [1.3056593558237533, 41.63193426196308], [1.3054158364226536, 41.63231670185206], [1.3048964367193834, 41.63297429130259], [1.3050456093779237, 41.63302674483006], [1.3060416487747375, 41.63386761796862], [1.3062176489412871, 41.6341521196651], [1.3063787702874785, 41.634803162152046], [1.3066396922499914, 41.635044970620385], [1.305884984049327, 41.63535746529308], [1.305740581792034, 41.63547557688179], [1.3056821793542663, 41.6359730605382], [1.3048471388539478, 41.63649178980169], [1.3047195470507589, 41.636609882334305], [1.3046183343087225, 41.636774834318686], [1.305731189386172, 41.63700370736456], [1.3064064329146037, 41.637021046132205], [1.3066285539934333, 41.63698405460242], [1.3069350987622828, 41.636900394938436], [1.3078508850263568, 41.63646155865032], [1.3083630805576025, 41.63628157389417], [1.308493803999481, 41.63625485655336], [1.3096810156287026, 41.636229533838915], [1.3108067965846288, 41.63561425734723], [1.3110190199717802, 41.63556981631515], [1.3110159919696056, 41.63559381990223], [1.3108205489948028, 41.63563472473478], [1.3096912427020282, 41.636251660792624], [1.3084982605991813, 41.63627725894664], [1.308373330732487, 41.636302800626105], [1.3078645260690234, 41.63648166447538], [1.3069478900746743, 41.63692084862228], [1.3066368693173205, 41.63700579338074], [1.3062169365290726, 41.637045723970495], [1.3057266439631392, 41.63702597714079], [1.305468807682736, 41.63698264031084], [1.3043298825823189, 41.6367269857194], [1.3038717833887061, 41.63652793087628], [1.3033092654403948, 41.63636913302018], [1.3026574346151718, 41.63631042053195], [1.3024756124792987, 41.6362531538799], [1.3022718746309927, 41.636147831802724], [1.3018841775991858, 41.63604338943191], [1.301728651623182, 41.63593553184898], [1.3014683832863423, 41.63586621062094], [1.3011689627309508, 41.63568291030127], [1.30069709993268, 41.63560190275148], [1.2998824779639797, 41.63492668571349], [1.299488352770129, 41.63472468692981], [1.299223651617227, 41.634943151397806], [1.2989354330155252, 41.6350421075775], [1.2979196092134415, 41.63507931044066], [1.297572728706449, 41.63513992166977], [1.2969728011097628, 41.63539070236596], [1.2966769946676941, 41.635421989646524]], [[1.2928246089179778, 41.63716764191787], [1.2928652985072684, 41.63695883913587], [1.292686612390862, 41.636404880598484], [1.2928219511724137, 41.63636275805891], [1.2930420093965027, 41.636349540038715], [1.2932179858212194, 41.6371791593205], [1.2929884511972716, 41.63732409140585], [1.2928246089179778, 41.63716764191787]], [[1.2930420093965027, 41.636349540038715], [1.2930319564808317, 41.636220954259116], [1.293026789700735, 41.63573415195255], [1.2931037649338926, 41.63580626859924], [1.293399543907291, 41.63593107736845], [1.2934539280980106, 41.6360449243867], [1.2934109138348917, 41.636178126141104], [1.2933327220350386, 41.63623397775813], [1.293138337700515, 41.63628432076248], [1.2930420093965027, 41.636349540038715]], [[1.290983357275296, 41.62976724479633], [1.2910592103222076, 41.630267978437004], [1.2910432123915734, 41.630400950691296], [1.290956824840706, 41.630558189701674], [1.2906738910283753, 41.63080292888462], [1.2905228884638709, 41.63088849880768], [1.2905486262923496, 41.630663888023975], [1.2907498543178486, 41.62993120800658], [1.2908344251303365, 41.629456277751856], [1.2908266282443057, 41.6290877802735], [1.2908879312732777, 41.62881236867404], [1.2908781862918743, 41.628681175188696], [1.2911894035539433, 41.628701650595005], [1.2912205074461809, 41.628846851939606], [1.2911896961535796, 41.629176852326005], [1.291013647148366, 41.6295792735545], [1.290983357275296, 41.62976724479633]], [[1.2909856259443249, 41.63340872006262], [1.2911635362444847, 41.63315917169033], [1.2911988669564964, 41.633053331619756], [1.2916076750811702, 41.63309327057753], [1.2910567118989498, 41.63340365257954], [1.2909856259443249, 41.63340872006262]], [[1.2928062085050516, 41.634652675386505], [1.2928191457848375, 41.63469015558871], [1.292961888419886, 41.63474037213339], [1.2929899672482155, 41.63478186007233], [1.292841440422376, 41.63495987915913], [1.2925852953385615, 41.634443588780194], [1.2932670365758165, 41.63429564241733], [1.2931573065827096, 41.63445028011866], [1.2928062085050516, 41.634652675386505]], [[1.3013760742420446, 41.651941927107416], [1.3004219776114831, 41.652096885382285], [1.2999295921481822, 41.652357917267736], [1.2997598195057682, 41.652379453441796], [1.2998237366530876, 41.65224592844122], [1.3008676383597189, 41.65180868064658], [1.3013760742420446, 41.651941927107416]], [[1.314164102325412, 41.624172214110764], [1.3143520776577995, 41.62402005000574], [1.3145503556623213, 41.623891909188096], [1.3148596968528297, 41.6238133082228], [1.315083801806169, 41.62384109700997], [1.315284417885379, 41.62382592989118], [1.315405128997038, 41.62385535021185], [1.3154759474370568, 41.62398941410493], [1.31547751738743, 41.62404437856134], [1.3152960773968252, 41.62410215905195], [1.3150939056813042, 41.62404335309853], [1.3150943288965986, 41.62409163571879], [1.314164102325412, 41.624172214110764]], [[1.316963676659561, 41.62071201197895], [1.3171677692638062, 41.62118587608696], [1.3171369388425067, 41.62139312143117], [1.3170322564723282, 41.62146751584377], [1.3167220527655856, 41.6216167234119], [1.316336584072652, 41.62158612815655], [1.3161265624048952, 41.62160322639975], [1.315938281282731, 41.62163820608825], [1.315721549400772, 41.62174707910218], [1.3156532348416767, 41.621484610575614], [1.3156890144129565, 41.62112891157518], [1.3163440163771507, 41.62086659382078], [1.3167788787733175, 41.62081162282548], [1.316963676659561, 41.62071201197895]], [[1.3171497533556855, 41.621408080222345], [1.3175514374131996, 41.62180755390148], [1.3178811264019434, 41.62204025185378], [1.317459329309813, 41.62208641146337], [1.3163763287741217, 41.62231472986284], [1.3161745873449973, 41.62190259995806], [1.3161047582592131, 41.621629296847885], [1.3163362337138675, 41.621608820155245], [1.3167285571611653, 41.62163915553844], [1.3168559061463307, 41.62159760791268], [1.3171497533556855, 41.621408080222345]], [[1.3155884018254593, 41.61840827945971], [1.315482257734377, 41.61797638321564], [1.315415689324453, 41.617827065450896], [1.3152654853255752, 41.617778118403166], [1.315064877049581, 41.617775267582914], [1.3148075427048769, 41.61765080792997], [1.3146010576272857, 41.617440173251374], [1.314525756250302, 41.617174629204726], [1.3149897355363351, 41.6171436896919], [1.315030460617171, 41.616989910149066], [1.3151765102800774, 41.61688000664288], [1.3153761209815042, 41.61681502139742], [1.315987284405322, 41.616732104268294], [1.3162263929115656, 41.61666183735172], [1.3165674610945917, 41.61663585027135], [1.3165698774122088, 41.61665831261004], [1.316234222160142, 41.61668383859089], [1.3159952382428823, 41.61675392721268], [1.3153855237296466, 41.61683650534886], [1.3151929349767737, 41.61689916171195], [1.315058251449132, 41.61699662234945], [1.3149766195248498, 41.61738929756799], [1.3149776683133518, 41.617547472411886], [1.3150573301024873, 41.617525758559715], [1.3151537620057183, 41.61759292195041], [1.3153993835192725, 41.61764632560468], [1.3155768206962222, 41.617769531908095], [1.3156045763741158, 41.617888288093454], [1.3155884018254593, 41.61840827945971]], [[1.308731258617705, 41.62217199041258], [1.3087801890133788, 41.621516214285535], [1.3085787539160516, 41.621376035852514], [1.3086471907563184, 41.621314477348626], [1.308715417580466, 41.62115164781776], [1.308862263270163, 41.621214149756284], [1.308981767603193, 41.62140451046987], [1.309026390378799, 41.621548019297705], [1.309090304437083, 41.62205594760539], [1.3091537941699505, 41.62227214857781], [1.3092920346067203, 41.622452782556735], [1.3095725054615435, 41.622638665379604], [1.3093845645433042, 41.62281657709624], [1.308963728815857, 41.62298628828226], [1.3089735750877936, 41.62293563485363], [1.3089139340390474, 41.622765073812616], [1.3087565258614997, 41.6224909325122], [1.308731258617705, 41.62217199041258]], [[1.3086528139059843, 41.624222947894424], [1.3090890801512025, 41.62390890145349], [1.309821823143764, 41.62358552358227], [1.3101113368528468, 41.623503311308], [1.3107399853595203, 41.623415189930874], [1.3109774116233777, 41.62347514763242], [1.311392177363879, 41.623427562066], [1.312133496481462, 41.62323975753833], [1.312570944441039, 41.62317844572364], [1.3132828543736874, 41.62348773724164], [1.3136491398034178, 41.62371612068998], [1.312969545925861, 41.6238982661254], [1.3127166418422076, 41.624003625644946], [1.312035786558545, 41.62390698678333], [1.3107478287057233, 41.62396075654705], [1.3103672708142602, 41.62401748921541], [1.3098050676484543, 41.62413505170534], [1.3093835854205338, 41.6242789098712], [1.3088495075325903, 41.624532699286895], [1.308510821166488, 41.624654354901104], [1.3083618917902888, 41.624694224539155], [1.3082521912988698, 41.62466153632788], [1.3081301930831508, 41.62447483100861], [1.3086528139059843, 41.624222947894424]], [[1.312832879922918, 41.62260207366607], [1.3128378082249919, 41.62232536270161], [1.312872294949296, 41.62221805763508], [1.313359228955285, 41.622228897619145], [1.3135821165195674, 41.622293950580456], [1.3131280316039278, 41.622473641582424], [1.312966659434683, 41.62259512080406], [1.3128064204010663, 41.62266851564248], [1.312832879922918, 41.62260207366607]], [[1.308558274836271, 41.621414441149646], [1.3085711461375702, 41.621400971911136], [1.3085711461375718, 41.621400971911136], [1.308558274836271, 41.621414441149646]], [[1.3112546782341505, 41.62342058796784], [1.3109800554518845, 41.62345203903098], [1.3107106179712547, 41.623395213524574], [1.310707734423929, 41.62333554617277], [1.311100857746357, 41.623321504568594], [1.3112546782341505, 41.62342058796784]], [[1.3220938369500637, 41.61804307087726], [1.321671967783452, 41.61822272141289], [1.321612900775339, 41.61786690059619], [1.3216403340314107, 41.61764654439027], [1.321701000689732, 41.617524127131695], [1.3219490552575626, 41.61744686355765], [1.322318680131296, 41.61743496670224], [1.3222342084526986, 41.617901817355104], [1.3220938369500637, 41.61804307087726]], [[1.3215213149216434, 41.61286209546975], [1.321712024079781, 41.61280642625049], [1.3220254551164021, 41.612776231914815], [1.3224766884145942, 41.61286991485339], [1.3227733415943352, 41.61300042535735], [1.3229349938636947, 41.613014943488814], [1.3228873622551347, 41.61325986425836], [1.3223473343466705, 41.613151471171506], [1.322015664982792, 41.61318652948031], [1.3218920051523175, 41.613238854935034], [1.3218249224962708, 41.613349920195475], [1.3218569871298043, 41.613622038366465], [1.3218182666772462, 41.61386123433767], [1.3213235967470314, 41.613428888705606], [1.3210255248480562, 41.61322332699415], [1.3213349439666258, 41.61296358234577], [1.3215213149216434, 41.61286209546975]], [[1.3350576420791602, 41.59900075468196], [1.3350359524493383, 41.59934991041661], [1.3352141196181917, 41.60002772946657], [1.335177861009884, 41.60033659371641], [1.3350981816727425, 41.600518998942924], [1.3349492784876815, 41.60032264998801], [1.3348720938342353, 41.600043315060425], [1.3346067761946723, 41.599796561075536], [1.3343047973891795, 41.59969697834626], [1.3340650950684332, 41.59966270540238], [1.3337629557637962, 41.599713987988494], [1.3333553003751586, 41.59989280779746], [1.333185194893818, 41.600016981720266], [1.332904760133378, 41.60033463878928], [1.3328281372270037, 41.600351000660375], [1.3328310659448297, 41.600190631357954], [1.3327861143977022, 41.60008631512268], [1.3331042755762117, 41.59977163281007], [1.3334822375634092, 41.59954833541034], [1.3339598292091903, 41.59936548055527], [1.334032746994868, 41.599292055423525], [1.3341932832211894, 41.59872784743512], [1.3343903089857998, 41.59841519312823], [1.334921275288539, 41.59854096150954], [1.335184155565585, 41.59863943139094], [1.3351530312089421, 41.598795519471835], [1.3350576420791602, 41.59900075468196]], [[1.335673874480266, 41.59750751383139], [1.335882740827741, 41.5971912454384], [1.3362277227235078, 41.596966110288875], [1.33627537922965, 41.59698418332971], [1.3364869079079433, 41.596867724151885], [1.3369844229954868, 41.59673026917611], [1.3371035481930966, 41.596632732756966], [1.3373496609658468, 41.59685183147654], [1.3371894917379286, 41.597061625639846], [1.3370922076142413, 41.597126058234664], [1.336363136822367, 41.59729087566759], [1.336155709034843, 41.59736884467555], [1.335839176204218, 41.597630779140886], [1.335631191885872, 41.59768388024561], [1.3353068257947862, 41.59764333556815], [1.335673874480266, 41.59750751383139]], [[1.3328601982120625, 41.6003874029853], [1.332383683179031, 41.60087307867794], [1.3321461045686718, 41.6009334943888], [1.332026098418713, 41.600924637512115], [1.3320678190719555, 41.600814278730304], [1.3323506266842224, 41.60039983017612], [1.3327509226692942, 41.600110933725205], [1.3327825049104478, 41.600193889977355], [1.3327646237223303, 41.60031981640053], [1.3327929084688421, 41.600386607079145], [1.3328601982120625, 41.6003874029853]], [[1.3290264966199132, 41.605329024215756], [1.329448853064063, 41.605201047661176], [1.3295806166634017, 41.60506587879877], [1.3294321401304174, 41.605430208671095], [1.329145643958044, 41.60576695256314], [1.3289600940818327, 41.60589368761272], [1.3286359709808577, 41.60589321242281], [1.328730839801581, 41.6058581097995], [1.3287955655777581, 41.60579131961775], [1.3289068125112735, 41.605451758500834], [1.3290264966199132, 41.605329024215756]], [[1.3295981040741045, 41.60601184995304], [1.3296625714080021, 41.60527080434296], [1.3297821869855904, 41.60507645946769], [1.32999622080155, 41.60487367345187], [1.330279242958832, 41.60474088159339], [1.3305879235348659, 41.604651244161246], [1.3309670760612198, 41.60500260843798], [1.3305745952265857, 41.60536853463698], [1.3301943089383839, 41.605624388535965], [1.3299101536822997, 41.605935863662644], [1.329799734156199, 41.606145829515405], [1.3295981040741045, 41.60601184995304]], [[1.3329193451204189, 41.60473830083658], [1.3332969602319924, 41.604958770413724], [1.3340092401997592, 41.605114638549026], [1.3340560152650287, 41.6051482860539], [1.334715824937911, 41.606042854611076], [1.3349145039211827, 41.60637645940486], [1.3339776387305935, 41.60655797992041], [1.333488192004966, 41.6061127964561], [1.3330953603234799, 41.60581653952937], [1.3327164871291126, 41.60557975319319], [1.3321076612207527, 41.60510634744066], [1.3329193451204189, 41.60473830083658]], [[1.3446573503548978, 41.59463025338147], [1.3444994156477783, 41.59467373354694], [1.3442056581010087, 41.59468490836455], [1.3441780798654026, 41.59456687708361], [1.3446573503548978, 41.59463025338147]], [[1.3411516443072404, 41.5922762402001], [1.341360018765877, 41.591957054529196], [1.34158873636355, 41.59173499875234], [1.3418007431784826, 41.591659972522194], [1.341952246763934, 41.592640932972856], [1.341518236050515, 41.59251154777814], [1.3412279410921946, 41.59235460702157], [1.3411516443072404, 41.5922762402001]], [[1.3453783954809573, 41.59457118809111], [1.3455013234116788, 41.59468158027797], [1.345123307616934, 41.594608947221225], [1.3447457312671856, 41.59463206659849], [1.3450181171512279, 41.59454186278452], [1.3452752943733233, 41.5945350274719], [1.3453783954809573, 41.59457118809111]], [[1.3403479055312488, 41.5932630387842], [1.3407232805540585, 41.59329304698708], [1.3415248456312057, 41.59364092688776], [1.3417034032951036, 41.59377112574363], [1.3415965060845298, 41.59441312749661], [1.3415954694209085, 41.59473970095433], [1.3411607573598134, 41.5946884837436], [1.34072247223675, 41.59470206713509], [1.3405291514123874, 41.59453435625904], [1.340347959916928, 41.594436722362914], [1.3399934476107016, 41.594318301249096], [1.3398133886439336, 41.59433101228219], [1.3396415130039918, 41.59443192823881], [1.3395285962431607, 41.594600706655314], [1.3395063300321925, 41.59468297779844], [1.3395272283390331, 41.594728948936904], [1.3389097361724585, 41.594717504811875], [1.3388173555290341, 41.59465177073693], [1.3387503158174734, 41.59448661145894], [1.338756638585533, 41.59431493771674], [1.3389038186794038, 41.5940822562511], [1.3388586008428418, 41.59372610237724], [1.33888349186179, 41.59365846038095], [1.3390621698778686, 41.59364806812005], [1.3400473775208275, 41.593299860325175], [1.3403479055312488, 41.5932630387842]], [[1.3425085270154355, 41.5953965819105], [1.3426386531230237, 41.5956897443567], [1.3426146716700886, 41.59591889308748], [1.3425735498135312, 41.59597855594224], [1.34245929968013, 41.596031309772144], [1.342311399151233, 41.596057823092295], [1.3422090888128995, 41.596023558066484], [1.3420824369463402, 41.59592283607436], [1.3417677796904208, 41.595517316519924], [1.3425085270154355, 41.5953965819105]], [[1.3368792037959232, 41.597248806473225], [1.3369430740251933, 41.59728007919561], [1.3368462596522046, 41.59723274793848], [1.3368792037959232, 41.597248806473225]], [[1.312910732568943, 41.62814410872997], [1.3140090455698248, 41.62826776785891], [1.314763246095102, 41.62849516844498], [1.3145767855159798, 41.62887900533771], [1.3145453316418663, 41.62882378277887], [1.3143374827289587, 41.62869184267647], [1.3139811446534884, 41.628592138772426], [1.313331217143666, 41.62852289148532], [1.3126541584735731, 41.62856465612461], [1.312571158535444, 41.628557312845714], [1.3124378689294944, 41.628489786264396], [1.3124757186540277, 41.62814304036857], [1.312910732568943, 41.62814410872997]], [[1.3138687456645954, 41.62672743561247], [1.3140999671015443, 41.62698922806856], [1.3141534510074038, 41.62709269004388], [1.3140052021833775, 41.62707872086451], [1.313652205173331, 41.62694330351069], [1.3136212398409977, 41.626956904228855], [1.3135630124711932, 41.627206073748155], [1.313304328138889, 41.627408357249905], [1.3132316147131984, 41.62741170336546], [1.3133882271562347, 41.627330508972605], [1.3135408793600947, 41.62719836789354], [1.313600056160518, 41.62694524482688], [1.3136492321756328, 41.62692380522185], [1.3140127395173893, 41.6270612682021], [1.3141165609903513, 41.62707107300402], [1.3139038219681196, 41.626823242066955], [1.3138003445222954, 41.62664365513445], [1.3137683424673077, 41.626498991389035], [1.31379298895034, 41.626336330116246], [1.3145373453605087, 41.625857630979425], [1.3149284514301784, 41.62571880719431], [1.3153028021359743, 41.62565152058094], [1.3164479677502854, 41.625624700111814], [1.3172142285268371, 41.62564141226469], [1.3175214000825994, 41.625609517659676], [1.317501571161417, 41.6257996354723], [1.3175375271465957, 41.625972822077536], [1.3175090673502174, 41.626139391363154], [1.3174452415118296, 41.62624879014325], [1.317321789314347, 41.626356865536614], [1.3171443956359867, 41.62627735457613], [1.3166701865141381, 41.626639237801655], [1.3165483772825246, 41.626854787428385], [1.3160814970370627, 41.62684209754518], [1.3160401190882312, 41.62657803812035], [1.3158889821498085, 41.62642118135194], [1.3155161739109082, 41.626290527701535], [1.31517164380688, 41.6262356652467], [1.3140253802753592, 41.62630902194019], [1.3138933770619021, 41.62627493109941], [1.3138157461658477, 41.626342878699916], [1.3137924968026629, 41.626497994773246], [1.3138687456645954, 41.62672743561247]], [[1.3179475801515934, 41.62468767214302], [1.3179494123962971, 41.62468312936253], [1.3179083534372915, 41.62478493566936], [1.3179475801515934, 41.62468767214302]], [[1.3160904542322747, 41.62981996759702], [1.3163758453896073, 41.6295369225144], [1.3164606629372197, 41.62940990841479], [1.3164967675711772, 41.62926804001051], [1.316437631937263, 41.62889257692597], [1.3165303171802276, 41.62863363850162], [1.3165153410632577, 41.628203250400055], [1.3165340676209976, 41.628074097162106], [1.3166019604566006, 41.627923867683684], [1.3170194113969158, 41.62836005590498], [1.3171069458101063, 41.628571736339794], [1.3171010577068252, 41.62882600182117], [1.3170370361583605, 41.629298105295106], [1.316571403280552, 41.630150897733884], [1.31652941892858, 41.63027880956007], [1.316531992001529, 41.63050284601153], [1.3163696160852536, 41.631123826887254], [1.3162665705192378, 41.631692987045], [1.3160537576230071, 41.63184370927217], [1.3157145383321904, 41.63195258394679], [1.3154039140376488, 41.63200522862007], [1.315024387442199, 41.63200687008518], [1.3148978761131176, 41.6317246339731], [1.3148413578960598, 41.63135497746538], [1.315161084910211, 41.63138623534042], [1.315493128124356, 41.63146963749333], [1.315636283967203, 41.63136608618204], [1.3159370260726533, 41.630955096239425], [1.3159733157275362, 41.630842863075635], [1.3159103446437668, 41.630730080542854], [1.3154619308791626, 41.63042232167008], [1.3155534797617001, 41.630405740056275], [1.3159674586595165, 41.63016861937758], [1.316039756461632, 41.63004277316602], [1.3160904542322747, 41.62981996759702]], [[1.3160131041246554, 41.63657059670275], [1.3159926875465857, 41.63677349039915], [1.3158989906904097, 41.636959818560925], [1.315682357767022, 41.636786510196075], [1.3158071293885074, 41.63669781623638], [1.3159377293511603, 41.63647726277635], [1.3159807320679122, 41.63645339450753], [1.3160131041246554, 41.63657059670275]], [[1.3165218462155865, 41.637426939120246], [1.3168467504030492, 41.63759237461999], [1.316162945952258, 41.63741906899344], [1.3156531316662319, 41.63723588021743], [1.315753764871516, 41.63711495305042], [1.3159319760324883, 41.636984079831294], [1.3165218462155865, 41.637426939120246]], [[1.3149519222815698, 41.63663367985015], [1.315307328541601, 41.636618800944824], [1.3153436447160014, 41.63657970350948], [1.3156593703177855, 41.63677482474114], [1.3153612378202275, 41.6368215231435], [1.315082694382278, 41.63672944786767], [1.3149519222815698, 41.63663367985015]], [[1.3044757203826594, 41.641291249448166], [1.304497870849416, 41.641357505768426], [1.304595670796375, 41.641414610476204], [1.30491440200341, 41.641389135201614], [1.3051307578963391, 41.64141718502212], [1.3051259741025116, 41.641439365676966], [1.3048111262619415, 41.641412655092346], [1.3046468310241386, 41.64144625844358], [1.3044746675753631, 41.64137238485207], [1.3044448295204751, 41.64123756369904], [1.3045079942908109, 41.64101720397248], [1.3044939438576066, 41.64091197330158], [1.3043601545260297, 41.64077129511384], [1.3038730308938216, 41.64049670011336], [1.3038917417826232, 41.64047913837893], [1.3043802889822151, 41.64075438928235], [1.3045231827204764, 41.64090501914539], [1.3045382445722016, 41.641017470146274], [1.3044757203826594, 41.641291249448166]], [[1.3115619444619564, 41.64434166001364], [1.3111592138715, 41.64478320252874], [1.310881618437328, 41.64491116168921], [1.3107514311829191, 41.644925910534944], [1.310948746705466, 41.64546273169126], [1.3105601258554116, 41.64555204483739], [1.3102322366985506, 41.6455091252829], [1.3098726796904074, 41.64537288384459], [1.3095288891775467, 41.645295237025984], [1.3086370086828776, 41.644861948148325], [1.3078596941736702, 41.644781607567595], [1.307751984805945, 41.644731204850885], [1.3076842275103768, 41.64464995680406], [1.3076702793400308, 41.64443944353791], [1.3073599225037307, 41.64432337340085], [1.3072912788985267, 41.644243908914504], [1.3072634437705324, 41.64425223545841], [1.3073422658376963, 41.64434193745744], [1.3076246331600427, 41.644435533381724], [1.307652598113627, 41.644527989809625], [1.3069852968507658, 41.64449276607244], [1.306947455634436, 41.64442006891923], [1.307048949617342, 41.64438679358429], [1.3070618576959265, 41.6443523977867], [1.3069680573906906, 41.64414665248932], [1.3068625876653355, 41.64358893108834], [1.3068851603675788, 41.643524775252814], [1.3071963672829827, 41.64339722628851], [1.3076342536828256, 41.64351725111562], [1.3077137773202592, 41.64352049378314], [1.3078127546465215, 41.64345484642446], [1.3078715854737544, 41.64325774408114], [1.3078839728423346, 41.64277498836668], [1.3078329058033966, 41.642569688311035], [1.3078611764205077, 41.642530925175876], [1.3079929174812959, 41.64251169908074], [1.308359780368519, 41.64314838413416], [1.3083794521367376, 41.6433969901595], [1.3086202876014963, 41.64374702526039], [1.30862828133176, 41.643873147515635], [1.3088093469144597, 41.64377673346491], [1.3090982210318636, 41.64369496980124], [1.3093676472658158, 41.64367272419843], [1.3095872020515462, 41.64370278969658], [1.3107204153831962, 41.644072244019384], [1.3117252108692945, 41.64431541723025], [1.3115619444619564, 41.64434166001364]], [[1.301608728381299, 41.64905969377631], [1.3017694949207825, 41.64897379908904], [1.3018470503318786, 41.64893792745579], [1.3018514493466145, 41.64906760411089], [1.301731128119025, 41.64909951123416], [1.3016470957961217, 41.649093946077336], [1.301608728381299, 41.64905969377631]], [[1.3048049417720753, 41.65022532887093], [1.304521356149448, 41.65078632315067], [1.3045140089859877, 41.65095220914272], [1.304563875553906, 41.65103346072748], [1.3046694260688854, 41.65109779502713], [1.3047837951048367, 41.65111893685832], [1.3052427718115778, 41.6510730128711], [1.3052938059757513, 41.651132669665415], [1.3048069537062479, 41.65150909060009], [1.3046239836246927, 41.65159898515488], [1.3043235330191298, 41.65159860506289], [1.303960759149515, 41.651488056993394], [1.3040148076603852, 41.65105724679891], [1.3040064542354386, 41.6508813117666], [1.3039293148401963, 41.65075047605213], [1.303861392369013, 41.65073497265522], [1.3037609803949102, 41.650754025897626], [1.303542068093597, 41.650881937076065], [1.3034596245879861, 41.65098961152759], [1.3033254720989664, 41.651090848198855], [1.3025684223663885, 41.65122423074963], [1.302441266318429, 41.65120073619816], [1.3021662395205482, 41.65124747106355], [1.3020415192307415, 41.651341550115475], [1.3019220095067343, 41.65151154734248], [1.3019229993670571, 41.65169809170336], [1.301790586835728, 41.65167352801228], [1.3016994616667317, 41.65161327717565], [1.3016283343118913, 41.65130815817048], [1.301532618956808, 41.65113903784881], [1.3013660372141551, 41.65094788870382], [1.301163532396769, 41.650803124394535], [1.301217340187868, 41.65111807972351], [1.3012174700225108, 41.65114969532642], [1.3011694324624508, 41.65114979577182], [1.3011068202832043, 41.65086371198514], [1.3011064566033823, 41.650795075190054], [1.3011521543150586, 41.65076062446854], [1.3012438789056302, 41.65078909078195], [1.301393022203642, 41.65091721431156], [1.3015115035817681, 41.650818355730536], [1.3020070507380819, 41.65074713583702], [1.302178820340951, 41.650676809242526], [1.302516744387645, 41.65044789625594], [1.3025117071349095, 41.65022814723066], [1.3026860865196015, 41.64994835691168], [1.302773101213146, 41.6498998347931], [1.3033983943184715, 41.649867632891166], [1.3045972304762634, 41.64966051347163], [1.3050963656719559, 41.64966724152445], [1.3050897645144253, 41.64980909056603], [1.3050514777026356, 41.649890757489906], [1.3048049417720753, 41.65022532887093]], [[1.313490878404052, 41.64388847461356], [1.3138388817483664, 41.64353258572611], [1.3137672642634632, 41.64376048683509], [1.313598646961084, 41.64408865082488], [1.3134249949657284, 41.64418626206477], [1.312861026098209, 41.64435595720883], [1.312698878338585, 41.64444517530947], [1.3126861680398836, 41.64441689208643], [1.3130403967404445, 41.644158640338446], [1.313490878404052, 41.64388847461356]]], [[[1.294351924521636, 41.282094432113254], [1.294768932813044, 41.28240965092916], [1.2952508143103703, 41.282347339089725], [1.2949303396396632, 41.282163261420656], [1.2946460853851505, 41.281940803639024], [1.294351924521636, 41.282094432113254]]], [[[1.3052680969009236, 41.34896660795084], [1.304826224215452, 41.34932021023596], [1.305042911470247, 41.3493719512603], [1.3048826847309705, 41.34991794801664], [1.306043431080148, 41.35049078185252], [1.3060198679186446, 41.35053285875897], [1.3053351463381098, 41.350815423380006], [1.304554037017937, 41.35166158392903], [1.3042338900020185, 41.3521051576268], [1.3039342592674033, 41.35272520869939], [1.303398156254594, 41.3535117420434], [1.303309495246593, 41.35351034454452], [1.302803555330216, 41.35410618752769], [1.3026204201925027, 41.354202835051765], [1.3022950007016565, 41.354489510389556], [1.3017462156495236, 41.355293502585575], [1.3016703402461611, 41.355273827831], [1.3014497146337543, 41.35566274318585], [1.3016753163287744, 41.3554548553641], [1.3019909993701246, 41.35502338297608], [1.3020495653440007, 41.35503775805459], [1.3028057596454379, 41.354209982690314], [1.3030661265126842, 41.35420499608099], [1.3040245046686552, 41.35275302009522], [1.3043341059241575, 41.35212644591517], [1.3045852773193287, 41.35177535458414], [1.3070500034559809, 41.35283538973286], [1.3072692162321093, 41.35275304686], [1.307765851114662, 41.35288842999201], [1.3078991779996358, 41.352734476608966], [1.3079815255697211, 41.35273037341137], [1.3087224212037103, 41.35192187898611], [1.3088370242062954, 41.35177071168078], [1.3088563822866082, 41.351664531332325], [1.3113083712636615, 41.35256783353726], [1.3119256599676772, 41.351915489998184], [1.3099272472556804, 41.351019490423774], [1.3105194139772967, 41.350251853579074], [1.3139224946615788, 41.351924850259316], [1.3137922756933684, 41.35206552563161], [1.3130102371524146, 41.35266430746008], [1.3126173704828494, 41.352903001368546], [1.3124582123619786, 41.35304415148703], [1.312167650194633, 41.35343611979947], [1.3120953501545563, 41.35360187214184], [1.3120277650545886, 41.3542748879042], [1.3118061902888956, 41.3549114213954], [1.311070714170912, 41.356444552146556], [1.310284503329614, 41.35789956545731], [1.3101669240185005, 41.357976020847204], [1.3095253910434088, 41.35793165328326], [1.3085618291326235, 41.35803855255649], [1.3083043986605094, 41.358114210946596], [1.3081699462532894, 41.3582327543933], [1.3082278630879682, 41.3582398164777], [1.3082937086307236, 41.358166925862285], [1.3083955995659808, 41.35811933490433], [1.3088599240236425, 41.358031405389234], [1.3095269870496857, 41.3579669848505], [1.3101748818811954, 41.35801036498487], [1.3103111949359811, 41.35793526557611], [1.3101208275878096, 41.358279765977606], [1.3108937784616082, 41.35852629182226], [1.3109081329257861, 41.35841958741942], [1.311374940877118, 41.357522853052], [1.311904876623348, 41.35662081033096], [1.3130905666769102, 41.35716538642203], [1.3135365257679572, 41.35726505387058], [1.3144722060501028, 41.357098256981146], [1.3150244430368698, 41.35715155739605], [1.315157150557363, 41.35710008827281], [1.3151550735864697, 41.35715743357699], [1.315096579197623, 41.357195938336766], [1.3144844432078056, 41.35714752536763], [1.3137542351128415, 41.357287520214946], [1.3137583456533717, 41.35731352112705], [1.3135388345196213, 41.35738398243599], [1.3149655784957441, 41.35795531088927], [1.3149384462786107, 41.358238009050915], [1.3149886402343318, 41.358544447708255], [1.315061083971737, 41.35873474940786], [1.3150372181904582, 41.35890913908455], [1.314974755026519, 41.35908287340177], [1.314098380729386, 41.36071700552077], [1.3141622251502982, 41.360740008609724], [1.3143193288028612, 41.36073024090471], [1.314433173193416, 41.36051131869278], [1.314505572511195, 41.36045761574662], [1.3148644993813687, 41.359649611255755], [1.315181708852908, 41.35914715297561], [1.3152290032645655, 41.35900066830669], [1.3152387047342287, 41.358624580673165], [1.3151255575690703, 41.358218681734286], [1.315150726272831, 41.35782669772308], [1.3153127276659704, 41.35742284179345], [1.3155794588753238, 41.356981252129394], [1.315809234072946, 41.356669990633954], [1.3167179422053066, 41.35561467264062], [1.3189078780869512, 41.35637517844469], [1.3192564507407403, 41.35634793522845], [1.3223597513450163, 41.3573230205019], [1.3224249838944637, 41.3573012735629], [1.3225402646543931, 41.35713217822302], [1.3226048054832915, 41.35712339143683], [1.3226425346351338, 41.35715780849364], [1.3226536852230035, 41.357477725997335], [1.3226843455397108, 41.357536269301676], [1.3228746045090962, 41.357645597789464], [1.322990190863618, 41.35765547464868], [1.3231899460300809, 41.35761380052999], [1.3239123107288508, 41.357308079424385], [1.3247140603683312, 41.357556910980364], [1.3249387767516334, 41.35760467830503], [1.3251167405613762, 41.35759691086576], [1.3252839669193088, 41.35753701091052], [1.3255560771039179, 41.35730291154988], [1.32581838176731, 41.357152795941246], [1.326359037751589, 41.35699573583617], [1.3267426234810604, 41.3570485982462], [1.3279029051218927, 41.35662888380975], [1.3282824001029183, 41.35665447992991], [1.3284943630781496, 41.35670565787959], [1.328817859179259, 41.35687816102477], [1.329602073073258, 41.35705104349818], [1.3299759835853335, 41.35718319804559], [1.3316384630102187, 41.35732025815445], [1.3321902229302514, 41.35729925455134], [1.3331523401022916, 41.35746748132323], [1.333695751666267, 41.35741761662308], [1.334252612370698, 41.35754348965899], [1.3344975161798736, 41.35750308001391], [1.3352505407284512, 41.35756873736261], [1.335468771317731, 41.357622695327194], [1.3355892669920892, 41.35759011662268], [1.3357520000615795, 41.35746691043732], [1.3360231872590103, 41.35749749408202], [1.3361489514051117, 41.357455177650664], [1.3362055694831285, 41.35738168259853], [1.3363109704506682, 41.356998329529006], [1.3364610630520866, 41.3567655922447], [1.3371649363893896, 41.35675189358914], [1.3377877964037277, 41.35680223230743], [1.3379157775353587, 41.35666329879445], [1.3379837033605713, 41.35665293096912], [1.3391718605809302, 41.35695822380376], [1.3398238945484808, 41.35728153025435], [1.3401351201878733, 41.35732663857522], [1.3407277638416304, 41.35759756645943], [1.3409919964682069, 41.35767144826066], [1.3401463850693633, 41.357302031312784], [1.339834564319136, 41.35725682436373], [1.339186793649182, 41.356935110736366], [1.337933207937061, 41.356626621107765], [1.337772866258412, 41.356778237624404], [1.3371655713287693, 41.356726952847005], [1.3364514349923466, 41.35673996268674], [1.3363765707572153, 41.35680706465124], [1.336278157950815, 41.35699118973604], [1.3361716050208647, 41.35736813551554], [1.3361166598250995, 41.35743696650173], [1.3360239650908263, 41.35747165469871], [1.3357396130884809, 41.35744142105982], [1.335522658776718, 41.357595638205936], [1.3346615362803305, 41.357488880988015], [1.3344294182104184, 41.357482638696716], [1.3342564956493004, 41.35751778532302], [1.333698056369558, 41.35739288023491], [1.3331523997625019, 41.35744172163147], [1.3321929924067388, 41.35727506536377], [1.3316403295802286, 41.35729398423549], [1.3299811784196744, 41.35715769304066], [1.3296055146794383, 41.357023981834715], [1.3288294797947156, 41.35685383026985], [1.3285115597304833, 41.356682759242496], [1.3282879678726696, 41.35662843998949], [1.3278952108954407, 41.35660256107881], [1.3267350399548803, 41.35702263733849], [1.3263550481463418, 41.35697415063122], [1.3258030559524168, 41.35713041525924], [1.3255329878919457, 41.35728492143925], [1.3252597449115568, 41.357516576821055], [1.3251104652146255, 41.35757123911476], [1.3249437553644845, 41.35757835974361], [1.324725944724386, 41.35753168377191], [1.3239048501184019, 41.35728203005455], [1.3231742810139162, 41.357590693984555], [1.3229408618713319, 41.35762584707795], [1.322713062643923, 41.35752128567077], [1.3226878770663617, 41.357473000302136], [1.32267550198424, 41.35714955214859], [1.322613854931387, 41.35709686211202], [1.3225140970973155, 41.35711306176618], [1.3224014376237891, 41.357287149250816], [1.3223627518940453, 41.35729928529522], [1.319325274584858, 41.356339933422376], [1.319207485391911, 41.356318216798066], [1.318917360561225, 41.35635045717686], [1.316748188863424, 41.35559601993101], [1.3172977125861172, 41.35509505784681], [1.3178231874490804, 41.35472479595774], [1.3183072408366794, 41.35433320967419], [1.3184360966901185, 41.354287084719914], [1.3190274683548942, 41.354235643822875], [1.3197670872120384, 41.35412304442204], [1.3193482073620182, 41.354021364759745], [1.319428007517163, 41.353995508843745], [1.3193321339440658, 41.35397240110263], [1.319480375078381, 41.35386503906666], [1.320016187743713, 41.353342696546434], [1.3191338627946956, 41.35301321188248], [1.3197196443154091, 41.3522582244322], [1.3180597436890398, 41.351311554358034], [1.3184215375883115, 41.350959793182746], [1.3183944607798743, 41.35094363486854], [1.3181555497792283, 41.351174604443024], [1.3164937275708062, 41.35030444031872], [1.3178078082368057, 41.348848543826016], [1.3188933904111853, 41.34751431324296], [1.3196573143948342, 41.346504322134805], [1.3203367535664317, 41.345455712527254], [1.3208596360635632, 41.34457279828357], [1.3211409120905064, 41.34403133219416], [1.3215497147401023, 41.34346669019863], [1.321862503330217, 41.34286587406763], [1.3219873306250756, 41.342500651086866], [1.3219982451214096, 41.34235020983417], [1.3219684264637068, 41.342203317854604], [1.3218689567642536, 41.34205559019599], [1.3216361980240736, 41.3419741028154], [1.3212934858978103, 41.341906507733185], [1.3210941732651444, 41.3420537497336], [1.3210354915909834, 41.342197909430844], [1.3209580591070278, 41.34229036434965], [1.3205136375038364, 41.34257175291176], [1.3205240495522688, 41.343287617069606], [1.320376365495549, 41.34370006273479], [1.320177380734334, 41.344127166038], [1.3197799141645177, 41.344831580132265], [1.319481256159077, 41.34520714653708], [1.3194942462637873, 41.34529227413118], [1.3194431647637914, 41.345428797728424], [1.3184511758646187, 41.34689032258569], [1.3178053650765176, 41.34769414643518], [1.3170376200411473, 41.34797331556658], [1.3168706924403784, 41.34807796929979], [1.3166720111587602, 41.34829259089284], [1.316646968739028, 41.348429494101346], [1.3166876151231774, 41.34869832290079], [1.3166608763965058, 41.34878043756991], [1.3166089992017431, 41.34877121181883], [1.3165082392519447, 41.34895222324596], [1.3154054327093687, 41.35027942311328], [1.3145200317862729, 41.35120726133186], [1.3133367041038773, 41.350704712499585], [1.3128083415462461, 41.35040927632776], [1.3131079201352691, 41.35006554120337], [1.3119100068876381, 41.349388290186084], [1.3123396394013378, 41.34882200142939], [1.3097352525522012, 41.34783109438878], [1.311480279961704, 41.347121630779924], [1.311608072701019, 41.34710702294622], [1.3117923427618847, 41.34714557091935], [1.3122084432081116, 41.34670951246366], [1.3123074352781454, 41.346754829545596], [1.3123068735937224, 41.34657296612866], [1.3120648276648346, 41.34670740568898], [1.3117640529191952, 41.34708859068043], [1.3113923533739706, 41.34699964406005], [1.3107419076427422, 41.34738758800565], [1.3091342936829247, 41.34800556518951], [1.3086543900859209, 41.34825044715589], [1.3082634439359067, 41.34857697469128], [1.3077147275513488, 41.34924471898141], [1.3072894287170163, 41.349619020842965], [1.3069351839017633, 41.34987096376242], [1.3053088392949261, 41.3488889356338], [1.3052680969009236, 41.34896660795084]], [[1.308733139337444, 41.35148455774511], [1.30876864344141, 41.3517525028454], [1.308659033762769, 41.35189086321633], [1.307940385976061, 41.35267572532652], [1.3078567217386075, 41.35267989920235], [1.3077399058604073, 41.35281482002235], [1.3072588116111896, 41.35269326625979], [1.3070606621554484, 41.35277465803861], [1.3046243070631525, 41.351726930649676], [1.3054108239478908, 41.35084256875894], [1.3060223679789194, 41.35061161833128], [1.3061850351504027, 41.350520068258234], [1.3066371419785405, 41.35017264625627], [1.30881619585168, 41.35130986383749], [1.3087433403455808, 41.35141373110282], [1.308733139337444, 41.35148455774511]], [[1.314072987492814, 41.35586346847028], [1.3136411599218034, 41.35648107167142], [1.312379786017134, 41.35594656002542], [1.3128000905294004, 41.355312584150504], [1.314072987492814, 41.35586346847028]], [[1.3149885644733725, 41.353369362978086], [1.3150540297955946, 41.35344048766229], [1.315381969155554, 41.353591656453894], [1.3152605021453405, 41.353893780226144], [1.3144443982257235, 41.35369015893155], [1.3145635099469584, 41.35347041724148], [1.314601323589726, 41.35322309350355], [1.3149885644733725, 41.353369362978086]], [[1.3147857620127104, 41.352514223133014], [1.3160855298516143, 41.35296703481216], [1.3160458928741328, 41.35301149061297], [1.3170247685290613, 41.35343455472859], [1.3164980405516113, 41.35417859281127], [1.3152944292903153, 41.35388535990061], [1.3154278981807321, 41.35361844975581], [1.3154119494531153, 41.35357867471242], [1.3150739218035388, 41.353420062451335], [1.3150102419036938, 41.35334923414118], [1.3146037096477183, 41.35319547640526], [1.3146741016669568, 41.35282541158609], [1.3147857620127104, 41.352514223133014]]], [[[1.3169593325612954, 41.555619288107195], [1.3174416973357377, 41.5562448480229], [1.3176947125642808, 41.55639293146102], [1.3184154213090495, 41.556668904812895], [1.3185895804450418, 41.55681997592736], [1.3187096342253897, 41.557008804977755], [1.3187056305862206, 41.55709386155465], [1.3185929677585488, 41.55718885770925], [1.3185329639610635, 41.557394418013416], [1.3182693284496572, 41.557790021657546], [1.3182718701830913, 41.55786310472632], [1.3183897636822783, 41.55802452153274], [1.31839729328271, 41.5580856083268], [1.3179847067800978, 41.55862061608145], [1.31794804430996, 41.55872573045166], [1.3179985837741868, 41.55887157092722], [1.3181531297168985, 41.559103777971266], [1.3185604819831958, 41.5596129518377], [1.318874378425158, 41.5598833360008], [1.3192131319803022, 41.560064369639164], [1.3198127292511845, 41.56021715504456], [1.3205810671736153, 41.56048039072369], [1.3211329049740466, 41.56056518555316], [1.3215823368143274, 41.560719096600444], [1.32220792443532, 41.56149003147393], [1.32236730386085, 41.56214391577676], [1.3222994623377462, 41.56271756504771], [1.3220963463336666, 41.56293869631852], [1.3218244425720067, 41.563352736761686], [1.321503141618187, 41.56414606019342], [1.321368579793764, 41.56437323042347], [1.3214248307799694, 41.56441007935794], [1.321554072865399, 41.564203096877215], [1.3218590909353443, 41.56345042686389], [1.3219794367337554, 41.56322539028664], [1.3222855637884978, 41.56281904994807], [1.3227024976501631, 41.56242630924546], [1.3228439682719182, 41.56234433459195], [1.322997685355244, 41.562303524258226], [1.3230248711802555, 41.562397682546326], [1.3231639213941064, 41.56257183255672], [1.3232445670515243, 41.562736573965616], [1.3237407228533413, 41.5624987280502], [1.3239636112780921, 41.56351228044931], [1.3255597301691944, 41.56272572260039], [1.3271954319316055, 41.56365336898062], [1.3277529019830265, 41.56393501906613], [1.3280031128107728, 41.56412392580307], [1.3284119703430413, 41.56458354878277], [1.3288209414266412, 41.564950581154626], [1.329290910042038, 41.5650680125929], [1.3297922777454851, 41.5653635141317], [1.3301549881533434, 41.565692310892864], [1.3303513402001952, 41.5659569031017], [1.3307812015957103, 41.56559665114584], [1.3309241333644874, 41.56551370153277], [1.3311775512104091, 41.565434157136906], [1.3318171367960727, 41.56532202310815], [1.3323126658720914, 41.56687128214937], [1.3329302606472047, 41.56722650731344], [1.3338558566296705, 41.567285670953254], [1.3342341859607811, 41.56697956066328], [1.33433217943082, 41.56682957486369], [1.3350858206049836, 41.567364278248505], [1.3368187301887946, 41.56747500660462], [1.3368373998999066, 41.56770683073335], [1.3367848753729787, 41.56781526622782], [1.3362675233742778, 41.5679043731045], [1.335197712140682, 41.568657090774686], [1.33567165670599, 41.56916797449191], [1.3355056253243252, 41.569384437773095], [1.3357942436854486, 41.569761055730964], [1.3359118590553, 41.569968291015996], [1.3361104606524925, 41.5700765464206], [1.335828211849241, 41.570269531203614], [1.3352049792806864, 41.570976198208086], [1.3350296769003271, 41.57106328220484], [1.334782717142234, 41.57129694617439], [1.3344503767953408, 41.57143209822202], [1.3342787198281292, 41.571698826560215], [1.3346001713292792, 41.571773292005915], [1.335022567654803, 41.571699875631666], [1.3352122782977842, 41.571747927903616], [1.3354481669947464, 41.57173990070695], [1.3356602403189386, 41.571832589914635], [1.3363088362041675, 41.572423282986136], [1.3363074950121399, 41.572597276492885], [1.3362085676069864, 41.572764543513394], [1.3359005936703903, 41.572954638574195], [1.335269503047232, 41.57370496068799], [1.3360967706585862, 41.574055056587746], [1.336300231576836, 41.57480160928551], [1.336106736304848, 41.57504568707843], [1.3351986572600631, 41.57534787422575], [1.334901731131247, 41.57539680410531], [1.3346733076052493, 41.57528649336669], [1.3343910496182834, 41.575072453546525], [1.3341692234690166, 41.57501844480718], [1.3338751630488739, 41.57501634909142], [1.333604109486489, 41.57517399882493], [1.3333722659602059, 41.57535564329636], [1.3331871605656551, 41.57578114610653], [1.3330949550427829, 41.57584510887567], [1.3326851856990902, 41.57594410053196], [1.3311824422171008, 41.576677082952806], [1.3310628091778522, 41.576795227509784], [1.3310559437890794, 41.57699219815941], [1.3311701530638127, 41.57728036036102], [1.3313896909772365, 41.577447206765456], [1.3319130054625592, 41.577630156883615], [1.332037159782522, 41.577737163250475], [1.3322500198273892, 41.57820094866557], [1.3323524309103862, 41.57834654889343], [1.3326983358013322, 41.57847414571651], [1.3337339087190947, 41.5787299110554], [1.334054851223656, 41.578890827641125], [1.334225487938509, 41.57912171928183], [1.3342851778544582, 41.579370899146404], [1.3342472143999267, 41.579891396344564], [1.3343676136682878, 41.58014948101265], [1.3347135979437699, 41.58047990759328], [1.3351365841966087, 41.58071282323993], [1.3357639369987462, 41.580759762050015], [1.3359220295654095, 41.5807986930507], [1.3364471772182815, 41.58116780485178], [1.3361440649036243, 41.58089646538748], [1.3359687409390795, 41.580783949973636], [1.3356511445009815, 41.58070551262582], [1.335154158727297, 41.5806777708646], [1.3347472562025482, 41.58045382495256], [1.3344101759158609, 41.580131903878886], [1.3342956865015227, 41.57988633437244], [1.3343333403198392, 41.57936853473008], [1.3342713868025784, 41.57910941002778], [1.3340911214285065, 41.578865773794654], [1.3337551404024677, 41.578697253683615], [1.332716468838022, 41.578440723041965], [1.3323875556530531, 41.5783194073859], [1.33229417294415, 41.578186547793436], [1.3320793761672134, 41.5777187713328], [1.3319440740290795, 41.577602146027424], [1.3314166325089358, 41.577416434081584], [1.3312127490040686, 41.577261433858496], [1.3311040412538666, 41.5769874022908], [1.3311103451367294, 41.57680780674585], [1.331215584477107, 41.57670385966692], [1.3327071450999155, 41.57597639344671], [1.3331188284378581, 41.57587760960576], [1.3332304527040424, 41.57580015238069], [1.3334136233493414, 41.57537524742796], [1.3338913855395085, 41.57505252165705], [1.334161335261594, 41.57505444806054], [1.3343651687798275, 41.575104052937455], [1.3346429583215444, 41.57531460997351], [1.3348924678927574, 41.57543521934626], [1.335213605585421, 41.575382316846046], [1.336332795085274, 41.57500986471799], [1.33647643205448, 41.57489998802154], [1.3365366579227755, 41.57477773557988], [1.3365263219735748, 41.574381278915645], [1.3368562786164173, 41.573806550837105], [1.3369851266888724, 41.57368366972882], [1.3373929606629404, 41.57349565116212], [1.3372951609033945, 41.57361456847123], [1.3370624904593031, 41.5737631487909], [1.3370653105134918, 41.57389189787897], [1.3369133341860246, 41.57400904032915], [1.3368878766880599, 41.57414107311337], [1.337046503113815, 41.574405468179954], [1.3369889540317532, 41.57462890685845], [1.3370006824255845, 41.57475147999556], [1.3368921249144246, 41.57493428018507], [1.3368664419316938, 41.575047034965415], [1.3368863677236893, 41.57515865275414], [1.33667850862753, 41.57519572130379], [1.3365487891155283, 41.57530544387803], [1.3365669171213754, 41.575632209958], [1.336479175588995, 41.575718667177355], [1.3363539116380219, 41.575953825193054], [1.3361825903316773, 41.57606734958611], [1.3361388955665794, 41.57618570243666], [1.3358477966608326, 41.57632055460103], [1.3357585522666382, 41.576404737776954], [1.3357240176539695, 41.576572486176595], [1.3356198723574537, 41.576774713743774], [1.3356404895694303, 41.57690137869737], [1.3354668966527894, 41.57699578353617], [1.3354088061203235, 41.57707186102269], [1.3354569826441822, 41.577297730483075], [1.3356777139629443, 41.577712810910626], [1.3358714326139867, 41.577853060451304], [1.3360560337664498, 41.57793265150549], [1.3360524504546445, 41.57807688972031], [1.3362527366014896, 41.578307387966476], [1.33616485189075, 41.57883401310692], [1.336181614454262, 41.578994307828815], [1.3362273313540298, 41.57908251633415], [1.3361776417132292, 41.57932192026163], [1.3360468199236146, 41.579324710157614], [1.3360908171035084, 41.579405147910464], [1.3364043545066495, 41.57959297587112], [1.3366239112357234, 41.57981132285415], [1.3366616284414785, 41.58003388797564], [1.3368039204131636, 41.58018249318738], [1.3370226512686967, 41.58071443806], [1.3370676854557408, 41.5806740268149], [1.3369324489674934, 41.58017377426158], [1.3370745035486018, 41.580174200548036], [1.3369003653731903, 41.5798129812511], [1.336751159328523, 41.57964401515452], [1.3367780024672378, 41.579499933370116], [1.3367370800744198, 41.579341721011495], [1.3364775034855125, 41.57898615634224], [1.3365140968133762, 41.57885968903964], [1.3364716520293982, 41.57880755548218], [1.336558309255128, 41.57868406439662], [1.336610951734687, 41.57851180419448], [1.336541408066405, 41.578291030153984], [1.336594109721433, 41.578102198159684], [1.336501964660061, 41.577953507765336], [1.3368321141342239, 41.57786281679283], [1.337237532249937, 41.57780274721401], [1.3373683150269369, 41.57773496133992], [1.337131193576332, 41.57743822880779], [1.337305335621759, 41.577424627357416], [1.3375147064343897, 41.577336982564994], [1.3374980725830954, 41.57732378425126], [1.3376902930185315, 41.57719673370318], [1.3378290619419742, 41.577211530169734], [1.3378983389189607, 41.57730719414975], [1.3380206919171362, 41.57722754111629], [1.3385252440648185, 41.57702452005573], [1.3391002593751185, 41.57692276142893], [1.339573775266638, 41.57694797184696], [1.3398825339977152, 41.5770413293008], [1.3400870055495322, 41.57703833761721], [1.3405289875897737, 41.57669299620436], [1.3406879572283594, 41.57669601613471], [1.3410459527708367, 41.5767780074847], [1.3408836192087021, 41.576559409447995], [1.3406999538056228, 41.57623188031853], [1.3406863642697457, 41.575849072010044], [1.340792984325344, 41.575465386882605], [1.3411396510635227, 41.57511758630638], [1.3415919400161707, 41.57488902845229], [1.3424311954273715, 41.57470640031125], [1.3424497488410791, 41.57538822292793], [1.342556956156044, 41.575722478392336], [1.3427478981403276, 41.576131175926896], [1.3429022722126787, 41.57633758290146], [1.3430711940284865, 41.57649601707236], [1.3432854392136238, 41.57665024051851], [1.343587148163061, 41.57679455092177], [1.3436769370825776, 41.57689051153439], [1.3437277002368078, 41.57700220771292], [1.343731768433227, 41.57709647826797], [1.343371574718484, 41.57758855741627], [1.3432675188568772, 41.57780692007268], [1.3431767936574672, 41.57824046438366], [1.3430214543070986, 41.5784328638385], [1.342418699354136, 41.579042499937586], [1.3417626197460577, 41.57926487860424], [1.3415405358466042, 41.57945919531758], [1.3411911493356243, 41.57959817823314], [1.3407523998140884, 41.579291646729075], [1.3405826125676983, 41.57899854397185], [1.3403474755157327, 41.57926661635844], [1.3403474479579676, 41.57891147497525], [1.339964581878178, 41.57905564510872], [1.3397663868570253, 41.57904305524508], [1.3396750494679859, 41.57927897699616], [1.3395071512772465, 41.579188554576426], [1.3393222986072486, 41.57886569430623], [1.3392410918286606, 41.578444345952036], [1.3387003009018514, 41.57789303592726], [1.338130268889905, 41.57747797720093], [1.3378008261251622, 41.57783172157029], [1.3373859717573575, 41.57818802193542], [1.3371361139513354, 41.578450680105824], [1.3372463315486403, 41.57896593186358], [1.337225789742569, 41.5798041788571], [1.3371713257425315, 41.5801422776103], [1.337954688926304, 41.580317334448985], [1.337998358116042, 41.58034688061784], [1.3380010808812524, 41.58045865290269], [1.3380715102156555, 41.580607748642734], [1.3382622902686887, 41.58069472105817], [1.338776304608906, 41.580685389025106], [1.338857120676252, 41.58063503766733], [1.3392111273686365, 41.580859380226386], [1.339290356826594, 41.58074478666091], [1.3396197792512936, 41.580566071127066], [1.3399168700706918, 41.58028205673569], [1.3403475377306162, 41.58025296426911], [1.3403476069846754, 41.58029709893623], [1.3409451261760619, 41.57987446660748], [1.3412228176743175, 41.57962628633389], [1.3415706247028252, 41.57948809115316], [1.3417919684219801, 41.579294574323455], [1.3424497500018957, 41.57907131934619], [1.3431671408844787, 41.57833651867919], [1.343222557576953, 41.57825211238896], [1.3433149449695476, 41.57781453440011], [1.3434153368582555, 41.57760341897022], [1.3436951654292257, 41.57723330573446], [1.3438445582168677, 41.577292197076545], [1.34408541817416, 41.577733766084194], [1.3443229508337868, 41.578037832706045], [1.3445526339901313, 41.57804843182802], [1.34496227777441, 41.57823131578393], [1.3454158517326171, 41.57836646370483], [1.346771336389028, 41.5785114281154], [1.346674215994541, 41.57955410382618], [1.347162988200368, 41.579579326838896], [1.346814512146606, 41.57985704586881], [1.346543912775731, 41.579945829998636], [1.3451389273362713, 41.58000011179489], [1.3446565219539808, 41.58007305670372], [1.3444208852405046, 41.58007453129489], [1.3439969534980494, 41.57998096790287], [1.3427348676225273, 41.58007609401472], [1.3423366355539714, 41.58014069543232], [1.3419573395964457, 41.58015927779132], [1.3403391649216587, 41.58042064138098], [1.3398385860129642, 41.58067353559275], [1.3395288726267895, 41.58102897653062], [1.3393333016613052, 41.58106776296056], [1.3391605380549274, 41.581209376766225], [1.338828548959459, 41.58101985306214], [1.3385435698134283, 41.58080308210192], [1.3383109767844834, 41.58077954904656], [1.3379705634866939, 41.58091188674064], [1.3382493594274931, 41.580955728816406], [1.338483222356868, 41.5809391142227], [1.338622027871855, 41.58096192639723], [1.3388258516131417, 41.5810923193755], [1.3389975190079968, 41.581279436443324], [1.339069456372974, 41.581406066357694], [1.33913486281254, 41.58127216690439], [1.3393554320632077, 41.58110293926659], [1.3395644173474535, 41.581055609910834], [1.33967363981658, 41.58089848656886], [1.33987295461435, 41.580699251205196], [1.3403474919440452, 41.580456158612], [1.3419645836685012, 41.58019495942648], [1.3423432839681315, 41.58017645852321], [1.342742112116568, 41.58011177560907], [1.3439946957646884, 41.580017683419385], [1.3444132455179705, 41.58011062889092], [1.3446616022001596, 41.58010897722026], [1.3451438856354452, 41.58003612060465], [1.3463374620282862, 41.58000699357899], [1.3465575399449357, 41.57998061241636], [1.346817735190547, 41.57989528137288], [1.3469542050613563, 41.58005224782684], [1.3471779807857656, 41.58018165202276], [1.3468761936076563, 41.5803030527106], [1.3467815491913389, 41.58040175790686], [1.3465245685664633, 41.58093928465363], [1.346174512411562, 41.58115654279653], [1.3457987203914323, 41.58174748488701], [1.345509305319933, 41.58190544321849], [1.3446367690843566, 41.582702152775795], [1.3436656446840076, 41.583253168666516], [1.3433746636267665, 41.583368681124234], [1.3423224116636159, 41.58402308597744], [1.3424040385901352, 41.58402597443218], [1.3434053891917128, 41.583396234617744], [1.3436912555383804, 41.58328371071793], [1.3446905429002025, 41.582710312805624], [1.3448942288532804, 41.58274323423165], [1.345797071052055, 41.58244647992361], [1.3463020894792228, 41.58232503840547], [1.346755143787755, 41.58231227626685], [1.347214995313069, 41.58218351600246], [1.346529507169888, 41.582514117222324], [1.3459249326236482, 41.582738705934275], [1.3449883335084611, 41.58332101849127], [1.3450630767236467, 41.58375081708433], [1.3451475674036328, 41.58375925387096], [1.3458683945031065, 41.58431508520188], [1.3461838399805333, 41.58436438835537], [1.3467985473214574, 41.58469792413324], [1.3471290243405893, 41.58494343033645], [1.3472954802723192, 41.58524682881297], [1.3477970716124061, 41.585613143525435], [1.3479857854607318, 41.58579635354228], [1.348321893839603, 41.58621712080466], [1.3491283919942387, 41.58650592919254], [1.3495680945666435, 41.58647684652922], [1.3500689429524049, 41.586486914576966], [1.350680834946281, 41.58600869480062], [1.3511839600642308, 41.585716790333656], [1.3518420224485546, 41.58539422575273], [1.3524338970262912, 41.58531543435105], [1.3531981727724127, 41.58537799143108], [1.3532141988298159, 41.584846095098484], [1.3528634617486808, 41.58480206990804], [1.3518523240111058, 41.58448414363992], [1.350362967398627, 41.58414033734322], [1.3496084871489809, 41.58404241502992], [1.3496378086407244, 41.58385180029846], [1.3496004599790954, 41.58368382631898], [1.3496555723242953, 41.583550235095906], [1.349978803984803, 41.58336888357318], [1.3503563448202767, 41.58296259383457], [1.3510746389688022, 41.58296884256351], [1.3517603216302605, 41.58276169669552], [1.3518823800395625, 41.58275020674989], [1.352419537129381, 41.58294470990307], [1.3525665155092368, 41.58297671484096], [1.3525656323828523, 41.582940674689056], [1.3522985513701344, 41.582876500459236], [1.3518986745696238, 41.58272269921159], [1.3517271393121928, 41.58273627634566], [1.3514137017439911, 41.58284418265056], [1.350909560007434, 41.582945763048755], [1.3522251652359836, 41.582436363374256], [1.3520301031904967, 41.58217696561609], [1.351963014738786, 41.581829144510245], [1.351836519507619, 41.58164278446032], [1.3517493445859794, 41.58153741499218], [1.3514401696368077, 41.58149190988784], [1.350882607611678, 41.58127018337187], [1.350136372688005, 41.58104285953628], [1.3494581304501498, 41.58076012866807], [1.3494831440637134, 41.58072941412019], [1.3491310215513475, 41.58055710430949], [1.3488482844696144, 41.58050999493569], [1.3489553037277773, 41.580207721241955], [1.349441116429391, 41.5802645962759], [1.3497085607854242, 41.58034246828724], [1.3499516664453381, 41.580480885789875], [1.3499807063114375, 41.580452210439745], [1.34973228029928, 41.58031074434628], [1.3494536422641716, 41.580229649321076], [1.3487927432658242, 41.58015225012769], [1.3486251904501092, 41.580080400113744], [1.3486435154886935, 41.57992592525012], [1.3484023364175304, 41.579721516769865], [1.3485334381951215, 41.57959478220949], [1.3494019026747017, 41.57977432932961], [1.3498580752114113, 41.57990219699705], [1.3504731137308146, 41.57999091560775], [1.3505913920282753, 41.579971982620975], [1.3506099801056286, 41.57993424032354], [1.35037251116912, 41.579946689224876], [1.3498704785422353, 41.57986733830372], [1.349415852194193, 41.579739763094445], [1.3483644002731412, 41.57953443928052], [1.348578060373134, 41.579392408297196], [1.348835345252844, 41.579011506198015], [1.3491423987451159, 41.578890180437185], [1.3492061079073747, 41.57877661798033], [1.3488198818742116, 41.57864362333035], [1.3484533313171947, 41.57846867232572], [1.348396985517098, 41.578241249697186], [1.3484879811654003, 41.57803602488325], [1.348293622811, 41.57777834212565], [1.3480156063957813, 41.577744178399826], [1.3478099475566387, 41.57782660328856], [1.3474983078656504, 41.57802910613087], [1.3465124744196297, 41.57714270793553], [1.346480465880007, 41.577066769857375], [1.3465967820661258, 41.576964953950274], [1.347063157052542, 41.5767950318556], [1.3473859261185908, 41.57708753261544], [1.3478334876958655, 41.57687942245001], [1.34824274662152, 41.5768233321878], [1.3488776852223268, 41.576901622522], [1.349030570116818, 41.57702135374128], [1.349044918069636, 41.577093794994816], [1.3494920363304734, 41.577124264246535], [1.3495171796777403, 41.577060136003915], [1.349609403324236, 41.576985712286735], [1.3495102430518195, 41.576795324180594], [1.3499591033118885, 41.57660676476526], [1.3494925560071458, 41.575572566157184], [1.3486181173102816, 41.57564404587347], [1.3484904925671435, 41.57593592673998], [1.3483201870001307, 41.57615163095342], [1.348363682823257, 41.57648784780849], [1.3471858096111515, 41.57667493242268], [1.3471751343463176, 41.57584191269555], [1.3472576854924585, 41.57559648673579], [1.347486587006094, 41.57550052181919], [1.34717744921963, 41.5752713600432], [1.347091391294317, 41.575155735211865], [1.3470974947822736, 41.575005763817906], [1.3469182043996952, 41.5748353018162], [1.3460859807243695, 41.57418762941507], [1.3459004178383291, 41.57395294206212], [1.3457256654266017, 41.57355790732062], [1.3446319013610968, 41.57418246979797], [1.3444857967935055, 41.57417846973742], [1.3443261759082716, 41.57401288049279], [1.3443365670865834, 41.573347331471346], [1.3437099476335712, 41.57307647879454], [1.3438292618610475, 41.57294146890864], [1.3439537097927448, 41.57287309822618], [1.344457846836888, 41.57276903043374], [1.3447019025532185, 41.57267590124877], [1.3449701621538126, 41.57252286396736], [1.3454674009319025, 41.5723364550378], [1.3457049795836853, 41.57228574747831], [1.3465655412668307, 41.57170780854889], [1.3466365562471951, 41.57163686496732], [1.3467362277387667, 41.571448703546416], [1.3467509734623209, 41.571171503494135], [1.3466883236081986, 41.57106026806484], [1.3464690024175112, 41.570879497602206], [1.346806827042158, 41.57069305027168], [1.3470843375077795, 41.570496543150306], [1.3471634043600202, 41.570377618214685], [1.3474144013249, 41.570134253499944], [1.3475824800847318, 41.57007596329553], [1.3477241399187603, 41.56994812470125], [1.3481105140272118, 41.569517559510345], [1.3483009073647083, 41.56916235699603], [1.3486499736548145, 41.568764493773784], [1.3488142204769071, 41.568498353178704], [1.349664254254241, 41.56759865475847], [1.3495430513054751, 41.56761055827725], [1.3483045598420518, 41.56898110075335], [1.3479736712763468, 41.56919710480647], [1.3476192361409067, 41.56952301826504], [1.3474105236718497, 41.569839402258], [1.3473378868212584, 41.57003029930425], [1.3470769564200946, 41.57012724463923], [1.3469390541520907, 41.570215605225194], [1.3462536086305696, 41.57077543183752], [1.346104636156232, 41.57080868562312], [1.3459729429950136, 41.57092622661012], [1.3457746272984479, 41.5709329201926], [1.3454994546894425, 41.57109892441557], [1.3451283827733957, 41.57119211830238], [1.3448699800050772, 41.57129756143642], [1.344676270880738, 41.571345035073946], [1.345161173598624, 41.56990712287349], [1.3449778312190341, 41.56992430300331], [1.3445211106712627, 41.569849184036514], [1.3437336823817962, 41.56978515541158], [1.3435505214123746, 41.569729285514235], [1.3435336907395237, 41.569655731420525], [1.3437074767124182, 41.56949619713609], [1.3438536372141006, 41.569267546520585], [1.3437058703528797, 41.569272713089646], [1.343172337028667, 41.56907300205348], [1.3431668997129582, 41.56901356828853], [1.343641752270409, 41.56863689361909], [1.3440161407670792, 41.56876081826477], [1.344156006983538, 41.56875994635855], [1.3442991440401493, 41.56871553255063], [1.344392555577313, 41.56865986433945], [1.344767279570494, 41.56827723936595], [1.3452890171563805, 41.568121185671124], [1.3454549532597857, 41.5681096886778], [1.3454345580764198, 41.56807798629191], [1.3452720036579073, 41.5680926519221], [1.344740122230679, 41.568246405027246], [1.3446194786625771, 41.56833996065996], [1.344355505491488, 41.568636002873724], [1.3441463718604352, 41.56872396014757], [1.3439278954205331, 41.568703434063316], [1.3436308676667652, 41.56859818729469], [1.3435184533497018, 41.56866060642733], [1.3431469429769038, 41.56897788357352], [1.342455435598658, 41.5688731665617], [1.3422850642674076, 41.56888034715231], [1.3421386457735751, 41.56892614771584], [1.3418723002989636, 41.56914559138226], [1.3416023837366862, 41.56970616377708], [1.3409284386816105, 41.570944707642376], [1.340145935488733, 41.570317434912035], [1.3397181813405445, 41.570403938363796], [1.3394423299413483, 41.5697107469755], [1.3391597949379845, 41.56936738033721], [1.3390834184081275, 41.56915092216944], [1.33908938726575, 41.568997526566015], [1.3392166131330334, 41.56889083626613], [1.3386901595816494, 41.56868228993564], [1.3386237797698377, 41.56855811187073], [1.3385736089093652, 41.56816648785591], [1.3386894276392325, 41.56802729402321], [1.338470501510315, 41.567926646518956], [1.3391211517155106, 41.56762208438856], [1.3375585339211875, 41.567504852129886], [1.3390095791144636, 41.56753851861617], [1.338846795486799, 41.56688902142435], [1.3388586039509747, 41.566821099980714], [1.3385415464090609, 41.56637959816445], [1.3385288406076818, 41.56631825774013], [1.338592975761773, 41.566272529005126], [1.3390238784174673, 41.56620255318285], [1.3392140753405095, 41.56612811215126], [1.3395097098033244, 41.56581407490636], [1.3397724422537778, 41.56564205521933], [1.3398729078781666, 41.56563873250461], [1.3401891342557095, 41.565724086230304], [1.3405832924689354, 41.56572599388947], [1.3408157191049177, 41.56558055499432], [1.3410385419838227, 41.56536021531221], [1.3410932197928067, 41.56520590568868], [1.3410760019996157, 41.565063258237174], [1.3406961109365674, 41.5647990072889], [1.340231037709056, 41.564325380405236], [1.3401805358484409, 41.564119744387035], [1.3401836622790768, 41.56372096424859], [1.3401219016261563, 41.563547590443946], [1.3399892645195344, 41.56342579339619], [1.3394590484017905, 41.56318315017726], [1.3387470286222003, 41.56269720861466], [1.3385661039681553, 41.562522472102394], [1.3384060707223655, 41.562257882753904], [1.338266745677829, 41.562134996287696], [1.337757449213378, 41.561942631402545], [1.336863508121236, 41.561672829478226], [1.3359769196513662, 41.561275679473404], [1.335923914410507, 41.56121960985157], [1.3359201483106977, 41.56116542388988], [1.3359888263964892, 41.56107337680597], [1.3360509603951185, 41.56104941715984], [1.3360387392200224, 41.56102095860745], [1.3359457455140196, 41.56106050381343], [1.3358614860709301, 41.561147551656695], [1.3357329417545456, 41.56110975772182], [1.3345107454181335, 41.56021614079987], [1.3341748876648605, 41.55972436155143], [1.3339728368636734, 41.55958389815002], [1.333384249994295, 41.55935154954868], [1.333035978581643, 41.55925480964], [1.331985819445932, 41.559088720154996], [1.3314445434820223, 41.55885434153989], [1.3309693295807068, 41.55871864887407], [1.3307673453427076, 41.5585431439904], [1.330664838897963, 41.558495720323066], [1.330505273175704, 41.55847079578071], [1.3301751137160776, 41.55848600027854], [1.329894923693215, 41.5583349374345], [1.329581592175583, 41.55798524060953], [1.3297513317972123, 41.55777802637203], [1.330152681712678, 41.557549947880354], [1.330586108988168, 41.55723532265632], [1.331269920150697, 41.55697179698422], [1.3313803135419493, 41.55690368600635], [1.3314604056099426, 41.55677821151306], [1.331730507503931, 41.556038877632005], [1.3318712360729599, 41.55581691816509], [1.331952762329269, 41.55560760985422], [1.332112623272078, 41.55545293452719], [1.3326522539421497, 41.55512480509934], [1.3326664127276482, 41.555049802817365], [1.3325328054771315, 41.55515351589749], [1.3324314256102416, 41.555169698870884], [1.3323090940268272, 41.555128654187556], [1.3321181660368417, 41.55499933727278], [1.3316968799641167, 41.555005748343675], [1.3315713945144934, 41.55497546539008], [1.3314564633752923, 41.55490291297839], [1.3313512475157325, 41.55477456860696], [1.3310811783393368, 41.55419780915363], [1.3305791396165403, 41.55339566495344], [1.3302240439610036, 41.5530807603205], [1.330227622855695, 41.5530209163891], [1.329734716801238, 41.55305717370343], [1.329707079989881, 41.55291509355582], [1.3299722163014756, 41.55288615589147], [1.3299737560440197, 41.55285429381732], [1.3300654191255745, 41.55285679627689], [1.3300672177548265, 41.552819533819026], [1.3303012082850867, 41.55278942690722], [1.3303139673609659, 41.55275025204804], [1.3302210829511592, 41.55272998844496], [1.3302312667031209, 41.552702124888555], [1.330090902902336, 41.552672434842044], [1.3297002160115137, 41.552748366093375], [1.3289410464449478, 41.55312292331187], [1.3288317170856794, 41.55310800381985], [1.3286341455186301, 41.55301830499162], [1.3283714233841029, 41.55302331180078], [1.3283254758169034, 41.55299166442114], [1.3286175462246863, 41.55286188394692], [1.3291349268326123, 41.55254109876179], [1.3296445502474288, 41.552330447521925], [1.3299437907932703, 41.5523040770263], [1.3306782053021324, 41.55239255891975], [1.3310367164654453, 41.55238335322975], [1.3312796424116788, 41.55229014555657], [1.3316266382455115, 41.55200137212514], [1.3324236041674058, 41.55183477432764], [1.3326177780289656, 41.551832817133125], [1.3327552109761396, 41.55186921676865], [1.3331211701739953, 41.55206465494617], [1.3337169193572584, 41.55229566760636], [1.3342739525544296, 41.55257746008678], [1.3344803267487566, 41.55263746391619], [1.3347746981355972, 41.552655954761356], [1.335612902668618, 41.55254577503304], [1.3356776806287782, 41.55249789542729], [1.33582903679969, 41.55227680531407], [1.3359269822677775, 41.55220265517611], [1.3369182581822392, 41.55197236319093], [1.3371812011370576, 41.551991298389865], [1.337574198399562, 41.552273854562905], [1.3377117977833475, 41.552322855858165], [1.3378668985948678, 41.55233437558433], [1.3393907206724305, 41.55176436419524], [1.3393245101137745, 41.551741881241746], [1.3384361570839813, 41.55209725198521], [1.3378306855034252, 41.55230169732869], [1.3375811145970429, 41.55223323884198], [1.3371814496274614, 41.55193482865917], [1.3367758962025402, 41.5519503983382], [1.3358625637459072, 41.55217578278681], [1.3357683713688266, 41.55223917891179], [1.3356191625214706, 41.552474711088024], [1.3355434079627806, 41.55252513380804], [1.3348310073609955, 41.55262038249686], [1.3344677789079897, 41.552598462353124], [1.3342686843113647, 41.552535141355904], [1.333737653267434, 41.552263363126656], [1.3333059733139867, 41.55210543359854], [1.332704682111767, 41.55181516305323], [1.33253255874569, 41.55179402227467], [1.3323391507484816, 41.55181283335246], [1.3317151116338963, 41.551932041925774], [1.3315303556652007, 41.55201069298733], [1.3314021091488177, 41.5519199334413], [1.3313051833346485, 41.551781801715244], [1.33135048223937, 41.5516941915519], [1.3318479100345944, 41.55162620298617], [1.3318406567876142, 41.551381380057514], [1.3319454789939682, 41.5513057073559], [1.332060487341695, 41.55108544583511], [1.3320973311286348, 41.55078100646654], [1.3304220801944888, 41.550701125276426], [1.3305460017004385, 41.549486812093825], [1.3309053734156657, 41.54856251261931], [1.331608094111303, 41.54867430654403], [1.3317370049622264, 41.54818367936184], [1.3310799152538098, 41.548078668876634], [1.3308604157444424, 41.547970285922915], [1.3308012630935975, 41.5478086536825], [1.3306683069985008, 41.54766387350736], [1.3306427502566072, 41.547459585900995], [1.3304687106276387, 41.546814505368225], [1.330802388621649, 41.54652950370485], [1.331098515371543, 41.546115071477956], [1.3313545431283142, 41.54568374940835], [1.331249860677066, 41.54559117001378], [1.3312083080820132, 41.54548644690053], [1.3309966626432783, 41.54533872791354], [1.3308762114675723, 41.545197371972755], [1.3303100241526742, 41.54471034256315], [1.3301119087042075, 41.54450292245513], [1.3297328139751665, 41.54388314359498], [1.3296178409408534, 41.54339879241707], [1.3297019803224, 41.54338101030332], [1.3300844264916536, 41.543161658931375], [1.3305395506982236, 41.54285753025453], [1.330574170645031, 41.54293315069204], [1.3305343844403508, 41.543249616485355], [1.3305546100158405, 41.5433395290329], [1.3306814775412799, 41.543520248668486], [1.330879231484994, 41.54362516384336], [1.331168285795806, 41.543657641886874], [1.3313019347708153, 41.54359806462395], [1.3313494582212824, 41.543493643674566], [1.3313373744191774, 41.543166336982935], [1.3314231109681336, 41.543072193607145], [1.331545282263987, 41.543043973681975], [1.333030549101855, 41.543436780257984], [1.3337944213965718, 41.5434857684453], [1.334195141699546, 41.543572363072535], [1.334400565737047, 41.543565521899566], [1.3351262619219812, 41.54339210767615], [1.3359431587881954, 41.5430889582619], [1.3360443937956, 41.5430870009192], [1.3364004708323771, 41.54318005716928], [1.3366938912219153, 41.54315448984699], [1.3368230250548923, 41.543065027893334], [1.3369201572232903, 41.54282531322923], [1.3371332770386262, 41.542714548523996], [1.3375162812884451, 41.54270648727408], [1.3378583589328477, 41.54280807328313], [1.3380801592367346, 41.54282641146185], [1.3382586185520526, 41.54281439990529], [1.338466451225948, 41.54275552174235], [1.33873748989037, 41.54262046179191], [1.3390329050519336, 41.54237163564474], [1.339324427598793, 41.542078073637114], [1.3396742861495372, 41.541650163913296], [1.3400234331390848, 41.5414516447233], [1.3404189457904676, 41.54131513095141], [1.3408835750547492, 41.541288601606865], [1.3417212929900388, 41.54143524703886], [1.342400249336646, 41.54148952813797], [1.3425492717400556, 41.541470510405645], [1.3429176427748724, 41.54133566830206], [1.3432223805510293, 41.541284307426125], [1.343826665644398, 41.54125337925982], [1.3447824043001768, 41.54127146232614], [1.3453158482562966, 41.541320028317266], [1.3458496655966525, 41.541513883488626], [1.346095365397906, 41.5415304739607], [1.3460682735212073, 41.541478654641146], [1.3458754510524136, 41.5414617440926], [1.3453780057101041, 41.54127075432648], [1.3448921963528067, 41.54122530628047], [1.3440617318451593, 41.541202723770496], [1.343247061550684, 41.54122854993823], [1.3428995044533805, 41.541280734803884], [1.3425030755399596, 41.541425170024326], [1.342317075541934, 41.541441582930226], [1.3415723265276251, 41.54135825065627], [1.3408841078583695, 41.5412255608045], [1.3404622917232216, 41.54125153727341], [1.3400566988701887, 41.541369711661716], [1.3396579226757444, 41.541586879107726], [1.3394903665158338, 41.541730461386386], [1.3392540001449271, 41.54205679070394], [1.338844059841371, 41.54245690477723], [1.3386410032729144, 41.542610240713536], [1.338492716650795, 41.54267997297385], [1.33828517603338, 41.54273705402275], [1.3379828491952375, 41.542759164100886], [1.3375051881318547, 41.54264345853154], [1.3371583882084486, 41.54264690946337], [1.3368829367260688, 41.542761996537195], [1.3368171933134596, 41.54284796675945], [1.3367543032300715, 41.543033320075246], [1.3366445707490775, 41.54310486867819], [1.336420203504306, 41.54312116723243], [1.336077967100723, 41.54303047302678], [1.3359299406725125, 41.543029141111056], [1.3350855414553409, 41.54333909768706], [1.3343088452882799, 41.54351438474587], [1.3338223979614439, 41.5434280792786], [1.333045147837454, 41.543377185989634], [1.3318183010064562, 41.54303325435423], [1.3315481539197804, 41.54298357892714], [1.3314065433664806, 41.54300782387858], [1.3312733534098562, 41.543124426239764], [1.3312404567601166, 41.54323815646899], [1.331269183483679, 41.54347770714677], [1.33123888544456, 41.5435603111494], [1.3311506229483563, 41.54359857031102], [1.3308896493000884, 41.54356505881146], [1.3307208195143574, 41.5434589378888], [1.3306266415396137, 41.54331238335883], [1.3306542629640046, 41.542928184498535], [1.3305919741680272, 41.54280964964607], [1.3308458299335997, 41.5425884328506], [1.3319271599348237, 41.54277669556865], [1.3326612813224064, 41.542839850797264], [1.333284053864396, 41.5430049666804], [1.3338050941678279, 41.54318661865938], [1.3343421503264874, 41.543239525726875], [1.3346099345274614, 41.54318053239494], [1.3359820776586868, 41.542716454869016], [1.3369863645098272, 41.54229531283851], [1.3375207899031982, 41.542216751455456], [1.3376244164439524, 41.54224797277882], [1.33796276203743, 41.542457502033514], [1.3381164080636614, 41.542478097308226], [1.3382542933154657, 41.54244469322903], [1.3384884997598783, 41.54231089834373], [1.3386701018665152, 41.54215265910412], [1.3389427926256994, 41.5416625650144], [1.3392194714094736, 41.54137248610302], [1.3397282612150767, 41.54104441246915], [1.340151029764922, 41.540863983636], [1.3405752709890348, 41.54086496951327], [1.341561023623759, 41.54107788208255], [1.3419801342288968, 41.54110166636341], [1.3424256912610932, 41.54103792730645], [1.3434124787348376, 41.540768968231696], [1.343776447548932, 41.54073592827869], [1.3444618287860253, 41.540749848620734], [1.3453052436458492, 41.54068722891027], [1.345831177529359, 41.540738656690486], [1.3458362902122656, 41.540683878044376], [1.3452159908530168, 41.54063316365224], [1.344444392251041, 41.540695555947764], [1.343826335354109, 41.54067891254397], [1.3434017540516163, 41.5407147721178], [1.3423861533015595, 41.540990070865696], [1.3419598189530904, 41.54104751194597], [1.341541674137501, 41.54101878771401], [1.3406060843909597, 41.540813264161336], [1.3401617565547639, 41.54080550340839], [1.3399548997349677, 41.54086871760023], [1.3396779767145066, 41.54100432600362], [1.339131568926129, 41.54136419083258], [1.3388919134543267, 41.54161761038037], [1.338589875162751, 41.54214420412924], [1.3384428428325534, 41.54226799600827], [1.3382013837030777, 41.542404117834835], [1.3379617972119888, 41.54240623868731], [1.3376657529422966, 41.5422255127663], [1.3374990580931654, 41.54217590603598], [1.3369115313496103, 41.54226820031057], [1.3359512745179272, 41.542697454753664], [1.3346113009269607, 41.54315064921074], [1.3343265126929453, 41.543213539366214], [1.333811178354236, 41.54315977614562], [1.3333019263248171, 41.542981267379695], [1.3326209371047892, 41.54280494930649], [1.33194722237451, 41.542751767286184], [1.3309933004092516, 41.54260201265256], [1.330529244865338, 41.5424377437105], [1.3303205506437037, 41.542399410316314], [1.3298092165381088, 41.54202269912858], [1.3295704219424684, 41.542138059345326], [1.3289434169655596, 41.542289595586205], [1.3287125766411754, 41.54238794386774], [1.3284780677698078, 41.54260250189907], [1.3281898435938688, 41.54275674259298], [1.3276168290436963, 41.5429504380414], [1.3276875243496238, 41.54307774340842], [1.3273835979731954, 41.54319915310385], [1.3273834271083007, 41.543252291428146], [1.3272968156816125, 41.5434031581045], [1.3263932142941148, 41.543826667089014], [1.3261026412671588, 41.54403437385994], [1.3254552810941542, 41.54481350614287], [1.3253347524201113, 41.54502404341471], [1.3252798760152433, 41.54525057850232], [1.325093725345799, 41.54540692868024], [1.3246487953449415, 41.545681375670156], [1.3246033927891323, 41.54575889400384], [1.3246112413032798, 41.545817102964], [1.3247767989860324, 41.54585500280716], [1.324260307638413, 41.54626332897228], [1.3235518392564374, 41.547229713648], [1.3228252398536178, 41.547945617318334], [1.3225197272919813, 41.54819668574264], [1.3223799796335538, 41.54849142858555], [1.3220608809173888, 41.54861421928198], [1.3218895341091565, 41.54874916361158], [1.3216407747033507, 41.549132743521064], [1.3215235837126476, 41.549389800924196], [1.3212642300990811, 41.549751694275265], [1.321160107240624, 41.55009208032583], [1.320808951436235, 41.55041047959809], [1.3206143743961667, 41.55075260617487], [1.3201384059771704, 41.55113538067855], [1.3196468699107027, 41.55129059593948], [1.3186652876622562, 41.55184350314353], [1.3184521066950723, 41.552037730745845], [1.3182948130034537, 41.55231446358318], [1.317045031824908, 41.55304105353228], [1.3169489751110257, 41.55314782008904], [1.316930762792254, 41.55324897110832], [1.316970883670454, 41.55334323022216], [1.3170940910405728, 41.55345653932876], [1.3171202257772907, 41.553563023158446], [1.317011140413262, 41.55376984578164], [1.3168401762575361, 41.55396765610533], [1.31652283135492, 41.5540768609304], [1.315524326844667, 41.55422598409572], [1.3152968115074002, 41.55434334248466], [1.3148140572108842, 41.554712759399045], [1.3142650580478414, 41.5549920346108], [1.3133244866843417, 41.55527348869172], [1.3127189236309627, 41.55550932392067], [1.3125709510116146, 41.55565234304774], [1.3125510109661116, 41.555958104493136], [1.3124964356566484, 41.556050889466405], [1.3121527050539559, 41.55625615406847], [1.3116921099823902, 41.5566347097209], [1.310932594509907, 41.55695672192867], [1.3106855704860723, 41.5570397383815], [1.3104808736790474, 41.55704915963749], [1.3099281601518038, 41.55683883495051], [1.3096790503407625, 41.55680400848456], [1.3094662816772686, 41.55683790255276], [1.3089001016561017, 41.55702007066868], [1.308701028032333, 41.5571679217545], [1.3084521211351101, 41.557493100850174], [1.308411408506197, 41.55764742020317], [1.3084311402506044, 41.55787936764888], [1.3083944012911244, 41.55796385202903], [1.30822178387258, 41.55815946776593], [1.3080649121497794, 41.558238491186216], [1.3081000138191161, 41.558308721097376], [1.3081754037861861, 41.55827335276554], [1.3084642189933133, 41.5579719948305], [1.308509664789595, 41.55783873115501], [1.3084776159583493, 41.5576652373069], [1.3085123669923024, 41.55751443296484], [1.3087554343649195, 41.55719682368114], [1.308953915809646, 41.557053287096096], [1.3094916928419202, 41.55688430143651], [1.309708090690185, 41.556853793233024], [1.3099074889058748, 41.55688662782352], [1.3103680075030897, 41.55707785850097], [1.3106296265050867, 41.55709746102815], [1.3108980465927569, 41.557026287896555], [1.31156713350253, 41.556755548017506], [1.3118276043524353, 41.5566165241402], [1.3121970512902752, 41.556293823486335], [1.3125529109818648, 41.55607864907861], [1.3126272170447717, 41.55596030391826], [1.312633123311917, 41.55568234789904], [1.3127638526338907, 41.555547632159374], [1.3133127623382934, 41.555332401879426], [1.3141530275487467, 41.55509027818513], [1.3145138552188806, 41.554941821471495], [1.3148526236403306, 41.554760610934245], [1.3153595896070691, 41.55436849102176], [1.3156253713308677, 41.554250522300585], [1.316724312112912, 41.55408008149408], [1.3173333164437049, 41.5542929088332], [1.3183567131113825, 41.554566647553635], [1.3182123098416598, 41.55462344018337], [1.3178329350873528, 41.5546089726404], [1.3175516944015695, 41.554648094536695], [1.3172837336078245, 41.55475306588977], [1.316974773842184, 41.55497777299209], [1.316856032958582, 41.5551083457951], [1.3168423666962403, 41.55525630910541], [1.3169593325612954, 41.555619288107195]], [[1.323102741930888, 41.56061464400576], [1.3228236935398705, 41.56057274415045], [1.3227621332719652, 41.560537259526875], [1.3229115705232943, 41.56045774727867], [1.3230851112664648, 41.56041533005321], [1.3232583035346184, 41.56041884712393], [1.3234018031112404, 41.56046228174414], [1.323102741930888, 41.56061464400576]], [[1.3314446623210772, 41.5605143186231], [1.3322392170425101, 41.560161154955026], [1.3326578942622485, 41.559930792767325], [1.3329361278244063, 41.55971064632699], [1.3332352163970176, 41.55934596617186], [1.3340291572528131, 41.559683520031236], [1.334185180500895, 41.55983718698482], [1.3344518328477206, 41.56023140960141], [1.3354707056492352, 41.56096842560958], [1.335544184190029, 41.56105379408197], [1.335402971790334, 41.56106571005506], [1.3339193669770595, 41.560559385218845], [1.3335122622768503, 41.56046963004465], [1.3323913657850632, 41.5605912797865], [1.3317208105874772, 41.560473382110736], [1.3314446623210772, 41.5605143186231]], [[1.3231992513237407, 41.560355928301355], [1.3230170940551815, 41.56036984829911], [1.322828782098288, 41.56042699684873], [1.322723074687623, 41.56048490002804], [1.3226870175294279, 41.56053904574386], [1.3227084930792292, 41.560585024020604], [1.3227894147848205, 41.56062304288187], [1.3230590177648796, 41.56065922076253], [1.3231612455172335, 41.56082887061547], [1.3231491508969517, 41.56106008117419], [1.3230198563745825, 41.56160365225209], [1.3230166825470933, 41.5622181458979], [1.3227035368156863, 41.56234904531901], [1.3223440599527574, 41.562676153759746], [1.3224110441060968, 41.56213122391458], [1.3222735443021343, 41.56155890112479], [1.3221167867454813, 41.56129991689375], [1.3218169966441446, 41.560984352785724], [1.3216347053615631, 41.560729768778465], [1.3213864854701372, 41.56059951211308], [1.3206065990830884, 41.56042987480474], [1.3198318215282472, 41.56017915481976], [1.3193735740640142, 41.560092475081355], [1.3191230889437, 41.559989736997764], [1.318833025302282, 41.559808604549396], [1.3185979388273918, 41.5596020609585], [1.3181052020261559, 41.55897743065981], [1.3180097449737131, 41.55882498847852], [1.3180040495097765, 41.55867007671564], [1.3184065392299031, 41.558149872638396], [1.3184292022887634, 41.558034285471535], [1.3183210117813016, 41.55786400375826], [1.3183228762393417, 41.55777360184815], [1.3185699731272196, 41.557423871460806], [1.3186219240105794, 41.55722828107393], [1.3187574360474525, 41.55710299562969], [1.3187555275816478, 41.55698695894579], [1.3185641848300869, 41.55672647320847], [1.3184492476622642, 41.556645351213916], [1.3177373367619603, 41.55635842834202], [1.3174194316672654, 41.55616481113127], [1.317062421633561, 41.55568528669668], [1.3169626524411633, 41.55549134875652], [1.3168884812708137, 41.55517970513496], [1.316977180945003, 41.55505598807457], [1.317199599378094, 41.55487162602895], [1.317481655843614, 41.55472714077454], [1.3181404646314763, 41.55466120881536], [1.3183715575137238, 41.55467395668933], [1.3185342033917684, 41.55461652549864], [1.3194667910491544, 41.55497079875916], [1.320129868816607, 41.555101182569366], [1.3205386745335959, 41.555224871310664], [1.3213660455830825, 41.55557741186257], [1.3218335774907581, 41.5558741698754], [1.3223156615433833, 41.5561043026942], [1.3226966580937867, 41.55615867968088], [1.323062095172292, 41.55611897207468], [1.3234116474786446, 41.5560069809679], [1.3237635628562072, 41.555780541085305], [1.3238272439773155, 41.55578020865716], [1.3241838095230165, 41.55600508532141], [1.3252166071157876, 41.55630213341617], [1.3261123902560374, 41.55673741916262], [1.3265707257796497, 41.556857308738884], [1.3264077822871996, 41.55721908549081], [1.3268369750256293, 41.557446182146236], [1.325889072352121, 41.55837027430713], [1.3255756890869261, 41.55860421714329], [1.3242875976015938, 41.55882062242244], [1.323978039187409, 41.55935193411451], [1.3235002006619547, 41.55988439361269], [1.3234207305431698, 41.56009174412289], [1.323399368466013, 41.56039874766079], [1.3231992513237407, 41.560355928301355]], [[1.3171160342519017, 41.55373382262031], [1.3171842499318038, 41.55359098108025], [1.3171840461863773, 41.55349253271971], [1.3169997144701255, 41.55324412610171], [1.3174009524144699, 41.55314578523988], [1.3184555020642992, 41.552993952768766], [1.31914151777923, 41.5529323759728], [1.3199936571209403, 41.55291492486108], [1.320500688675889, 41.5526574360698], [1.3208617091945338, 41.552430962310034], [1.321697053094315, 41.551574526069004], [1.3221666431397892, 41.55152157485234], [1.322517824178732, 41.551429150535554], [1.3225136220841964, 41.55156869620551], [1.3223530230950125, 41.55194149460841], [1.321891244727481, 41.552656662385175], [1.3219618852413697, 41.55277676475564], [1.3220685062426556, 41.55275724038426], [1.3221821874881658, 41.5527892528619], [1.3227744907932857, 41.55309638462843], [1.3232646539940573, 41.55327331052073], [1.3232590201983703, 41.55281378635127], [1.3245190459016567, 41.552792788428896], [1.3246613116494521, 41.553162163243556], [1.3249188991012268, 41.553606984809655], [1.3249416513845809, 41.55372422590395], [1.3249310535113779, 41.553814230555915], [1.3248703346726756, 41.55390422542684], [1.324512083078138, 41.55400979394979], [1.3240497398514282, 41.55448726540915], [1.3239116588770963, 41.554749699325484], [1.323790029676747, 41.55514594073846], [1.3236166149569835, 41.555550794009406], [1.3234062239302502, 41.555604473725346], [1.323268788730515, 41.555595894195186], [1.3224316299523355, 41.55534320102972], [1.3223087684320662, 41.55560125702432], [1.3220366752325585, 41.555930991276], [1.3213877189354062, 41.555541520617226], [1.3205654370971063, 41.555191576500675], [1.3201708393739064, 41.555070257125536], [1.3194795291097494, 41.5549327056653], [1.3184822872416229, 41.55455623504442], [1.3174542809351864, 41.55427990804271], [1.3169301033745364, 41.55408354044781], [1.3168801633283413, 41.554007241426135], [1.3171160342519017, 41.55373382262031]], [[1.3240113215456208, 41.5555940178686], [1.3247871367957056, 41.55571952894036], [1.3253172053113658, 41.55566131709826], [1.3258250716817959, 41.55576661945173], [1.325596468226225, 41.556126358031314], [1.3261649933466988, 41.55633467610804], [1.326433633429932, 41.55598443609253], [1.326517159563396, 41.55599573976963], [1.3272877428295948, 41.55654790465184], [1.3274818494318246, 41.55665628971633], [1.327227866188149, 41.55700998791616], [1.3271620395352506, 41.556940037205855], [1.3270590231253234, 41.55689863752985], [1.3266105650289026, 41.55683762315199], [1.326146113608825, 41.556708457648504], [1.325243860436698, 41.55628226494038], [1.3242185761255836, 41.55598217420074], [1.3240337814427656, 41.555889591400145], [1.323869224256139, 41.55571480019919], [1.3240113215456208, 41.5555940178686]], [[1.338720211989973, 41.56273753224228], [1.339386935876809, 41.56319399757954], [1.340032961464106, 41.563517754310034], [1.3401276132990172, 41.56372736046625], [1.3401276405079752, 41.56415284654424], [1.34017914174686, 41.56434309522577], [1.3405966697904108, 41.564776410168776], [1.3410398534582113, 41.56511209433933], [1.3410354506888502, 41.5652607346036], [1.340983054390709, 41.56537742831314], [1.3407190350847893, 41.56561887986085], [1.340547063977762, 41.56570763726071], [1.3402128136323068, 41.56569857835378], [1.3399065838922248, 41.56562093484824], [1.3397340054008082, 41.56563033154037], [1.339478180148701, 41.565794885126635], [1.3391461832480236, 41.566128572365514], [1.3385847826948591, 41.56623656316897], [1.3385037967493143, 41.566279976760875], [1.3380937997857405, 41.56566041064601], [1.3380073704744884, 41.56586028495348], [1.3378120849123445, 41.56615658468002], [1.3375137270864494, 41.56651587826291], [1.3373750003663611, 41.566416147127484], [1.3372372469293043, 41.566564209421074], [1.336228527877655, 41.56606298099435], [1.3364589941349798, 41.565872843917134], [1.337415692342636, 41.56494104676753], [1.3379522058700368, 41.56536401831842], [1.338095293210381, 41.56517613170694], [1.3384939818405466, 41.56486538823136], [1.3386078512334292, 41.56466654058234], [1.3386048407632996, 41.56442808462725], [1.338489609724083, 41.564240156631364], [1.338012492268263, 41.56386758420092], [1.337939591222913, 41.56367522377659], [1.3379565972503495, 41.56339985870987], [1.3380142791229759, 41.56327828448151], [1.3382162969545992, 41.56312133265051], [1.338493604834537, 41.56277776499927], [1.3385593826063824, 41.56258821986791], [1.338720211989973, 41.56273753224228]], [[1.3273952981876056, 41.560892688806945], [1.3271730833988944, 41.560846312352375], [1.3270778786216053, 41.5607944928087], [1.326887071340437, 41.56063238396295], [1.3267645984533991, 41.56045712864016], [1.3266666779714222, 41.560394636591816], [1.326439385638997, 41.56035457970598], [1.326177605600976, 41.56041949542015], [1.3260383002228864, 41.56041791731183], [1.3256744902601463, 41.56020771222643], [1.3256765458340702, 41.55950547478757], [1.326852561082371, 41.5591388946384], [1.3270587521368513, 41.55920188140285], [1.327563085556296, 41.559473027202586], [1.3282176492889135, 41.56011798458609], [1.3279237013314562, 41.56036554210243], [1.3274142893836984, 41.560965380535634], [1.3273952981876056, 41.560892688806945]], [[1.3458675486043554, 41.57113673217628], [1.346428210118786, 41.57089882053977], [1.346689364542751, 41.57113702171836], [1.3466951921280605, 41.57136939315925], [1.3451220328221796, 41.57137531702558], [1.3458675486043554, 41.57113673217628]], [[1.338934926143487, 41.57369356405397], [1.338847190164986, 41.573077756786866], [1.338896341077075, 41.57310683873251], [1.3390248425365916, 41.573077085941435], [1.3402355245707027, 41.57247335970202], [1.3401009373145685, 41.57286753898179], [1.3400860049948664, 41.57327290321166], [1.3401966560894947, 41.5734718372454], [1.3391058745571054, 41.57389841877106], [1.3389867852141883, 41.57382293166238], [1.338934926143487, 41.57369356405397]], [[1.3473455486229917, 41.57954682492579], [1.3475523072969597, 41.57952970756954], [1.347597926037025, 41.57954711614953], [1.347536444978338, 41.57961549520107], [1.3473455486229917, 41.57954682492579]], [[1.3478414499190106, 41.58232807220762], [1.3476677774140078, 41.58232557582673], [1.3474319527987495, 41.58211466596609], [1.347710863558753, 41.582006269723884], [1.348325153522557, 41.58220973216476], [1.3478414499190106, 41.58232807220762]], [[1.3455424570249477, 41.58193195024395], [1.3458357738820084, 41.58177152155192], [1.3462128015016772, 41.581179160522595], [1.3464791437383743, 41.581027078717135], [1.34660889291492, 41.5808924909678], [1.3469107139028051, 41.58104733680782], [1.3475193237964687, 41.58122847487898], [1.3459248088737303, 41.58191150862053], [1.3454076802453927, 41.58205655231818], [1.3455424570249477, 41.58193195024395]]], [[[1.3179237055797464, 41.64494848561474], [1.3182393439508477, 41.64471901947247], [1.3178174674701686, 41.64446092543022], [1.3178422564855239, 41.644489096687764], [1.3176960813887073, 41.644538543119126], [1.3176335829676937, 41.644721951625385], [1.317642029095783, 41.64495688615595], [1.3177421481814446, 41.645110111335846], [1.3179237055797464, 41.64494848561474]]], [[[1.3187139883550403, 41.646522447790844], [1.3190147248022013, 41.64646180051623], [1.3193780616033368, 41.64615661474576], [1.3185771038917427, 41.645514125528656], [1.3184656113451518, 41.6454516084089], [1.3182427779479415, 41.64539070423276], [1.3179385299570567, 41.6454356128324], [1.3177809743503572, 41.64516915612917], [1.3177185218590735, 41.64520903668088], [1.317700962651685, 41.64517931084203], [1.3177788834769906, 41.645322943054055], [1.3177598049343426, 41.64533626398205], [1.3177921520018427, 41.64550039041797], [1.3174775239529342, 41.645681593817834], [1.3162617669277943, 41.646722901291255], [1.316070543910817, 41.64735714757068], [1.3159500390182288, 41.64843853914674], [1.315879171990472, 41.64860979988555], [1.3156556390179426, 41.649455955579306], [1.3163493774862913, 41.648865096414], [1.317960573628988, 41.647388087062964], [1.318204595967649, 41.64710822841923], [1.3184075137948499, 41.64667164946846], [1.3184002768346312, 41.64631976054963], [1.318117573981881, 41.64587883983985], [1.3181993766185889, 41.64587769529896], [1.3184765564235998, 41.64632000084347], [1.3185250242924431, 41.64633378246603], [1.3187139883550403, 41.646522447790844]]], [[[1.339590892820549, 41.582920954436325], [1.3391652675026515, 41.5827760141094], [1.3391442163365848, 41.582384901988284], [1.3390482975258107, 41.58238689178879], [1.339063859351727, 41.582273235626545], [1.3391445710784287, 41.582274928311215], [1.3391544408393103, 41.5821591574894], [1.3390867439980731, 41.58215361419229], [1.3390937758513988, 41.58206093020204], [1.3391494370745287, 41.58205928909775], [1.3392339972298055, 41.58167591761142], [1.3391438850889237, 41.58166196231896], [1.3391279555754871, 41.581492917320475], [1.3391023377016984, 41.58149875109302], [1.339129122017002, 41.58165818543921], [1.3390079657545175, 41.582440126825226], [1.3391270300376754, 41.5826105684029], [1.3390642012680902, 41.58281553501532], [1.3397821944690533, 41.583184556516585], [1.3398647989033619, 41.58316774035614], [1.339590892820549, 41.582920954436325]]]]}}]}