{"type": "FeatureCollection", "features": [{"type": "Feature", "properties": {"status": "ok", "version": 6, "n_rows": 522, "n_parcels": 522, "n_matched": 522, "foral": 0, "public_domain": 0, "declared_m2": {"expropriation": 83011, "easement": 1274275, "temporary": 52494}, "parcels_m2": 21206995, "catastro_date": "2026-08-21", "identifier": "BOE-B-2026-30163"}, "geometry": {"type": "MultiPolygon", "coordinates": [[[[-2.351144361728602, 36.8789060527572], [-2.350883154994064, 36.878797169517625], [-2.350602013915216, 36.878564498508126], [-2.350354566680774, 36.878460832041704], [-2.3501276684226076, 36.87846211550049], [-2.349985584372307, 36.87842491553342], [-2.349689851869727, 36.87824616362563], [-2.3494406231692917, 36.87819404366394], [-2.3489922196627018, 36.87794413693118], [-2.34830701696104, 36.87779037639416], [-2.3480186968107195, 36.87766439552207], [-2.34776748290295, 36.87749047593384], [-2.347286480067164, 36.87737983741496], [-2.3463925478308685, 36.87695331384248], [-2.34431555965171, 36.87611261510635], [-2.3432656059028005, 36.87580049746132], [-2.342092891918574, 36.875267918696444], [-2.3419981996302512, 36.87450828292292], [-2.341886141702867, 36.87422974685304], [-2.341726213503203, 36.87403747976902], [-2.341373904769514, 36.873931320728495], [-2.3410302229727646, 36.87372225891728], [-2.340904935343587, 36.87358607691604], [-2.340892560915167, 36.873524529714906], [-2.340928590324265, 36.87340618946194], [-2.341034713658475, 36.87327003002646], [-2.3411860201606673, 36.87333963880959], [-2.3417944762679044, 36.87348516817864], [-2.3421854915191194, 36.87361705113028], [-2.3431348425804206, 36.87417957566451], [-2.343217177548684, 36.874264125651955], [-2.3433287694636578, 36.87447833167348], [-2.3436142277773926, 36.87549962805018], [-2.3438994013165777, 36.87538825619839], [-2.34424889105142, 36.87532726426572], [-2.34529239632476, 36.87522041174194], [-2.3454259141852742, 36.875231853691126], [-2.3484728860965736, 36.876797370450475], [-2.348605160627425, 36.87694476069864], [-2.3486002728084787, 36.877057865283476], [-2.3485287285551792, 36.87722442075676], [-2.348426727556484, 36.87730418031577], [-2.348401810310429, 36.87741068466015], [-2.348428533029248, 36.87748790473891], [-2.348140509165265, 36.877591884438694], [-2.348264636129241, 36.877668196483484], [-2.348402012011827, 36.877651101185165], [-2.348562323342836, 36.87756264685511], [-2.3487805739617493, 36.87762802592771], [-2.3489378669698033, 36.877604278311246], [-2.349049182974457, 36.87752429890732], [-2.349173656869055, 36.87732179490976], [-2.3493509649626914, 36.87727976687063], [-2.349565410358945, 36.877357203036496], [-2.3503245795644747, 36.87774474036937], [-2.350530808184077, 36.87781221397928], [-2.3506777412434867, 36.877938588212174], [-2.3508114183950997, 36.87818613422532], [-2.3510366211827813, 36.87827904121865], [-2.351505992084049, 36.878557716127844], [-2.351575408198543, 36.87865554112771], [-2.3516267366612187, 36.87880906685493], [-2.3516572374340448, 36.878802643697995], [-2.3517581423595635, 36.879080951932565], [-2.351144361728602, 36.8789060527572]], [[-2.3510980180977112, 36.87838295253304], [-2.351063499478959, 36.87835148389663], [-2.351035274652498, 36.87838513395995], [-2.351077274252124, 36.87840771914803], [-2.3510980180977112, 36.87838295253304]], [[-2.350896473059749, 36.878265655570466], [-2.3508535652794476, 36.87824432738087], [-2.350826904390263, 36.878278797238586], [-2.350869924386113, 36.878300126050696], [-2.350896473059749, 36.878265655570466]], [[-2.3462663355449043, 36.876521039232564], [-2.346307079405054, 36.87658535610736], [-2.346387137243748, 36.87655262326355], [-2.3463463925648456, 36.87648839655565], [-2.3462663355449043, 36.876521039232564]]], [[[-2.278261550397144, 37.05156716615625], [-2.2775001718509915, 37.05181591495764], [-2.2777690699315056, 37.05191112372002], [-2.2783546312442433, 37.0520457574518], [-2.2787543497359906, 37.052222346227616], [-2.2791036822306587, 37.05242251499123], [-2.280262117941471, 37.05252492762842], [-2.281026041417613, 37.052661896680426], [-2.282128792835535, 37.05276647758246], [-2.28341106949032, 37.05260558425086], [-2.284444078609302, 37.052628685088806], [-2.285008815609408, 37.05252798110941], [-2.2853489607585007, 37.05251047446101], [-2.285583176215798, 37.05253965327887], [-2.2859844376596743, 37.05267367573344], [-2.2861880307477134, 37.05289845651215], [-2.2857030186492606, 37.0534197959222], [-2.285498759307525, 37.05378129543172], [-2.2852109799338507, 37.053934154544415], [-2.2848791215413033, 37.05401471965009], [-2.284606960840598, 37.05421679405911], [-2.284858012010824, 37.05550733149601], [-2.282685375622594, 37.056085253756265], [-2.2828397355499663, 37.05660504143876], [-2.2828174730168764, 37.05675967977319], [-2.2827537871344177, 37.0568820674251], [-2.283095108721521, 37.058246078129834], [-2.2833928921229627, 37.05920644162742], [-2.2837211985681485, 37.06010388956475], [-2.283924796410271, 37.06077171466231], [-2.2839929248335262, 37.06089426754053], [-2.284035045704397, 37.06086513567177], [-2.2842252354464048, 37.060854118860085], [-2.284785461690824, 37.06091636485135], [-2.287519826192946, 37.06141852443654], [-2.2877517934496234, 37.06202747074569], [-2.2878455931247945, 37.062172079923876], [-2.2886785135834598, 37.062664571411005], [-2.2890945719610696, 37.062665627880804], [-2.2895516275105394, 37.06276878825588], [-2.2901381566742547, 37.06270271502236], [-2.290459320501828, 37.06283191624448], [-2.2906735435509242, 37.0628736754669], [-2.29119302775185, 37.06274788301532], [-2.2916673335677284, 37.062847622811816], [-2.292324953134487, 37.06287796388611], [-2.292482301490603, 37.062842845932074], [-2.2927481661194533, 37.062846959874385], [-2.2918721946030987, 37.060257824388046], [-2.2919494643157954, 37.05988339171899], [-2.292001117463534, 37.05914336796775], [-2.2912207941160068, 37.05871747238913], [-2.291243285949564, 37.05845177949383], [-2.2930016791973977, 37.05846769447825], [-2.293799921290493, 37.05832084026163], [-2.2941261600685707, 37.05824147883887], [-2.294121439022513, 37.05764687725173], [-2.2954139261338673, 37.057604365793665], [-2.295530876108857, 37.05754583737788], [-2.2959474222650824, 37.05795305034558], [-2.2964395653286895, 37.05855342831143], [-2.2967511097033086, 37.05888330518668], [-2.29814866865277, 37.06021856905645], [-2.299149349058612, 37.061503417735786], [-2.299351029689099, 37.06164938090621], [-2.2994875733057123, 37.06169886374546], [-2.3003920210052016, 37.06188223995218], [-2.3005689863096177, 37.061951791073184], [-2.3007008527335358, 37.06204532413328], [-2.3013277904782594, 37.0626729868835], [-2.3016268402003246, 37.062897577676736], [-2.30171440600507, 37.06305097315324], [-2.3017980671942153, 37.06337209888369], [-2.302139001446888, 37.066241054422875], [-2.302325702062438, 37.06728580573939], [-2.302486690910196, 37.06890316842463], [-2.302523259801977, 37.069576469296216], [-2.3026061733745644, 37.070189197148814], [-2.3009507902725783, 37.07055135779729], [-2.3016187435045508, 37.07082355782132], [-2.302719190768735, 37.07116257271255], [-2.302951651334123, 37.071169261912274], [-2.303155514202101, 37.07121553048487], [-2.3041187541295858, 37.07163836898543], [-2.305275498913061, 37.07183869700511], [-2.305193091614843, 37.0700230371611], [-2.3051244052912896, 37.069389846623025], [-2.3054755025683895, 37.06901917271655], [-2.305497450533547, 37.06895611209378], [-2.3054517723908012, 37.0687225586324], [-2.3050250051856724, 37.06797007772306], [-2.3049135231433575, 37.06769963117278], [-2.3048560018678073, 37.06683015030163], [-2.3047785084868093, 37.06639836928445], [-2.304445299775012, 37.06613031826659], [-2.3031589293088848, 37.06533023092495], [-2.3029275013882975, 37.06512659368567], [-2.3028502128572748, 37.06499336108601], [-2.302665373746712, 37.064100144451274], [-2.3026441007750584, 37.06356223531174], [-2.302588151736667, 37.06339523476846], [-2.302355410317004, 37.06313930659361], [-2.301753794798766, 37.0629259984905], [-2.3014938693339047, 37.06276473745407], [-2.3009100850408326, 37.06221458568417], [-2.300872070877226, 37.062165144384636], [-2.3009166910958685, 37.062144945239545], [-2.3013517650853803, 37.062560811791506], [-2.3016398714201505, 37.0627889437592], [-2.301856765474097, 37.06290813007615], [-2.302319308262922, 37.06307743747933], [-2.3024505641950928, 37.063164384675346], [-2.302562027281541, 37.06328781279799], [-2.3026383751972377, 37.06340129909762], [-2.302689308347639, 37.06356331234969], [-2.302837134703873, 37.06473854443569], [-2.302910223364692, 37.064950265583995], [-2.30301835484321, 37.06509395550637], [-2.3035345190776, 37.065489467747454], [-2.3045901527193164, 37.06618263835524], [-2.3048279755075813, 37.066401277815565], [-2.3054568257994763, 37.068304692572234], [-2.3055798239503327, 37.06890332079905], [-2.305503042727287, 37.070376498509916], [-2.3055534401197217, 37.07114002076057], [-2.305480012146145, 37.07187568083864], [-2.307305263125724, 37.07223071269729], [-2.3083299801488137, 37.072341806640466], [-2.3085734547735193, 37.072399659230555], [-2.309120955832363, 37.07242602044956], [-2.3091471658605838, 37.07230213856698], [-2.3091188235993356, 37.07138505520877], [-2.309181471745424, 37.07023467935967], [-2.30900114493397, 37.06907143553593], [-2.3090170498472813, 37.06890540202938], [-2.308938719394413, 37.06753524637528], [-2.3088596182327255, 37.06684475259234], [-2.308858834825718, 37.066262258334625], [-2.308991509744453, 37.066318828893486], [-2.309388774544104, 37.06663204499368], [-2.3101588324929674, 37.067056499615866], [-2.31051500194617, 37.06731331479753], [-2.3107170888367787, 37.067505499092434], [-2.3110122241509172, 37.067682994161295], [-2.311374866600996, 37.0680705449753], [-2.3117847332715646, 37.068435296977114], [-2.3127090575386697, 37.068647089422086], [-2.313137211484526, 37.068819310418746], [-2.3132244660172185, 37.06911034158371], [-2.3136586247490136, 37.070213211295446], [-2.3140770896852865, 37.07117393012762], [-2.3145285289779363, 37.072346755912406], [-2.3158088098909575, 37.07226212719576], [-2.3170994446807525, 37.071988517672416], [-2.3176214200244427, 37.071988641805866], [-2.3177218108503794, 37.072021129395985], [-2.3170992290174937, 37.07202511385302], [-2.315817598339712, 37.07229814431916], [-2.314686019231731, 37.07238444368148], [-2.313692024671895, 37.072333346145555], [-2.313176774506813, 37.07239805532304], [-2.311277109340629, 37.072443089730534], [-2.3100597193634855, 37.07252614236709], [-2.3108275349377214, 37.074811108683825], [-2.3098531360185506, 37.07501474204811], [-2.30987742321347, 37.07509505824105], [-2.308559661841245, 37.0753604272872], [-2.308988573073496, 37.07622762354573], [-2.309118717588182, 37.07622184647399], [-2.3091451781819736, 37.076780070058916], [-2.3087839579290037, 37.076715943703256], [-2.3081266290235534, 37.07641743452999], [-2.3078161440300167, 37.07594544127136], [-2.3079794179245887, 37.07590483888226], [-2.30770348558697, 37.07550570532097], [-2.307406500754922, 37.07581297142314], [-2.3074116838270164, 37.075997611123725], [-2.3074860360060137, 37.076183646261434], [-2.3078528090444386, 37.07649046940023], [-2.3083041155735127, 37.07664400334261], [-2.308625812779176, 37.07679866857442], [-2.308993773066047, 37.07704987791527], [-2.3096626822269513, 37.07741259605637], [-2.3098901426646883, 37.077575569755666], [-2.310302111078396, 37.07803195655149], [-2.310538146202835, 37.0781549367477], [-2.3116054954050234, 37.078418379710484], [-2.312039281676967, 37.07862047408601], [-2.312640735447656, 37.079030593302406], [-2.3131363584730806, 37.079175531881134], [-2.313280799140898, 37.07917717957535], [-2.3133568633838473, 37.07913849864763], [-2.314070715230258, 37.0785895312577], [-2.3146386329400124, 37.07830265851994], [-2.315033907497673, 37.07821002770547], [-2.3154231274929886, 37.07817693953511], [-2.315508927641379, 37.07819447596483], [-2.315735496230467, 37.07835794760534], [-2.3163656099079173, 37.07929887535368], [-2.316787381349148, 37.07961319923605], [-2.3172099403972455, 37.07976481656695], [-2.318096272648774, 37.079864122618936], [-2.3188112246508212, 37.080205819413095], [-2.320010190461512, 37.08069811974654], [-2.320172674837632, 37.08079613343976], [-2.3204973892722514, 37.08107121714322], [-2.320656685007646, 37.081249347532726], [-2.3207371254033307, 37.0814639840331], [-2.3207209497816152, 37.08182616930507], [-2.3204516582016272, 37.08189520274669], [-2.320529027551955, 37.08159737296241], [-2.320450352247779, 37.08131171508799], [-2.320324041575057, 37.08113133514013], [-2.3198995371696456, 37.08078032513513], [-2.3195884678807936, 37.080640530057295], [-2.3189644070655735, 37.0804504412563], [-2.3180395697510034, 37.080051921521076], [-2.3177294343200034, 37.07999694992761], [-2.3173331594644044, 37.08001287816371], [-2.317078696860495, 37.07997183665095], [-2.3168425366417056, 37.07989032741376], [-2.316442557774176, 37.07962463888796], [-2.3157153472757632, 37.078921845642014], [-2.3155064835226318, 37.07864029636886], [-2.3153244258314523, 37.078456258614935], [-2.315170119685032, 37.07841336186403], [-2.3147749886192157, 37.07848994879872], [-2.3144955247591037, 37.07858991862471], [-2.314204315154577, 37.07874480607415], [-2.314061970415157, 37.078885234344575], [-2.313994757955499, 37.07915211459118], [-2.3137474650048637, 37.07937711441527], [-2.31342543206713, 37.07941950549287], [-2.313109579144829, 37.079362329854476], [-2.311729735398131, 37.0787248600806], [-2.3110915391718083, 37.078509408345], [-2.310763313756183, 37.078366155293466], [-2.310231752593789, 37.078252006425004], [-2.309474563952292, 37.07756279232763], [-2.3089699693093357, 37.07721830348673], [-2.308702171896802, 37.07713642247301], [-2.3083607720703276, 37.076809833208316], [-2.307726270967801, 37.07662386116459], [-2.3075983192430396, 37.07655388122256], [-2.3073748988649947, 37.07638013636157], [-2.3071862051225653, 37.076160982427886], [-2.307131217732414, 37.0759975054216], [-2.307021022756603, 37.076115122535704], [-2.3078511718577284, 37.07743666868759], [-2.3085490436784712, 37.07826346347651], [-2.3100509751185543, 37.07986186543645], [-2.3110594427034874, 37.081355874636245], [-2.3111206290091544, 37.08154372387635], [-2.3111542162185987, 37.08185977393056], [-2.3112431637876543, 37.08223798237669], [-2.3113220826507432, 37.082455681083026], [-2.311834183153168, 37.08370359885605], [-2.3119233865676194, 37.08383004373499], [-2.312061468681707, 37.083913774720635], [-2.311731441815225, 37.08399126978507], [-2.311799358266661, 37.083945962316456], [-2.3118091580865285, 37.083857590638814], [-2.3114467875656737, 37.08303475138104], [-2.3111485319142258, 37.082189567759045], [-2.310853444159173, 37.081466813536906], [-2.3104641221514157, 37.080615956274144], [-2.310236774712745, 37.08026515654843], [-2.309782828065466, 37.07966848005522], [-2.3088897484027537, 37.078728780056956], [-2.30863126558968, 37.07850020313517], [-2.3077814047132783, 37.077475563125326], [-2.3063273869699774, 37.075197751358104], [-2.306426812019605, 37.07786443784975], [-2.3063747462631925, 37.07841642902499], [-2.3063888845621787, 37.07999938790954], [-2.306356354947814, 37.08028449473704], [-2.30638114197927, 37.08056398293713], [-2.305997947967093, 37.08053902564401], [-2.305989977254073, 37.07998235676825], [-2.30592764503076, 37.0794404233112], [-2.305863005309812, 37.07915168309965], [-2.305822458783701, 37.07850323989119], [-2.3057661906999534, 37.078246548740985], [-2.3057151034220507, 37.076991126868265], [-2.305631292149668, 37.07607921747196], [-2.3054546524362274, 37.075120071119855], [-2.3052752965253305, 37.074668133761485], [-2.30480216294942, 37.07508244089501], [-2.304306081783323, 37.07538573767105], [-2.3039548728404853, 37.07548228718326], [-2.3034667161470255, 37.075521242449355], [-2.3025390184446892, 37.07525455220206], [-2.3021558213791264, 37.07509734077111], [-2.302064416060057, 37.07499368127252], [-2.3016254536462784, 37.074024687832434], [-2.3014430925273754, 37.073804390224154], [-2.301232935112639, 37.0736956136792], [-2.3008981919019895, 37.073739698797894], [-2.300422468096308, 37.07390806766232], [-2.2998003147428374, 37.074193470570854], [-2.299520584018964, 37.07427375728769], [-2.299057681198576, 37.07429517588549], [-2.298310762622224, 37.07414138623202], [-2.297897893725549, 37.074105405867535], [-2.297721640568496, 37.07415042459638], [-2.2975237700815274, 37.07425895027957], [-2.2968043941392966, 37.07454556885927], [-2.296473773203794, 37.074617068846095], [-2.2961328662667135, 37.07458484438835], [-2.2958022825459974, 37.07442170495667], [-2.2954909889170927, 37.07421649757253], [-2.2952125707540483, 37.07417878245281], [-2.2929197311488383, 37.075234368881375], [-2.2924511858001724, 37.0754990192586], [-2.2919413696207322, 37.07572466064681], [-2.291768828446599, 37.0758663240566], [-2.291392143278851, 37.0764736046667], [-2.2911039765971686, 37.07680504011322], [-2.290847154770469, 37.07704418186729], [-2.2906462397183174, 37.077658189667154], [-2.2903251167779644, 37.07810814196971], [-2.2903243451338606, 37.07825128157872], [-2.290397613454314, 37.07852520836443], [-2.290764544518811, 37.078808828495234], [-2.290878469981885, 37.078970231462115], [-2.2908801065557847, 37.07914421374445], [-2.2907917738336003, 37.079303050677744], [-2.2902591919450117, 37.07969864482044], [-2.2898030982704203, 37.07980705409373], [-2.2895914509533606, 37.07992973063474], [-2.2895023388841165, 37.080039078908136], [-2.289412655243508, 37.08031752400481], [-2.288802094160913, 37.081422866344816], [-2.2882122616168012, 37.08191031758259], [-2.2876271845235063, 37.08231018171232], [-2.2874257244058307, 37.08255739585972], [-2.287331629752412, 37.082837169338376], [-2.2871119812733784, 37.08292445793903], [-2.2871380314924057, 37.08337396344523], [-2.2872848335642204, 37.08397617704928], [-2.2872410181490013, 37.084461413653955], [-2.287260532200406, 37.0848046079104], [-2.287616118728753, 37.08538806425727], [-2.2877958675917935, 37.08590961842771], [-2.2880402402934306, 37.086042786357595], [-2.288390173899157, 37.086161623828154], [-2.288469835277562, 37.086221685053715], [-2.288534931840016, 37.08634674070038], [-2.2885066016204973, 37.08634422706915], [-2.2884484667368192, 37.086232734337635], [-2.288376287836922, 37.086178662800855], [-2.288028477729168, 37.086060743955585], [-2.287774499043566, 37.08592066759066], [-2.2875925347493857, 37.08539540429678], [-2.2872360637949547, 37.08480968903795], [-2.2872157178894756, 37.08445981933799], [-2.287259500551252, 37.0839780980492], [-2.2871132417828792, 37.083377960926136], [-2.287079009631202, 37.08293714541222], [-2.2871128214913363, 37.08289480656371], [-2.287310933107, 37.08282460549268], [-2.2874028624241256, 37.082547793676525], [-2.2876059111191145, 37.08229914685216], [-2.288188716287529, 37.08190161286038], [-2.288780707527495, 37.0814119166492], [-2.28938909848447, 37.08031008142805], [-2.28947912647066, 37.08003091277575], [-2.2895722239261143, 37.07991645485313], [-2.2897919048943285, 37.07978886868951], [-2.2902480950083497, 37.07968217271804], [-2.2907698652688886, 37.079287775947506], [-2.290866784529531, 37.079077339469286], [-2.2908537289081248, 37.078981261039026], [-2.290745294903372, 37.07882213991158], [-2.2903856835957344, 37.07854983567403], [-2.2902907537238466, 37.078173829565344], [-2.290334745807526, 37.078028604904766], [-2.29063152048523, 37.077632050821734], [-2.2908249706799118, 37.07703439960433], [-2.291351287102689, 37.07648769301708], [-2.291664446918816, 37.07596116028533], [-2.291898279002867, 37.07572503438095], [-2.2924371683664937, 37.075482079221366], [-2.2929070702587926, 37.07521671585582], [-2.2937930476744866, 37.07482402982705], [-2.2951110433112896, 37.07418475942398], [-2.2952346058198865, 37.07415601750129], [-2.2954808907802757, 37.07418930506275], [-2.2961182682051042, 37.07455762522842], [-2.2963984456191913, 37.07459994586962], [-2.296513121405867, 37.074583949961855], [-2.2965526986719524, 37.07451324350549], [-2.2965261559530212, 37.0744151024975], [-2.2962856769853177, 37.07420382700901], [-2.2960398604529075, 37.07391355107083], [-2.2959792524552842, 37.07375237926058], [-2.296025490832471, 37.07364259118542], [-2.297264865837932, 37.07329020038511], [-2.2978709636365604, 37.073037617282175], [-2.299117752393918, 37.07264775209333], [-2.3000790400167275, 37.07238959396854], [-2.3001404044139444, 37.071527934376256], [-2.3001116275332594, 37.07071893067099], [-2.300141109213823, 37.07035132785093], [-2.299210696215285, 37.070167165143815], [-2.298167893884909, 37.06988705076613], [-2.2975491315193057, 37.06967452584805], [-2.2965332196098527, 37.069236899129976], [-2.2956687892316903, 37.06910907780079], [-2.2946130805840816, 37.06890159968104], [-2.2931470321054634, 37.06854725657982], [-2.291184464313735, 37.06790462741232], [-2.2895177708660177, 37.067273297949995], [-2.289079356728187, 37.06717061420078], [-2.288483849209756, 37.06684595548745], [-2.2882990273544808, 37.06679859965849], [-2.2881628115790087, 37.06682157959222], [-2.287760557506786, 37.06660552535992], [-2.287018920288123, 37.06637931754487], [-2.286253533977284, 37.06644267201408], [-2.285573138796867, 37.066403055710566], [-2.2851259973792604, 37.06632049196976], [-2.284672720275514, 37.06630387301164], [-2.2841682259104066, 37.06633904494009], [-2.2834314336506956, 37.0665432688835], [-2.2822956487343573, 37.06655667031525], [-2.281700553412568, 37.06652530004691], [-2.2812179460348063, 37.06631549768148], [-2.280654756212427, 37.066205261566665], [-2.2792369971546784, 37.066334742569346], [-2.278316424691286, 37.06633355307694], [-2.2777908863126344, 37.06640498691311], [-2.2773027995887607, 37.066524962345326], [-2.276862635691113, 37.06670300850409], [-2.276115903853607, 37.0669203725461], [-2.275616978589228, 37.06699601548391], [-2.2749693648904605, 37.06692841446454], [-2.2743214584025564, 37.0667493934951], [-2.273718999144221, 37.06671252514996], [-2.2726582371762185, 37.06694930762884], [-2.2722296870708454, 37.06697002107803], [-2.2714762810468065, 37.06681449510693], [-2.2707038756860176, 37.06658709509699], [-2.2705317411328156, 37.066602167394194], [-2.2699827258759697, 37.066786639625924], [-2.26910536158459, 37.06690075491091], [-2.268519263986638, 37.066904979753104], [-2.267859309888366, 37.06677560722415], [-2.2678602295681114, 37.066540073813265], [-2.267812702708586, 37.06630036527862], [-2.267835494076345, 37.06601286520891], [-2.2677973549248924, 37.06591996456995], [-2.2678292349833193, 37.06582145667597], [-2.2677827355320193, 37.06568613803039], [-2.2677523647930693, 37.06516015652912], [-2.267653272587935, 37.064948974754046], [-2.267269131386539, 37.06364162707488], [-2.2668389684824723, 37.063621927875964], [-2.26582553028261, 37.06392258170089], [-2.265588284680532, 37.06391263526799], [-2.264622856886089, 37.06373781487278], [-2.2641648681816906, 37.063838452347824], [-2.263943227722851, 37.063854920681266], [-2.263304798203222, 37.063748732631865], [-2.263049156933031, 37.06373416431685], [-2.2625371693791307, 37.063777305931886], [-2.2617198017909246, 37.063715247661264], [-2.2613047652130094, 37.06381713295511], [-2.260658479492723, 37.0638712430434], [-2.2584228987799584, 37.06387096661432], [-2.257997419591439, 37.06379781087995], [-2.2579750898840514, 37.06333092435473], [-2.258236921188263, 37.06257204022081], [-2.2587101905182676, 37.06184946073649], [-2.259126100817814, 37.061137063023104], [-2.2594815197065694, 37.06075672721164], [-2.259866399913395, 37.06046941515082], [-2.2599153961405065, 37.06039283482807], [-2.2599131864510564, 37.060285102187294], [-2.2596679032766382, 37.060177560927954], [-2.2591795875708254, 37.060079408722316], [-2.2589814919454363, 37.05995485811104], [-2.2588725140420127, 37.059780294719324], [-2.25883220667771, 37.059345742067265], [-2.258759193902303, 37.05911623678376], [-2.2586954047023116, 37.059025426431056], [-2.258511553360292, 37.05892845263829], [-2.258407313306468, 37.05889138392195], [-2.2583186371357136, 37.05934622341617], [-2.2580616979727357, 37.05947811141237], [-2.2575826682942846, 37.05944283921871], [-2.2573958940724284, 37.05934575977775], [-2.257066539174437, 37.059383355159646], [-2.2568948748089874, 37.059167112623605], [-2.2567293828562343, 37.05910225575814], [-2.2562594107334055, 37.05876217710252], [-2.2542271039852366, 37.05801655087656], [-2.2534467104862044, 37.05768902188423], [-2.2533449887299324, 37.056627508572376], [-2.252817781328377, 37.05678193185751], [-2.2525813961033694, 37.05675610005654], [-2.2523860406552134, 37.05665228822036], [-2.25214604341763, 37.05641009814292], [-2.251708621735562, 37.05580618275455], [-2.2510912764728044, 37.055119642227176], [-2.2511204426515934, 37.05684224211877], [-2.249532440674268, 37.05621616735636], [-2.2487980793629054, 37.05598057277443], [-2.248718060689424, 37.055587230221235], [-2.2475122557264746, 37.05569108335641], [-2.2465395035127984, 37.05572528319888], [-2.2445556027902307, 37.0560696073074], [-2.2441675449071665, 37.0560728098179], [-2.2436964872059466, 37.05599696887423], [-2.2434265497282504, 37.05382473549996], [-2.2433947531701093, 37.053323707600434], [-2.24287478005843, 37.05357665737391], [-2.2428528191848174, 37.053285360789275], [-2.2423271783009864, 37.05335032736288], [-2.2424102268727295, 37.055696239429636], [-2.241849363124839, 37.05559250479778], [-2.2411493344334166, 37.055413420686264], [-2.241260257355113, 37.054925384222294], [-2.241421144721083, 37.053745656949786], [-2.240817992706588, 37.054139767824466], [-2.240062816591015, 37.05480016616936], [-2.2400752119055314, 37.05474138332352], [-2.240731879544621, 37.05415868721777], [-2.2413096701985866, 37.05379289923875], [-2.2414463273877345, 37.05364494986893], [-2.241715949401438, 37.05230879632194], [-2.2405827666008618, 37.05211521655415], [-2.240692775126364, 37.05184297281513], [-2.24074632909136, 37.05137854691935], [-2.2408184544555616, 37.051058736363665], [-2.241052492209387, 37.050336128476054], [-2.242613335113814, 37.05046239943854], [-2.2438260881003638, 37.05070469710869], [-2.2439634661003645, 37.05068709370711], [-2.244086021917182, 37.051596413839924], [-2.2442375324601627, 37.05140132173339], [-2.2452365373486125, 37.05066510633917], [-2.2455892333756133, 37.05027775873656], [-2.246308487142386, 37.04962412256913], [-2.247993432412364, 37.04785291335945], [-2.248063164931687, 37.04769299376652], [-2.247990954535203, 37.0462933607393], [-2.2480400474859876, 37.04623003205365], [-2.248340113835869, 37.04616937540739], [-2.248494494434378, 37.046103563113164], [-2.2486869665255482, 37.0459147639752], [-2.248904397274381, 37.045624352822614], [-2.2488525801476364, 37.04548493648848], [-2.2483864780019527, 37.04502667548361], [-2.2482348326279635, 37.04480450751709], [-2.248083750931703, 37.044161017173934], [-2.2478822990889205, 37.04372156252426], [-2.247681540657889, 37.04348555673401], [-2.24737158268706, 37.043216497127894], [-2.2472214815193507, 37.04299803342781], [-2.247075961893001, 37.042850900528265], [-2.2468978793120704, 37.0427559284541], [-2.2464672453597596, 37.04263654655777], [-2.2459377855476417, 37.04240241590602], [-2.2449758079648863, 37.042069706305554], [-2.244581102217167, 37.04191178988364], [-2.2445198728282016, 37.0418608261287], [-2.2443088128976103, 37.04153118667229], [-2.244215005267421, 37.041284232429355], [-2.244192476766572, 37.0408798042897], [-2.2440909250266388, 37.04048460345011], [-2.2440752950031593, 37.03991751375479], [-2.244019523734075, 37.039623026632434], [-2.2440203420694065, 37.03943842200952], [-2.2441057460039953, 37.03943256610024], [-2.244246814335478, 37.03984604250701], [-2.2442706503765306, 37.04008452850709], [-2.244217118985906, 37.04040229691657], [-2.2444188768659665, 37.04081922896773], [-2.2444971828248224, 37.041359044232145], [-2.2446053619124555, 37.04156291648768], [-2.244797369585325, 37.04173865276333], [-2.2450390248139382, 37.041874591695084], [-2.2459917182918914, 37.042281698653426], [-2.24672453277628, 37.04246619492558], [-2.2469916453070913, 37.04260968312213], [-2.2471742256761695, 37.042750205050396], [-2.2479525526906214, 37.0436446664793], [-2.2482511791396944, 37.044276377567115], [-2.248272158274258, 37.044508899722615], [-2.2484305919040826, 37.04479529137887], [-2.248675845001606, 37.045058439820004], [-2.2490454116549756, 37.045305063018255], [-2.2491493547185906, 37.04541560785545], [-2.2491763442538506, 37.04563247873955], [-2.249071561313825, 37.046120292109805], [-2.2485596416661626, 37.047706690526816], [-2.2485111281968213, 37.04819026238624], [-2.2484329720670875, 37.04834913731217], [-2.2482535477214363, 37.04850277331603], [-2.248124090863183, 37.04869774007143], [-2.2478892025680834, 37.04916056504961], [-2.247840417800438, 37.04937479228599], [-2.2478682247591464, 37.04969091416994], [-2.2479761042988744, 37.05004063003783], [-2.24824424321493, 37.050390816075634], [-2.2490731858123154, 37.05106528466204], [-2.2496072018357087, 37.05143824785941], [-2.2499892305397347, 37.05185045091405], [-2.2500854414674674, 37.052027199883305], [-2.2501666296054266, 37.0523483459212], [-2.250134806599045, 37.05309027858671], [-2.2502032067608138, 37.05322529196672], [-2.2503091245089037, 37.05333070561916], [-2.250556959597688, 37.05350624888682], [-2.25084909723065, 37.05361419498117], [-2.251037635913578, 37.05372400578703], [-2.2509600069722144, 37.051657380926606], [-2.2526345363107523, 37.051434669649616], [-2.2527027833118347, 37.05190618298646], [-2.254049335551257, 37.05173240079488], [-2.254387524017568, 37.05166286891593], [-2.2546802389050846, 37.05156213188379], [-2.254954979488875, 37.05156340694634], [-2.255593856763671, 37.05148602437774], [-2.256220413702265, 37.05132266085684], [-2.2566297650003087, 37.05132459563371], [-2.256896175783805, 37.05129138448487], [-2.2570238800539704, 37.05123918118915], [-2.2565881746305876, 37.05002016885071], [-2.257229694410282, 37.050108654190566], [-2.2578214823789438, 37.050338347013295], [-2.257936905230478, 37.04998796813159], [-2.257923214068873, 37.04991567919419], [-2.2578729432163427, 37.04986957287644], [-2.2576514723582517, 37.04985015894991], [-2.2575859299610017, 37.04980170341292], [-2.2575815477258847, 37.04965122991436], [-2.2577434735926243, 37.04949188150189], [-2.257762378305843, 37.049421419024036], [-2.257516663042755, 37.0492703322776], [-2.2574143685312436, 37.04902342556421], [-2.2571696452803627, 37.048805369204715], [-2.257081363287636, 37.04862092782199], [-2.2570822694228605, 37.048320852567336], [-2.25685117969983, 37.048077375386924], [-2.2568251615356307, 37.04801231054725], [-2.256869055575371, 37.047881790233035], [-2.2570176340273957, 37.04770649424651], [-2.2572637860400144, 37.04768577061478], [-2.2573223497252273, 37.04761925226821], [-2.2572907841850602, 37.04750024819354], [-2.257080074249068, 37.04716207017861], [-2.256979130217076, 37.04684683972714], [-2.2570172927936643, 37.046681218393296], [-2.2572215125015918, 37.04648563265446], [-2.2572726272214303, 37.04638715758863], [-2.257147897713835, 37.04616958185744], [-2.257239158340112, 37.045851868117765], [-2.2571105348733647, 37.04563066229349], [-2.257085489723773, 37.04547735504501], [-2.257213831297095, 37.04533564491896], [-2.2575888511792233, 37.04517601248285], [-2.257647098696144, 37.04507244379593], [-2.2573453939994805, 37.04424106880076], [-2.257275421729064, 37.04386293776518], [-2.2573068697026413, 37.04362507084036], [-2.2571173370129207, 37.04337653133338], [-2.257093771687917, 37.04309451117639], [-2.2569124484470366, 37.04283457926553], [-2.256899944007265, 37.04271055631938], [-2.256936499602562, 37.042513465422374], [-2.256847624333069, 37.04235605795353], [-2.2568196246376075, 37.04221760542313], [-2.256836068651283, 37.04212260908612], [-2.256974599697932, 37.04190461754597], [-2.257391417379499, 37.04142343742001], [-2.257449789339133, 37.0412265730044], [-2.257373342853371, 37.04040562587887], [-2.2573162184501374, 37.04010563767595], [-2.257332573874522, 37.03983549105672], [-2.2574255677289643, 37.0395351849771], [-2.2573555145121063, 37.03906240001364], [-2.257456752250911, 37.0383547910095], [-2.2573990355783233, 37.03812727290574], [-2.2571933658014927, 37.037712861911594], [-2.2571206735953417, 37.03736121501762], [-2.2571663180889607, 37.03715417504506], [-2.2573320517539184, 37.03679744039465], [-2.2575186972948655, 37.036786624195486], [-2.2573117623042744, 37.03712524866698], [-2.257259580731064, 37.03724156529573], [-2.2572552717562466, 37.03733762930021], [-2.2573423089088007, 37.03778717407631], [-2.2575181074682726, 37.038116299689854], [-2.2576358565841588, 37.03849527522457], [-2.2575263812951163, 37.03905590200684], [-2.2575824919615806, 37.039482532767096], [-2.257463250762446, 37.039833969785896], [-2.2574707857439793, 37.04011039106407], [-2.257527049511773, 37.04036025508753], [-2.257566541252957, 37.04126958005132], [-2.257445023576976, 37.041530590695714], [-2.257150685574182, 37.04185938742069], [-2.257006211811548, 37.042133955360505], [-2.2569834076261843, 37.042234861233425], [-2.257108161219943, 37.04246081605495], [-2.257029813273068, 37.042677025735], [-2.2570341485293692, 37.042751419660945], [-2.2572534446256074, 37.043026552617874], [-2.257268258010202, 37.04332916487966], [-2.2574460375357512, 37.04349136062961], [-2.25745403757345, 37.04360516932144], [-2.257397820994001, 37.043858205319346], [-2.2575299873696317, 37.04438510298249], [-2.257645640911173, 37.0445529490912], [-2.257674137551124, 37.04480227856525], [-2.2577940826672203, 37.04497988665833], [-2.2578051194559516, 37.045046930851676], [-2.257778032573084, 37.04518404692679], [-2.2577259211452674, 37.04525799750926], [-2.257381970613515, 37.045379699505446], [-2.257284026880801, 37.04548319532705], [-2.257294868869908, 37.045640023788884], [-2.257463858501624, 37.04585084086129], [-2.257420086942593, 37.045957474718705], [-2.2573143349247693, 37.04607688123099], [-2.2573075549776807, 37.04617256905984], [-2.2574605892579096, 37.04633596195465], [-2.2574854944777587, 37.04642292409087], [-2.2574508096511163, 37.04648562576926], [-2.2571961957035627, 37.04667116561921], [-2.257117034295716, 37.04679731874728], [-2.257134043245166, 37.04692136979691], [-2.257419868885019, 37.04735241293811], [-2.2574858541738942, 37.04757394749591], [-2.2574853069686203, 37.04775711155227], [-2.2574102984331157, 37.04786093575645], [-2.257332609084459, 37.047882078891384], [-2.257007405262412, 37.04787905110628], [-2.2569520943088124, 37.0479233247218], [-2.256935017457157, 37.04799082386639], [-2.2569541217134277, 37.04806143415049], [-2.2571071484016674, 37.04820283289909], [-2.257163021874083, 37.04829702002891], [-2.2571760829607053, 37.048617915277944], [-2.2572452938883543, 37.04877447813023], [-2.257502179674164, 37.04897926501436], [-2.2575563547171145, 37.049155560188], [-2.257767276860113, 37.04929948828559], [-2.257840551558201, 37.0494084770123], [-2.257846753830473, 37.049476031760356], [-2.2577262738566413, 37.049641318553086], [-2.2577038528795126, 37.04972582108675], [-2.2579967326962613, 37.04982699365901], [-2.2580697732247077, 37.04990235801439], [-2.2580656624952247, 37.05006990525322], [-2.2579394370751764, 37.05030546663543], [-2.2579486436735836, 37.05041098970677], [-2.2579914252145006, 37.05045245193426], [-2.2582004897904215, 37.050510368194445], [-2.258723084661148, 37.050373649607], [-2.2589591371652866, 37.05022369121337], [-2.259130764813479, 37.049991657364714], [-2.2591530851856283, 37.04989363271169], [-2.2590692902915004, 37.04961718640733], [-2.259078630388397, 37.049547745676925], [-2.259188008506151, 37.04947144793129], [-2.2593497972562835, 37.04941783238212], [-2.259400751346378, 37.04934738943556], [-2.2593597896087876, 37.049234366747136], [-2.2594039193499396, 37.04910294556089], [-2.2592758914344615, 37.04899226381266], [-2.2592757838943234, 37.048887608896905], [-2.2594041579399375, 37.04874274174046], [-2.2594119300872593, 37.048590992018504], [-2.259622110224169, 37.04848792006051], [-2.2596793370863235, 37.04841994994582], [-2.2596536315616977, 37.048322436736676], [-2.259417480050264, 37.0480435073264], [-2.259390492847018, 37.047893343428925], [-2.259423796166704, 37.04784541577316], [-2.259529813074462, 37.04780226876254], [-2.2599225363239945, 37.04776533196906], [-2.26001021280957, 37.047712154550446], [-2.2600517459796556, 37.04765048639937], [-2.2600417613820714, 37.04753215848606], [-2.259848558313863, 37.04735859824703], [-2.25982019040919, 37.04726891075759], [-2.2599096228053623, 37.04716165946304], [-2.2602430269278915, 37.04704944393804], [-2.2603150188990107, 37.046977869756944], [-2.2603196596096984, 37.04690524463884], [-2.260190312442848, 37.04663004737387], [-2.2602630183103156, 37.046392166582706], [-2.2601425043774506, 37.046226000907694], [-2.260107684914543, 37.04592047444705], [-2.260135877004897, 37.045785528126885], [-2.2603058094498163, 37.045459644442985], [-2.2603732764531657, 37.045379658825766], [-2.2606835744476523, 37.04521348344368], [-2.2607845005654017, 37.04482569245801], [-2.2608523299721233, 37.044730835458836], [-2.2610380383055086, 37.04458722498929], [-2.26116552717883, 37.044219885427005], [-2.2612385330593767, 37.044136147839694], [-2.2617043255529308, 37.04398418866874], [-2.2617340317986487, 37.043935787226026], [-2.2617206704021373, 37.04378272935099], [-2.2617783514437533, 37.043690517398396], [-2.2618829213221905, 37.043599223623055], [-2.2622047791735707, 37.043445911675754], [-2.2624031112351863, 37.04331031447887], [-2.2626781506619538, 37.04290557572071], [-2.2629058311826515, 37.04268785627629], [-2.26306666611829, 37.042603766242316], [-2.263383915577264, 37.04261249698811], [-2.263507835564967, 37.0425432262908], [-2.2635523476363466, 37.04240540568327], [-2.2634392607870004, 37.04214545645431], [-2.2634438452539696, 37.04200846969238], [-2.2635774212040434, 37.04170777523027], [-2.2635796814530753, 37.04163675767806], [-2.2637174861764184, 37.04156117286969], [-2.2637083762871435, 37.04173599104304], [-2.263535321190275, 37.042107562316296], [-2.263673530914598, 37.042362714097216], [-2.26367815149076, 37.042501380539115], [-2.2636346908103175, 37.042565291616384], [-2.2634477666701196, 37.04269609408585], [-2.263138782895079, 37.04271635029388], [-2.2629063928178343, 37.04282748907444], [-2.2626960038296113, 37.0430362116735], [-2.262540662742202, 37.04333109084367], [-2.262438385102051, 37.043430241775006], [-2.2618841336617037, 37.0437289448727], [-2.2618607968079862, 37.043781532495196], [-2.2618810803840654, 37.043939766983634], [-2.2618072399793476, 37.04405171408782], [-2.261673768615995, 37.044119841833954], [-2.261331345511991, 37.0442017177923], [-2.261267943427792, 37.04425757135545], [-2.2611884071291484, 37.04456202493806], [-2.2609292464803294, 37.04477737696279], [-2.260784485548807, 37.04519833747122], [-2.2607280616799836, 37.04527604846066], [-2.260457811864629, 37.04545230353832], [-2.260244955391881, 37.04579738586669], [-2.2602293983731006, 37.04595197170932], [-2.260284081213099, 37.04609897742635], [-2.2602750029477416, 37.04616535511974], [-2.260412055595963, 37.04636551246758], [-2.260386602399948, 37.04652012676582], [-2.2603114852144874, 37.046612504201576], [-2.260435321758227, 37.04687675986301], [-2.26043408495524, 37.047026837757564], [-2.2599717397819803, 37.047273281556365], [-2.259965583477116, 37.04732822946759], [-2.2601730176000325, 37.047495478218146], [-2.2601938854636843, 37.04757006522365], [-2.2601286093242425, 37.047691168883055], [-2.259967562131282, 37.04780725820766], [-2.259648069875958, 37.047876742538804], [-2.259531621496247, 37.047951824773925], [-2.259630178067988, 37.048155168068476], [-2.2598384868939245, 37.04839462617237], [-2.259784834080598, 37.04848830898599], [-2.259537421554926, 37.048673894220094], [-2.259517717949384, 37.04882620046813], [-2.2593996628118367, 37.04892759383447], [-2.259411872663466, 37.04901357487505], [-2.2595267885017893, 37.04911957742279], [-2.2594956079050763, 37.04927307400027], [-2.259515948394931, 37.04941292022936], [-2.259448178044883, 37.04947793990802], [-2.2592173841399603, 37.04956159253924], [-2.259191153101656, 37.04961073612094], [-2.2592879216615476, 37.05004447003889], [-2.259157294474769, 37.05029361661146], [-2.2590362189001123, 37.05041563310703], [-2.258873851472445, 37.05050538680473], [-2.258443969260189, 37.05061438571263], [-2.258346127761658, 37.050695261941634], [-2.2582779554836714, 37.05081291650575], [-2.2582471264511, 37.051102708738], [-2.258279744294861, 37.05131033261075], [-2.258402353357942, 37.05155051475647], [-2.258393989562917, 37.05206273616235], [-2.258289773880904, 37.052404892423695], [-2.2581321806636234, 37.05262754784292], [-2.2579306381623887, 37.05278925846212], [-2.2578839313965027, 37.05290822336319], [-2.2578901704746515, 37.05302977299967], [-2.258036534954258, 37.05350952411593], [-2.2580784288775115, 37.05382717396691], [-2.2581399359553274, 37.05400171178219], [-2.2586197445080285, 37.05391818011262], [-2.2586142891789316, 37.05370496162883], [-2.2586965679927786, 37.053605689284716], [-2.2586450432525416, 37.05379223040979], [-2.2586514946920695, 37.05388051914862], [-2.2586741853456105, 37.05390590053584], [-2.258827383442016, 37.053881442419225], [-2.2590306164811698, 37.0534997012133], [-2.2590545868392584, 37.05317426019112], [-2.259212617550934, 37.05289544819392], [-2.2591046537490276, 37.05317222921352], [-2.2590806949976754, 37.053496498481245], [-2.258995254378129, 37.05363126705703], [-2.258953950223386, 37.05378460998589], [-2.2594023733923008, 37.05369060295774], [-2.2592113956849778, 37.05378360379493], [-2.2589864454070976, 37.05384322459251], [-2.2587595876696915, 37.053960162966945], [-2.258188285398776, 37.05403752983605], [-2.258148016396735, 37.0540727937253], [-2.2581466520315105, 37.05424702848733], [-2.2582152275299667, 37.0545273508011], [-2.259108002796207, 37.05465435490551], [-2.260220839993531, 37.05460019753843], [-2.261124972309849, 37.05451966167405], [-2.261044778167214, 37.05434618082281], [-2.260689138723978, 37.053849534888684], [-2.260283856849248, 37.05304573697624], [-2.2602166964124897, 37.05287386921342], [-2.260165347934736, 37.052556701913744], [-2.260176350646554, 37.0524312035331], [-2.2602840936334254, 37.05223401498174], [-2.260630668928076, 37.05186768185926], [-2.2610142442475167, 37.05139664902923], [-2.2614023062985034, 37.05101975501375], [-2.2621474455063497, 37.05004888546574], [-2.262303065525068, 37.0497671240798], [-2.262345425296524, 37.049760634977574], [-2.2621819348038357, 37.05006424373572], [-2.261435428067954, 37.051036997956], [-2.2610456617683954, 37.05141568429228], [-2.2606634500163265, 37.051885283458006], [-2.260291502847471, 37.05228174599427], [-2.2613240173260185, 37.05223852067452], [-2.2617291089236855, 37.052180922514296], [-2.2621339078537304, 37.052165687621724], [-2.2636983208729, 37.05194177454924], [-2.265666800279285, 37.051707362279494], [-2.2658035434875683, 37.05011099184498], [-2.2659012880567473, 37.049596167673485], [-2.265922412942441, 37.04924273549109], [-2.26596893158976, 37.04923739939683], [-2.265946008999709, 37.04960014019475], [-2.2658483875994575, 37.050113883468526], [-2.265713426789676, 37.05170044407838], [-2.267054965553688, 37.05146049948686], [-2.2698661502407065, 37.051069430404], [-2.270064321624859, 37.05210087696847], [-2.2708322037888338, 37.05190396173141], [-2.271002477181558, 37.052268098095055], [-2.27134062220794, 37.053552717462644], [-2.272530604349675, 37.05316746358145], [-2.2723312467555985, 37.05263341010524], [-2.271969830608709, 37.0518521854175], [-2.271494725107166, 37.05068238256428], [-2.2737795989212404, 37.05010805580502], [-2.274064250251773, 37.050472802407555], [-2.2747686908951237, 37.05026266868038], [-2.274541208553177, 37.050094421334755], [-2.273918490371516, 37.04973067206857], [-2.2734281517648784, 37.04931887364656], [-2.2732827119790056, 37.04914499669713], [-2.2729523616229623, 37.048550201826394], [-2.27278519637162, 37.04804007939807], [-2.273543313555183, 37.047894028097495], [-2.2737391544402645, 37.04791078377245], [-2.274199260121861, 37.047871688195215], [-2.2745084076134954, 37.04828453450383], [-2.2748032000073235, 37.048776891747444], [-2.274795425231889, 37.04886121671813], [-2.274834734857229, 37.04896115356606], [-2.2753505578250697, 37.04977973491914], [-2.2760752740342896, 37.049482820751265], [-2.2762954438860925, 37.049639662735736], [-2.2766266821530063, 37.04981295186635], [-2.276957606086438, 37.050173646946064], [-2.277509004306626, 37.05062438779647], [-2.2782318035879188, 37.0511555936265], [-2.278232456799654, 37.051456655914244], [-2.278261550397144, 37.05156716615625]], [[-2.310104116593912, 37.06822792576269], [-2.310110691387034, 37.068087167556875], [-2.3101588324929674, 37.067056499615866], [-2.310104116593912, 37.06822792576269]], [[-2.3100780058752335, 37.06878701144905], [-2.310082324373144, 37.06869454918988], [-2.310104116593912, 37.06822792576269], [-2.3100780058752335, 37.06878701144905]], [[-2.2787838331372003, 37.05238768417678], [-2.278283203418361, 37.05215403361145], [-2.2773989309481704, 37.05190084263974], [-2.2759076756531003, 37.052442050286345], [-2.277759243062602, 37.05412052694197], [-2.278181129666989, 37.05392874965423], [-2.2787508320592957, 37.05473006610369], [-2.27945974099888, 37.05582130459641], [-2.2797014892984375, 37.056065163150365], [-2.279865841897571, 37.05630910576819], [-2.2809788368998656, 37.055757232268554], [-2.280676334883827, 37.05527869412637], [-2.2806698771083305, 37.0552205317343], [-2.2807352418826916, 37.055138529731245], [-2.2807257864286945, 37.05509172502189], [-2.2798923109529237, 37.05391992203425], [-2.2794818303453606, 37.053266797215365], [-2.2790709934418496, 37.05279711578254], [-2.2787838331372003, 37.05238768417678]], [[-2.2689323092357294, 37.06347585677521], [-2.2693484712281884, 37.06345417742217], [-2.269994998326621, 37.06336216206474], [-2.2701848933062823, 37.06340624233881], [-2.2703902220692087, 37.0635065707724], [-2.270725110875207, 37.06343318639102], [-2.2709655770404433, 37.06334100772016], [-2.2713518893085016, 37.06326541364271], [-2.271729844248378, 37.06284028906937], [-2.272566774015731, 37.06268002415777], [-2.272969761179326, 37.06270647689067], [-2.2735198245561725, 37.062456013490454], [-2.273920460798439, 37.062363191589235], [-2.2744389057653116, 37.06214822632066], [-2.274803602247563, 37.0621091762548], [-2.275048328430085, 37.062041173171615], [-2.275540001645477, 37.06205058157117], [-2.2758661249537084, 37.06199885313703], [-2.2760205535116262, 37.061999345059014], [-2.2763579141826074, 37.06206649017621], [-2.276264557276812, 37.060126979527716], [-2.276182814761102, 37.05941490456644], [-2.2760657807985276, 37.057605063400054], [-2.2759944145019744, 37.057749401749824], [-2.2759411417613715, 37.058290916701786], [-2.2758996450967555, 37.058363668944025], [-2.275806046077192, 37.05840376937444], [-2.275689259700651, 37.05834634837925], [-2.2753348380069616, 37.057926089853204], [-2.2749994828474085, 37.05778612436394], [-2.274114591253222, 37.05801315154095], [-2.273972176055228, 37.05807711871286], [-2.2736872274224784, 37.05802151488789], [-2.2734287872435677, 37.0580356889571], [-2.273141630838088, 37.058002958112745], [-2.272915620556112, 37.05813156506636], [-2.271453312822055, 37.058347031723805], [-2.270526744416285, 37.05852350871685], [-2.269193730091539, 37.05832130616338], [-2.268780075814848, 37.05818948980869], [-2.268532984664746, 37.05817651849047], [-2.2657236103520413, 37.058351767036605], [-2.2657124450398203, 37.05930085034477], [-2.2657517167683556, 37.059555742738745], [-2.2657046530789926, 37.06003933013666], [-2.2657939833789884, 37.060748754515735], [-2.2657438093503375, 37.06106484000467], [-2.2674459325611234, 37.06184805524049], [-2.2677818567703985, 37.062215922776986], [-2.2680108861843906, 37.06262333279154], [-2.2681708522503956, 37.06309661971411], [-2.268629471340632, 37.06343252494475], [-2.2689323092357294, 37.06347585677521]], [[-2.273208474185901, 37.057969743572], [-2.2736921564911685, 37.05798110762967], [-2.273960498601272, 37.058037276850555], [-2.2740922022262655, 37.05797610162747], [-2.2750000145490406, 37.05774442819115], [-2.275370273682352, 37.05789699232892], [-2.2757474879749666, 37.058339159064424], [-2.2758248630280575, 37.058359967349865], [-2.275884702975235, 37.05830272326207], [-2.2759441653241934, 37.05774429952963], [-2.2760143745884047, 37.057586384708536], [-2.274851079536508, 37.055061503449714], [-2.2728757283154555, 37.0553144099651], [-2.273659653075985, 37.05764648396587], [-2.27360062249592, 37.057727249783596], [-2.273208474185901, 37.057969743572]], [[-2.2992792545531415, 37.06791485133139], [-2.298769931062532, 37.06797313301543], [-2.2983728862412787, 37.067969158020176], [-2.298439106504594, 37.0688510423656], [-2.298443838268709, 37.06947187403057], [-2.2977739995951603, 37.069711102637925], [-2.298912866314979, 37.070052183041845], [-2.2993116395308086, 37.06985785546923], [-2.29956395018024, 37.069687811173196], [-2.299508313558583, 37.06893732602516], [-2.2995341554954893, 37.0685376159325], [-2.2995138994111257, 37.06785476535096], [-2.2992792545531415, 37.06791485133139]], [[-2.280592285775173, 37.05829932083808], [-2.2807298587068185, 37.0582020811834], [-2.280674093386172, 37.058152165246476], [-2.280533133706885, 37.058250736418294], [-2.280592285775173, 37.05829932083808]], [[-2.28155808494789, 37.0552750819375], [-2.281158963116157, 37.05540246333128], [-2.2808848860173807, 37.05551453639255], [-2.2810106220923108, 37.0557055390288], [-2.2814900890580816, 37.05549605762888], [-2.2819068998718386, 37.055222121983306], [-2.28155808494789, 37.0552750819375]], [[-2.2830885765088076, 37.05405635676778], [-2.283708239247404, 37.053008423162574], [-2.283830698916496, 37.05272341381082], [-2.283203537999753, 37.05270483830581], [-2.282946107874497, 37.052763763045604], [-2.28262739360189, 37.052774455999575], [-2.2818153555325607, 37.05289744458607], [-2.282039455375512, 37.053355101997916], [-2.280761775939902, 37.05381374571064], [-2.281230682295983, 37.054525104486494], [-2.2824466153156484, 37.05417515358837], [-2.2826069825678785, 37.054463043938064], [-2.282993869809952, 37.054164945775064], [-2.2830885765088076, 37.05405635676778]], [[-2.2800028252950577, 37.05272130501069], [-2.2788779990743158, 37.05243612678423], [-2.2791121439520206, 37.05277219833706], [-2.279524892674626, 37.05324547211256], [-2.2800028252950577, 37.05272130501069]], [[-2.302729188786889, 37.07120094157095], [-2.301639805119597, 37.07086983421246], [-2.3010440771239997, 37.070633124934815], [-2.301239107359509, 37.071334672477235], [-2.301467691519683, 37.071873802247715], [-2.302102435493511, 37.07164795775121], [-2.302729188786889, 37.07120094157095]], [[-2.29610558357632, 37.07365524011874], [-2.2966209023937783, 37.073999031357], [-2.296787231938284, 37.074211854184526], [-2.2968738544867913, 37.07426059332649], [-2.2970882204691763, 37.07421760456636], [-2.2975323285585327, 37.07397812518555], [-2.297768736778, 37.07391137828894], [-2.2981481039911538, 37.073921019880295], [-2.2985635700421034, 37.07402912777612], [-2.2991284081217214, 37.07411549151576], [-2.2995060231754416, 37.0741200705009], [-2.2997077320423007, 37.07408313185159], [-2.3003072562234417, 37.07378731981768], [-2.300740596401486, 37.07362816638022], [-2.3008249774484946, 37.07355366624311], [-2.300906007180603, 37.07333014267503], [-2.3008836008637177, 37.072169986231756], [-2.3005481695925254, 37.07231358239059], [-2.2994940359741465, 37.07257615379087], [-2.2979327306841086, 37.07306123937141], [-2.29728589780102, 37.07332728293235], [-2.29610558357632, 37.07365524011874]], [[-2.302762348583352, 37.07165529034791], [-2.3029729146767277, 37.07199215309779], [-2.3036638285400155, 37.0718835833258], [-2.3036329125239834, 37.07147605297327], [-2.303386092691103, 37.07134191552047], [-2.303136719205121, 37.07125336957922], [-2.302911382893368, 37.07120571279449], [-2.3027680947489784, 37.07122731127779], [-2.30254849706043, 37.07138773381793], [-2.302762348583352, 37.07165529034791]], [[-2.304152298979728, 37.071795411773344], [-2.3043825894244168, 37.0723595151501], [-2.304644108102705, 37.07316304078523], [-2.305513604822816, 37.072988762858756], [-2.3052340522335677, 37.07186874173649], [-2.304328153444331, 37.0717314559087], [-2.304338328230588, 37.07176288478296], [-2.304152298979728, 37.071795411773344]], [[-2.308652852406009, 37.074352364173365], [-2.3087884092573643, 37.07433308787719], [-2.3080449563909897, 37.07443880645447], [-2.308652852406009, 37.074352364173365]], [[-2.3060098088435006, 37.07301537892981], [-2.307897223984727, 37.072785207116084], [-2.3079180709574847, 37.07288033776856], [-2.3080177362713745, 37.07295519576743], [-2.3084457207579074, 37.072888017159464], [-2.3083658570646066, 37.07239231474378], [-2.3072541151684227, 37.072263766284856], [-2.3054754769186077, 37.071916578466826], [-2.3054421043574314, 37.072146153407026], [-2.3059507619106547, 37.074209401831624], [-2.3061359745345595, 37.074204716446914], [-2.306024900973779, 37.07338315383643], [-2.3060098088435006, 37.07301537892981]], [[-2.3053231545388484, 37.0692200125432], [-2.3051819373362807, 37.0693603468462], [-2.305164746333959, 37.069419198624935], [-2.305235177303923, 37.07002148536361], [-2.3053179019790497, 37.071753130772684], [-2.3053950777104437, 37.07050864457696], [-2.3053231545388484, 37.0692200125432]], [[-2.304906879625287, 37.06693735621616], [-2.304954430341416, 37.067691487730734], [-2.305063600568065, 37.06795642207169], [-2.3053949974206107, 37.068546991240694], [-2.304906879625287, 37.06693735621616]], [[-2.3021741553714, 37.07208128675666], [-2.302017171020805, 37.072071209195435], [-2.302009984770748, 37.0721430902416], [-2.302166968705824, 37.07215316781041], [-2.3021741553714, 37.07208128675666]], [[-2.3110655930435478, 37.08183122522202], [-2.310980226828898, 37.08138128498576], [-2.310759347187848, 37.08107424237542], [-2.3110655930435478, 37.08183122522202]], [[-2.2477472058343784, 37.04914515198112], [-2.2480254435087215, 37.04852944730501], [-2.248179857867229, 37.04840315079657], [-2.2483861225205994, 37.048139802562304], [-2.2484377379861904, 37.047740893202956], [-2.2487243465254383, 37.04662847025042], [-2.248808158642517, 37.046169279584085], [-2.2485609835295035, 37.046567852146374], [-2.2480628890907655, 37.04704893151612], [-2.2481078331277664, 37.04765649917115], [-2.2480695453792783, 37.0478213955917], [-2.246297576224362, 37.04969201985402], [-2.246725047529586, 37.04972574802166], [-2.247188818902462, 37.04952290357495], [-2.2472721229972596, 37.04911644376862], [-2.2475740057694362, 37.04911223369547], [-2.2477472058343784, 37.04914515198112]], [[-2.244129350370399, 37.051604712497095], [-2.244290591947863, 37.05152839847521], [-2.2452011126867446, 37.05131173533655], [-2.245397099594283, 37.05129261019664], [-2.245654161561512, 37.05132949482837], [-2.245623892136558, 37.051285759569154], [-2.2453321984493204, 37.05125956618218], [-2.2446698561385365, 37.05141156136103], [-2.2442687519254103, 37.0514285630208], [-2.244129350370399, 37.051604712497095]], [[-2.248878418490287, 37.04593211156479], [-2.248904136027399, 37.0456851065116], [-2.2487242144105934, 37.04593501125475], [-2.2484999006907733, 37.04614776666852], [-2.248043922592639, 37.04628179780412], [-2.248058712159627, 37.04699355820227], [-2.248296742344798, 37.046792338543334], [-2.248556767557766, 37.04650499685691], [-2.2488169260536455, 37.04611263612465], [-2.248878418490287, 37.04593211156479]], [[-2.274282417366027, 37.04978251050754], [-2.2743512769903633, 37.04980342089088], [-2.2743812951200493, 37.04975089964133], [-2.274323776391046, 37.04973101730232], [-2.274282417366027, 37.04978251050754]], [[-2.274264005680853, 37.049498891463294], [-2.27414764888866, 37.04951068223856], [-2.2741432240477493, 37.04962577042107], [-2.274056601146956, 37.049623437563945], [-2.274051706363784, 37.0496650530033], [-2.2740868340337674, 37.04969627664042], [-2.2744310726819066, 37.04970544959719], [-2.2744330365958914, 37.0494991456461], [-2.2743038520942704, 37.04949929746732], [-2.274303874012704, 37.0495282961358], [-2.274263728036939, 37.049528050553945], [-2.274264005680853, 37.049498891463294]], [[-2.269650818586325, 37.05385600041926], [-2.2672110446018863, 37.05409189049331], [-2.2660132959173622, 37.054275031260396], [-2.2659636329202804, 37.05457309208449], [-2.2660263786919104, 37.0549823617914], [-2.26598561393501, 37.05579275125676], [-2.2658619395281887, 37.05623142076229], [-2.2660360832482906, 37.05752161031927], [-2.266458274116153, 37.05700005412526], [-2.266786025642914, 37.05671904091037], [-2.267001439139068, 37.0565754247925], [-2.268128144882583, 37.05606453254199], [-2.2689863539774517, 37.05544938978834], [-2.2695437437278745, 37.05499364730431], [-2.2708873708315833, 37.053694515000345], [-2.269650818586325, 37.05385600041926]], [[-2.2658146792898433, 37.056175420894284], [-2.2659357404305487, 37.05578621838721], [-2.265980197447448, 37.05501290441528], [-2.2659186572238403, 37.05457191236702], [-2.265968323868515, 37.0542734910194], [-2.2651443986068855, 37.05435356465661], [-2.2646883571721506, 37.05433992183269], [-2.264040229031573, 37.05438375877684], [-2.264223453520365, 37.05492907902934], [-2.264772971194113, 37.056093782231045], [-2.264824747025009, 37.05627618872484], [-2.2658146792898433, 37.056175420894284]], [[-2.2616378723834996, 37.05741359892748], [-2.261553646140529, 37.05759714328891], [-2.261506861015945, 37.057909552378604], [-2.2615929873583696, 37.05822576350983], [-2.261796937823584, 37.05861608289689], [-2.261817261366898, 37.05877053133691], [-2.261602241799093, 37.059265867322225], [-2.261496176944765, 37.05934723565611], [-2.261396130829722, 37.059503278383424], [-2.260878385273356, 37.06002629401139], [-2.260910929993984, 37.06008022101016], [-2.261197930298792, 37.05989911212353], [-2.261265132346777, 37.05990512391905], [-2.2620119674031396, 37.05956976400498], [-2.2619686660815925, 37.05939543170813], [-2.2618362097886027, 37.05931014511548], [-2.261873953415075, 37.059210593528796], [-2.261927361411552, 37.05913169161564], [-2.262069377702588, 37.059042794386265], [-2.262078521705553, 37.058958032781405], [-2.262302378880618, 37.058804111594505], [-2.2626243191327915, 37.058776731668296], [-2.262663544516068, 37.058663397400885], [-2.2629644129731568, 37.05879173544249], [-2.2630434380523465, 37.058738146117655], [-2.263207746302878, 37.05875142599849], [-2.2634143476698645, 37.05863642671718], [-2.2633947732924047, 37.057568224775956], [-2.2628756226020115, 37.05761204925111], [-2.262173714152092, 37.057341218729874], [-2.2619652832090194, 37.057296924722564], [-2.2618372377858553, 37.057197873933056], [-2.261671439309294, 37.0572110799441], [-2.2616378723834996, 37.05741359892748]], [[-2.259097358263541, 37.05614362217184], [-2.2591623196345036, 37.05655326963804], [-2.261455159181078, 37.05607120945235], [-2.261227337190018, 37.05569979924769], [-2.259097358263541, 37.05614362217184]], [[-2.2721587564611436, 37.055406275209236], [-2.2717153223523376, 37.05542599440592], [-2.270648590583419, 37.05565605294339], [-2.2690319447864944, 37.05584376901802], [-2.268886991378053, 37.05557208641054], [-2.268619304209091, 37.05579524902934], [-2.268156615162169, 37.05609806050822], [-2.267050958323114, 37.05659547172918], [-2.2666536949123053, 37.05687713768421], [-2.2664314605577305, 37.057098232569366], [-2.2660010946216262, 37.05763938889257], [-2.2657160782009766, 37.05831638499852], [-2.2685271312937285, 37.0581418681066], [-2.268798105409909, 37.058151380998], [-2.2692054678685043, 37.05828189654949], [-2.2705263480648994, 37.05848267223097], [-2.271441092329084, 37.05830765502131], [-2.2729423231654358, 37.05807954136352], [-2.273562185188483, 37.057700693113986], [-2.2736097516280895, 37.05766627994621], [-2.273605461905706, 37.05763254078841], [-2.2728242866788295, 37.055318957776585], [-2.2721587564611436, 37.055406275209236]], [[-2.2610474803569103, 37.06099528482979], [-2.261026201359152, 37.06097423948919], [-2.2609912250967503, 37.06099700762367], [-2.261051034658208, 37.06105732418354], [-2.2612427852570613, 37.06093268128288], [-2.2611832812028356, 37.06087507095999], [-2.2610474803569103, 37.06099528482979]], [[-2.2455518385409055, 37.05131630998875], [-2.2454362859097765, 37.05129898906063], [-2.2454274787137707, 37.051336612127784], [-2.2455430313996447, 37.051353933064995], [-2.2455518385409055, 37.05131630998875]]], [[[-2.2613068511474155, 36.87537179554569], [-2.261112173280705, 36.87608209244664], [-2.261008912997535, 36.87624839718337], [-2.260496741751815, 36.87666131615349], [-2.26013761598502, 36.87684206877715], [-2.260036473836858, 36.876962953220676], [-2.2600088658682864, 36.877079788282764], [-2.2600120887254187, 36.87736213948975], [-2.2600826491901365, 36.87750356411618], [-2.261085650474132, 36.878241778946006], [-2.2612425204707183, 36.8784634313392], [-2.2613496002165165, 36.87876355542348], [-2.261381158235801, 36.879017056283516], [-2.261298758034688, 36.87952198161257], [-2.261116293857194, 36.880082083846965], [-2.261081319989958, 36.880287394711424], [-2.260938140280663, 36.88053169600502], [-2.2607230764014377, 36.88067764905124], [-2.2600600774159507, 36.88085614984093], [-2.2597507440358213, 36.88134009938301], [-2.2593949479037683, 36.881812670791106], [-2.2589183393871877, 36.882129435585085], [-2.2583720641631047, 36.88262894068215], [-2.2575535812153227, 36.882962045285424], [-2.2573274219857202, 36.883453354299874], [-2.257237017448313, 36.883727097232224], [-2.257205677123139, 36.88403158780172], [-2.257236572546976, 36.884526040036725], [-2.2571563212688983, 36.88460874121915], [-2.2567735139556335, 36.88476202607396], [-2.2565633414594037, 36.885003288601084], [-2.256378801325041, 36.88541318558997], [-2.2562800807349563, 36.885907367595365], [-2.2561609113002046, 36.886253585498366], [-2.2560227435164157, 36.88633709518516], [-2.2557766236327503, 36.88640802965298], [-2.2555816633436, 36.88638778357575], [-2.255478627495869, 36.88632025128223], [-2.2551426422797163, 36.88592610992768], [-2.254771671998342, 36.88557627478411], [-2.2543773227166874, 36.885333928093154], [-2.2543192091826847, 36.885309224579096], [-2.2541970139031857, 36.88531963554921], [-2.254053167058354, 36.88549027194159], [-2.2537191758376425, 36.88610358708374], [-2.2528814903501013, 36.88787225955972], [-2.251835275516363, 36.88903989032413], [-2.2517496042549285, 36.889101910680154], [-2.2513909312675215, 36.889124170641296], [-2.2513118130040017, 36.88922760797319], [-2.2511821334851136, 36.88924526578722], [-2.250669903519566, 36.88892644316628], [-2.250365362546747, 36.888807511098754], [-2.250739911630062, 36.888675829599876], [-2.2510975853007964, 36.88828406576782], [-2.2510386283136414, 36.888173267986026], [-2.250849407666556, 36.888219941535716], [-2.250730419150562, 36.888050982916106], [-2.2506582520720038, 36.887684359094635], [-2.2505849835692726, 36.88751028000255], [-2.250370109784237, 36.88721956292424], [-2.250421396504552, 36.887024274333115], [-2.2503994923805677, 36.88691163664273], [-2.2505116446129145, 36.886735572010515], [-2.2505626621485693, 36.886544788833874], [-2.2508110343116416, 36.88626627810426], [-2.2508931846471443, 36.88622037644471], [-2.2509293986269356, 36.88646498472357], [-2.251129297334315, 36.88692165141717], [-2.2512392956303944, 36.88704584166819], [-2.2512943712649056, 36.88700300980224], [-2.2510254077546974, 36.8862405007129], [-2.2510678490817853, 36.88598548081186], [-2.2511295916698035, 36.88583388739086], [-2.2513992360047883, 36.88542263737337], [-2.2516237633617138, 36.88491906566701], [-2.2515647234511804, 36.885553306689886], [-2.25131774484438, 36.8857809866943], [-2.2513770234803405, 36.885996623711804], [-2.25125350240735, 36.88617712475447], [-2.251362772890315, 36.88639875582381], [-2.251253538139191, 36.88671357105059], [-2.251330747869221, 36.88677084816196], [-2.251568480473692, 36.886651462858914], [-2.251662010907719, 36.886681348676674], [-2.2519967245298664, 36.88696218543763], [-2.2522189824302905, 36.88710619189793], [-2.2521880637179623, 36.88695104004226], [-2.252198201960395, 36.886809037133794], [-2.252142912070577, 36.88679336471436], [-2.2521290736678736, 36.88670493664224], [-2.2522031944414844, 36.88664176155832], [-2.251540284526608, 36.88629801149717], [-2.2514314930933463, 36.8861876211254], [-2.2514914686778336, 36.88604512091716], [-2.2517612476931483, 36.88603393391667], [-2.251809897048837, 36.88595897011864], [-2.2517001417319835, 36.88588985980804], [-2.251726044990804, 36.885742367275654], [-2.251833989175734, 36.88549046384394], [-2.2519644953338576, 36.88538798058783], [-2.252183269268841, 36.88549753023842], [-2.2525250204710843, 36.88591948499525], [-2.2526989520283216, 36.885851889340664], [-2.25279412688172, 36.88566634075548], [-2.2529237420076225, 36.88560856220328], [-2.253341022442532, 36.885696826119705], [-2.2533659908236574, 36.88552976611309], [-2.2530924660121796, 36.88531512280644], [-2.2530753306995175, 36.88504665676051], [-2.2533022049518228, 36.88503834707409], [-2.2533717366069324, 36.88491664351764], [-2.253359071243935, 36.88484535026543], [-2.253224843872634, 36.884650963355874], [-2.253104182179127, 36.88456105269414], [-2.252965530817748, 36.88450988083478], [-2.2526774003768497, 36.88451627221333], [-2.2523846118306783, 36.88447097663089], [-2.2520945367408505, 36.88436611680335], [-2.252235662431571, 36.88430156049163], [-2.252043762370814, 36.88414079807061], [-2.2519192908733277, 36.883959095744686], [-2.2519616531162576, 36.883504676602634], [-2.251766118127403, 36.883245183268514], [-2.2515840792138864, 36.88329316081659], [-2.251817673861521, 36.88357372183185], [-2.2516105678255034, 36.88359152366541], [-2.2514070061988942, 36.88337326510355], [-2.251518516291495, 36.88315816302506], [-2.2516238148795606, 36.88309653678546], [-2.2519048571131064, 36.883022499887716], [-2.2519591935826173, 36.88295099725236], [-2.251971824338246, 36.882553451963396], [-2.252006410663135, 36.88240141659861], [-2.252167473473647, 36.8821331704164], [-2.252335773090213, 36.88199784167925], [-2.2521664880462353, 36.88157832834307], [-2.2520480859171745, 36.881913729868835], [-2.2518986087696504, 36.88190251253195], [-2.251799433113456, 36.88180831874263], [-2.2516619656394865, 36.88156685448412], [-2.251911147877105, 36.88111175876443], [-2.25175860550478, 36.88097783155576], [-2.251703341335898, 36.88042003343306], [-2.2512067542422973, 36.880642445536616], [-2.2512355257275543, 36.88083319111331], [-2.2513615844880954, 36.880806221002985], [-2.25165286583601, 36.88118846309873], [-2.251643287549571, 36.881307573059246], [-2.2514755119290166, 36.88128578326216], [-2.251485563176271, 36.88121021581486], [-2.251318233513405, 36.88130426355746], [-2.25059651221516, 36.881115545767976], [-2.250485088769862, 36.881126651896025], [-2.2496898299053614, 36.881584517837915], [-2.249601215557119, 36.881661301773406], [-2.249512433419874, 36.88181254345339], [-2.249325280607185, 36.88183290573536], [-2.249310033428558, 36.881877340508474], [-2.2494675217208426, 36.882182120264915], [-2.250047927781428, 36.88217974499861], [-2.2500369210231796, 36.88222664051108], [-2.250508194181833, 36.882391246378084], [-2.2505707128461867, 36.882470065878366], [-2.2508125425735352, 36.88249286472924], [-2.250816618537228, 36.88263847283916], [-2.2506327173651615, 36.88263596111751], [-2.2506037575712026, 36.88259088682406], [-2.2503760534520656, 36.88256943867133], [-2.2501889397411956, 36.882655066736504], [-2.250100348955046, 36.882867062520106], [-2.250132112834456, 36.88291224927917], [-2.2505437119973464, 36.88279865041621], [-2.2507994551061703, 36.88277574394316], [-2.2508549730659295, 36.882847578073324], [-2.2508887161744147, 36.88306927436482], [-2.2508292519686566, 36.883183111809075], [-2.250558767819214, 36.883370798556896], [-2.2506762153002144, 36.88347908088377], [-2.2505744052659673, 36.88350512143678], [-2.2509240635146472, 36.88409227432021], [-2.2510021638984035, 36.884173535543894], [-2.251112278643204, 36.88415899524268], [-2.251209136808057, 36.884364322386496], [-2.2510994150250383, 36.88443051769712], [-2.2513553268528095, 36.88506899676628], [-2.2512653178246333, 36.88508150051848], [-2.251015098548609, 36.88457259389753], [-2.2509188935460154, 36.884472739062815], [-2.2507791963470933, 36.88447077211795], [-2.250910151642491, 36.884954052259125], [-2.2511493593856486, 36.88523464540132], [-2.2510468862544704, 36.88536281516573], [-2.2509997393565793, 36.88590428262036], [-2.250893430218649, 36.88587305371117], [-2.2508217101405377, 36.885357424870406], [-2.2506701203287625, 36.88490719199728], [-2.250502602461126, 36.8846056859851], [-2.250337376485076, 36.884460143097435], [-2.2501837998869023, 36.88404198824802], [-2.249517415415694, 36.88352846404661], [-2.2492316444441647, 36.883489064387014], [-2.2491655979445513, 36.88331160449478], [-2.2490557193417557, 36.883451083916626], [-2.2490785623599456, 36.8836508969728], [-2.2491364300758367, 36.88374681515587], [-2.2489646217522608, 36.88371237617389], [-2.2488277087364636, 36.8836439930052], [-2.2487151047484883, 36.88351176121527], [-2.248800748688976, 36.88337194862623], [-2.248993112061204, 36.88324389818052], [-2.2487382999525996, 36.88309138663407], [-2.248670043577331, 36.8829449219894], [-2.2484328053729277, 36.88310675799123], [-2.2480156397769453, 36.8829401470927], [-2.2480250646736764, 36.88307758601686], [-2.247901398130995, 36.88314675503092], [-2.2477790159317053, 36.88318735643406], [-2.247428312231217, 36.88320126714409], [-2.2467714157349072, 36.883027359684114], [-2.246174602367914, 36.883017357066095], [-2.246598926565458, 36.88289802302097], [-2.2471572427728495, 36.88250474810617], [-2.247392191021833, 36.882679222481165], [-2.247522969360032, 36.88256626205121], [-2.2473402297485645, 36.88238370053655], [-2.2487731199673036, 36.88147516435932], [-2.2491118272314212, 36.88122958960209], [-2.249278966826707, 36.88099920605312], [-2.249330625909699, 36.88097675257394], [-2.2493366347735164, 36.881097132668906], [-2.2499581635959953, 36.881099975479046], [-2.2504178181778345, 36.880936564755125], [-2.2505701727844953, 36.880744978244], [-2.2506735692216746, 36.8805102644536], [-2.250934953432372, 36.880219214984045], [-2.2509757451448933, 36.880109771430476], [-2.251196168783699, 36.8800027174053], [-2.253281713209342, 36.88109153739411], [-2.2532927384847783, 36.88144587236756], [-2.2539353344550856, 36.882340715382725], [-2.2565559241326847, 36.88084742192429], [-2.257898759918499, 36.88031775494771], [-2.2587150836528638, 36.87926402308326], [-2.2586972893366104, 36.87713407933273], [-2.258966820158853, 36.87629719221988], [-2.2592178175814426, 36.87615345703046], [-2.2594105325820477, 36.876100932301384], [-2.2598944476621696, 36.8757897048077], [-2.260491884548087, 36.87546944621568], [-2.26161606164548, 36.875108407793974], [-2.2613676987926716, 36.875286811815094], [-2.2613068511474155, 36.87537179554569]], [[-2.252828740267385, 36.88773463880828], [-2.2528716592639753, 36.887729500043434], [-2.2529274669162938, 36.88751936504825], [-2.2526719074343777, 36.887464302737406], [-2.2526822830091553, 36.88737846090562], [-2.2528582777023285, 36.88735225405203], [-2.252901700221283, 36.88731845269677], [-2.252864170358638, 36.887139100896306], [-2.2528222704207295, 36.88709728112137], [-2.252563070873831, 36.88715099931947], [-2.2525249057334276, 36.8870714326594], [-2.2528680556445564, 36.88695919819367], [-2.252877431083677, 36.88684928163812], [-2.2526820885225423, 36.88664946634263], [-2.252534290251945, 36.886626812057074], [-2.25260783363364, 36.886450141965845], [-2.2524019522306027, 36.88641062134068], [-2.2525166302039943, 36.886515373301776], [-2.2523516477959897, 36.886632329164144], [-2.2523437497588374, 36.8866712216161], [-2.252537101209332, 36.88676438926481], [-2.2524065459640714, 36.88680268587856], [-2.2524693329023218, 36.886866636808605], [-2.2523832576570793, 36.886958307937206], [-2.252499317061456, 36.88693353188524], [-2.2523837106605797, 36.887072973766244], [-2.252403999661394, 36.887260059759576], [-2.2525123159651224, 36.887326821131936], [-2.2526264525009867, 36.88732609676407], [-2.252392483821456, 36.88746281096086], [-2.2522248376377685, 36.88736881777155], [-2.251831842590484, 36.886941586188144], [-2.2516687368390644, 36.88683157069043], [-2.251476477265187, 36.88682206651158], [-2.2513545968525928, 36.887190708167], [-2.2512835593079856, 36.88717935317969], [-2.2514149777529955, 36.8877073423395], [-2.2515244980899976, 36.88772029181469], [-2.251521643065038, 36.88751844177927], [-2.251591530501994, 36.88731425545848], [-2.2515793600843925, 36.88707800193299], [-2.251643054134162, 36.88689892668931], [-2.251776224270701, 36.8870061395556], [-2.251751196474912, 36.88717887785589], [-2.2519639760619152, 36.88743171886636], [-2.252281524893684, 36.88765493047611], [-2.2524502075425317, 36.88783835730152], [-2.2526174293748826, 36.887952990441946], [-2.2527171926857816, 36.88795325731256], [-2.2527813612737013, 36.887886503685856], [-2.252828740267385, 36.88773463880828]], [[-2.2523820292757057, 36.88654336804282], [-2.2524191332648753, 36.886478517616375], [-2.2522754758799155, 36.88645706093203], [-2.2523820292757057, 36.88654336804282]]], [[[-2.2303290837277148, 37.053559297835356], [-2.2301811577348984, 37.053317660901186], [-2.230360260420304, 37.05306696838941], [-2.2304158804713268, 37.05292715959355], [-2.2304658529687846, 37.05258981466145], [-2.230353811138873, 37.05247001122517], [-2.230343629715536, 37.052409099826725], [-2.2304562458491177, 37.05211560935816], [-2.230681211089506, 37.05187846906013], [-2.230724886959491, 37.051785365941626], [-2.2307054526374115, 37.051627222283145], [-2.2305936593659714, 37.051349218242], [-2.230590258645222, 37.051163054466045], [-2.2306686745806825, 37.05101528062822], [-2.2308092823075016, 37.05088972868509], [-2.2311473579402037, 37.050766173137646], [-2.231297725177883, 37.050497985696246], [-2.2311974406779997, 37.050461459612805], [-2.230897735293297, 37.050249307516374], [-2.2307428622369074, 37.05021729026075], [-2.230387822230752, 37.05049523677722], [-2.2302576683746422, 37.05068810595774], [-2.2302090919348467, 37.05077648977617], [-2.2301763474952434, 37.05107834069754], [-2.2297383909674435, 37.05165924822706], [-2.229592739361281, 37.05209431568236], [-2.229344695248053, 37.05200030980858], [-2.228725470840582, 37.051866387525244], [-2.227639197617198, 37.05179819994335], [-2.2275160538720127, 37.051919900088315], [-2.2277974495415345, 37.05246257953175], [-2.227849289772149, 37.052651852988966], [-2.2277204616245836, 37.05286771390834], [-2.2276118169170664, 37.05321206719224], [-2.2273383246265257, 37.053419954667646], [-2.2271938905756046, 37.05366671739809], [-2.226934539766625, 37.05382178314711], [-2.2264205069728047, 37.0542926606145], [-2.2262110450143626, 37.05396570450776], [-2.2257638228059484, 37.05384884805885], [-2.2257564875593006, 37.05361939082229], [-2.2259209326090175, 37.05325205685185], [-2.226214889659549, 37.05187129837896], [-2.2259598638160227, 37.051214483652046], [-2.2254439837319286, 37.051337134012485], [-2.224766559814815, 37.051386879504705], [-2.2242479431079984, 37.051590809640835], [-2.2239479356074043, 37.05177372711112], [-2.223635055998162, 37.052259614336364], [-2.222815478338164, 37.05287080920408], [-2.2225949817747312, 37.052866205005], [-2.2225027571469465, 37.05299882929201], [-2.222286003923626, 37.0531007103068], [-2.2217603052507693, 37.05317036276051], [-2.221565505911028, 37.05336892767822], [-2.2214591158086128, 37.05343475370263], [-2.2207954114232, 37.05354910751169], [-2.2204774953292543, 37.05363409525958], [-2.2197949295550603, 37.053689998172906], [-2.2194209273409777, 37.053771454747135], [-2.219164499915852, 37.05409021900582], [-2.218844995528565, 37.0543955870178], [-2.2187214344669375, 37.054556211610205], [-2.2185760200493614, 37.05463187380466], [-2.2184238856068483, 37.05467242663822], [-2.2181150701539374, 37.05463757573194], [-2.2173768863378753, 37.054664798260404], [-2.217332217246996, 37.054611946765135], [-2.218121246134679, 37.05458371654032], [-2.2184187029814915, 37.05461848808699], [-2.2185546200110364, 37.05458008195907], [-2.2186698311176563, 37.05452143782271], [-2.219382703243435, 37.0537261326435], [-2.2197828777468294, 37.053636825760776], [-2.220476594863354, 37.053579193367476], [-2.220777052060862, 37.05349679517702], [-2.2214296964515317, 37.05338615481055], [-2.2217284016053753, 37.05312273919546], [-2.222258282062575, 37.05305104104967], [-2.222462145142107, 37.05295592632974], [-2.2225584412349577, 37.052821075225886], [-2.222783932664472, 37.05282111501552], [-2.223583111780629, 37.05222511086269], [-2.2238943988357867, 37.05174101617834], [-2.2242190922676737, 37.05154149400824], [-2.2247514630750995, 37.051334228511], [-2.2253434067233107, 37.051296364445115], [-2.2257796066373916, 37.051211955270304], [-2.2264801150405322, 37.050937452087176], [-2.226523560126154, 37.050911864815866], [-2.2261639352807903, 37.05098659030472], [-2.2281937625057457, 37.04870167064301], [-2.2242601721879853, 37.04849048132136], [-2.22427279017014, 37.048289909350835], [-2.22420697799446, 37.0482701887704], [-2.2240757745673876, 37.048343516988254], [-2.223899056692311, 37.04851371509966], [-2.2236971200560474, 37.048587211129174], [-2.223641390329109, 37.04879155725788], [-2.2223689155723103, 37.04871417051791], [-2.2221195451667572, 37.04867494226525], [-2.221707181937085, 37.04882692010609], [-2.221298598267709, 37.04910358214777], [-2.221175552801258, 37.049303158414865], [-2.2211843750234004, 37.04946276632915], [-2.221419047810477, 37.04968596399982], [-2.2214331320720997, 37.04977142018469], [-2.22139599243349, 37.04987321631887], [-2.2212592045971484, 37.04997580062405], [-2.220903487666726, 37.050086231750896], [-2.2208096530624517, 37.05017782995319], [-2.2208075904244255, 37.05025858294483], [-2.2209489741694344, 37.05052065061012], [-2.220847173987485, 37.05079788743615], [-2.2208671839915413, 37.05097415479418], [-2.2208195547336564, 37.05123281767993], [-2.2208234367863233, 37.051414117151346], [-2.2207651004779976, 37.051531999247096], [-2.2205352664807894, 37.051725464778066], [-2.2203737628681557, 37.052000952205695], [-2.2203706992054757, 37.052190499007104], [-2.220436518589813, 37.05244008180491], [-2.220363548542264, 37.05257012671338], [-2.220255612848772, 37.05261115268319], [-2.220175861629138, 37.052601524200334], [-2.219610567302125, 37.052364607100394], [-2.219448718473387, 37.052541571138555], [-2.2192007841118238, 37.05265694280203], [-2.219057686981837, 37.05267204601081], [-2.2187962728728343, 37.05262173423271], [-2.2186966075537584, 37.05265677378174], [-2.2184299177467035, 37.052912009540705], [-2.2182785897470203, 37.05300584096116], [-2.2178556264933786, 37.05292742010767], [-2.217615668386992, 37.0528356966182], [-2.2173397888096593, 37.052813595064094], [-2.217049574746395, 37.05297221693247], [-2.216904361493751, 37.053018041707375], [-2.216726444942408, 37.053138106976256], [-2.2165171343684023, 37.05319350920307], [-2.216186543183471, 37.05336295412685], [-2.21549728583435, 37.053500185549495], [-2.215353683076278, 37.05347679066295], [-2.214837529268419, 37.053197719429576], [-2.2145461801796937, 37.05312755389929], [-2.2144086057280608, 37.05315224301609], [-2.214212273507674, 37.05310496620777], [-2.2135652754932154, 37.05285297095115], [-2.2127367581893957, 37.052699549440014], [-2.2123727332668004, 37.052598874758], [-2.211216752545676, 37.05209514297768], [-2.2103899268888485, 37.05160603075672], [-2.2099524093887863, 37.05149025661634], [-2.2096040346645673, 37.0514646796259], [-2.208835259601985, 37.05111611283357], [-2.208546097421964, 37.05096661848161], [-2.208335460989137, 37.05081458718432], [-2.208119300756154, 37.05060978607201], [-2.207879053849089, 37.05029881324165], [-2.2067704978927702, 37.0495883908295], [-2.206447747368316, 37.04933906531791], [-2.206350113136239, 37.04922212559775], [-2.206254746579266, 37.04939446844001], [-2.2059215675725174, 37.049498695463306], [-2.205885390641202, 37.04959247052334], [-2.2058524307639114, 37.04997057227156], [-2.20586589308724, 37.05026515349059], [-2.2059687459387964, 37.050766395663466], [-2.2063464553535344, 37.05118149910119], [-2.2065127244965193, 37.051457546273376], [-2.2066188999906617, 37.05171524873706], [-2.2065954072419522, 37.05177891153223], [-2.2063748038209297, 37.05194698686329], [-2.206294783523817, 37.05214701548662], [-2.2061688063286233, 37.05226750249528], [-2.2060741379574793, 37.052318429685464], [-2.2058692277628, 37.052329317351514], [-2.2058263619336316, 37.052384917878356], [-2.2058482573645577, 37.052614924269214], [-2.2059353652093083, 37.05282499528567], [-2.2058071608740586, 37.0535146178361], [-2.2058036235316547, 37.0537677103238], [-2.2058441127970423, 37.053940240994386], [-2.206011154891535, 37.05432545027756], [-2.205990067680986, 37.05454669561774], [-2.2060512470363625, 37.05474126896303], [-2.206064126515012, 37.055048195360115], [-2.2061194852387773, 37.05521857189594], [-2.2060316922747982, 37.0551711064715], [-2.206008161813465, 37.05508711778991], [-2.205993471185286, 37.05477053867986], [-2.205927379930843, 37.05455087320883], [-2.2059508099354876, 37.054342263313345], [-2.2057454029246633, 37.0538073431748], [-2.205744568846341, 37.05350969172656], [-2.205872259103172, 37.052826285540554], [-2.2057869476542726, 37.052627313860754], [-2.2057613965080836, 37.052402781592114], [-2.205792179655698, 37.0523195170203], [-2.2058409048829266, 37.05228441776162], [-2.206104780826691, 37.05224859511583], [-2.206236862610534, 37.052125625070275], [-2.2063226933587194, 37.051918424070635], [-2.206555911017485, 37.051716179579536], [-2.206443908781236, 37.05145645047241], [-2.2062719337714425, 37.05117757516111], [-2.205916799096207, 37.05079777763811], [-2.205796994224978, 37.05021817943149], [-2.205789530580348, 37.04996312018291], [-2.2058431038377564, 37.049517099878905], [-2.205915292347402, 37.04943176872713], [-2.2062311082663513, 37.049342569258954], [-2.206285569736548, 37.04922133322661], [-2.206283811200863, 37.049087822409355], [-2.206006064106377, 37.048534660500216], [-2.205694130444031, 37.04814370341038], [-2.205508589190138, 37.047721587372415], [-2.205401729136691, 37.047637761532435], [-2.205350382796316, 37.04761172737988], [-2.2056058229171986, 37.04806008760446], [-2.2057478287700545, 37.048429720281696], [-2.205834986219243, 37.049087342671015], [-2.2058315928543517, 37.049175568144264], [-2.2057881247226034, 37.04925676475032], [-2.2056836445013723, 37.0493544092414], [-2.205329442070869, 37.04955448964633], [-2.2051483695510985, 37.04980368867916], [-2.2050201448825124, 37.04991343267158], [-2.2047003752927887, 37.05007885727448], [-2.2044361186062527, 37.05013026870592], [-2.203806606072253, 37.05052401401672], [-2.2032645196609497, 37.05092375158249], [-2.2029142670283792, 37.051057241409545], [-2.2021916309787444, 37.05113837393016], [-2.201625481039195, 37.05136478102574], [-2.201502572147818, 37.051513858438234], [-2.2014692195573966, 37.05168093580354], [-2.201708131713005, 37.052085023686686], [-2.201788300946458, 37.05250544029533], [-2.2017137246688323, 37.05261346833693], [-2.2015147782044964, 37.05277420306862], [-2.2014529766068955, 37.052683195293504], [-2.2016339864325487, 37.05249547791133], [-2.2016501302283924, 37.052307642405495], [-2.201544948413562, 37.05197755899803], [-2.20143044548135, 37.05187168376486], [-2.201251996573367, 37.051772228609394], [-2.201181555974586, 37.05169008648407], [-2.2011848414242525, 37.05158049704406], [-2.201291506660921, 37.05145763180248], [-2.2016738134191605, 37.05122827210294], [-2.202009990280123, 37.05108604223775], [-2.2028958435045376, 37.05094777645691], [-2.203208590773831, 37.05084107711465], [-2.2043636189455538, 37.05005126956954], [-2.2046997621758875, 37.049986728926086], [-2.2049339942576536, 37.04988166649802], [-2.205058599839706, 37.049773881452765], [-2.20527390033755, 37.04945613416136], [-2.2055630045013945, 37.04931925314677], [-2.2057059830230084, 37.04916409055577], [-2.205728250978685, 37.04898053197356], [-2.2056995714269636, 37.04866836141143], [-2.2055859216850306, 37.04822157745428], [-2.205315210628969, 37.047706230155825], [-2.2049046393020877, 37.04717705477139], [-2.2047436595870593, 37.04700984108684], [-2.203735007181451, 37.046700917775624], [-2.2033628776377396, 37.04662693758785], [-2.20297262475174, 37.046919884825904], [-2.202716571311367, 37.046843797861776], [-2.2023915700624483, 37.046865140130514], [-2.2021655315798765, 37.046790150674816], [-2.2019725752914514, 37.04720737829874], [-2.2019793557986818, 37.04737607801483], [-2.202102078690764, 37.0475448364358], [-2.2019952128886526, 37.04789107094257], [-2.201417537558728, 37.048135698413326], [-2.201568932213298, 37.048294193990635], [-2.2015760142026335, 37.04834814605488], [-2.200406246990021, 37.04827058404516], [-2.2007320206991947, 37.04798315582017], [-2.2006627821517624, 37.04763663748329], [-2.2005355697036877, 37.0475423940647], [-2.2006191644620166, 37.047302731206294], [-2.2002480145897505, 37.04683528173083], [-2.199656359018375, 37.046934138340006], [-2.1994641902922885, 37.04687884723176], [-2.1993441373773597, 37.047451695316106], [-2.199385332406733, 37.048261440706675], [-2.1995181004261806, 37.0492615509483], [-2.1997809472779655, 37.04971880725264], [-2.1998317296100813, 37.04995919555145], [-2.199804380444739, 37.050250437265156], [-2.1997476335588155, 37.0504174465055], [-2.19957982802129, 37.05063238263512], [-2.199391323781494, 37.05078407555823], [-2.1993513593343654, 37.05091640338595], [-2.1996035295123684, 37.0516304043695], [-2.19972536314399, 37.051883981891535], [-2.199910211063967, 37.05216646887023], [-2.1998461110220724, 37.052187490112495], [-2.1998913273951684, 37.05227261783317], [-2.199277716720869, 37.05234833819397], [-2.19918228837884, 37.052332009494556], [-2.1990874607089173, 37.051831537093804], [-2.1988232177901117, 37.051217424491355], [-2.198713878481864, 37.05108084341131], [-2.1985960391338613, 37.05101469062779], [-2.1984376406173136, 37.05098756970595], [-2.1981630274080093, 37.05106062113903], [-2.198051289052923, 37.051152170304704], [-2.197962850552422, 37.051283989666885], [-2.197915863894866, 37.052126035757595], [-2.1978199694588185, 37.052357049877905], [-2.1976399105854307, 37.05252836215734], [-2.1972896856020387, 37.052657598808764], [-2.197159303824649, 37.05264977113942], [-2.1963349485721944, 37.05219041482256], [-2.1961918602204378, 37.05215104529273], [-2.1960870995683948, 37.052199101723616], [-2.195959253828787, 37.05236724975488], [-2.1956861859704446, 37.052591021693935], [-2.195378455408032, 37.05271089119007], [-2.195145564447281, 37.052740680428634], [-2.1949321007108056, 37.05267739522244], [-2.1947916450876637, 37.05259107388629], [-2.1947999961292948, 37.052311603213745], [-2.19473884085344, 37.05212829193765], [-2.194608097117288, 37.05195316174544], [-2.1944086212351697, 37.05181163799945], [-2.194246077062731, 37.05176176778749], [-2.193852029723669, 37.05171653964043], [-2.1926331166890285, 37.05167732745591], [-2.1927704029952686, 37.05182888737592], [-2.1926730101031926, 37.05183949224952], [-2.192475833574969, 37.05175729371844], [-2.1922582046972363, 37.05172669205074], [-2.192216710450401, 37.05148221745416], [-2.1920848155097663, 37.05124659202236], [-2.1920503114884333, 37.05078889124909], [-2.191805580605, 37.05001606756679], [-2.1917208107793145, 37.0498334051034], [-2.191450070832516, 37.0495199425324], [-2.1905584982273845, 37.04870385055867], [-2.1904056499207183, 37.048387850177164], [-2.190285995585951, 37.04802836223629], [-2.190129944129843, 37.04778121190584], [-2.189960110512887, 37.04766701549555], [-2.189230272250574, 37.04754952936724], [-2.189097166657829, 37.047503188531486], [-2.1888732871952405, 37.04735319570012], [-2.1886267515254767, 37.04713426534984], [-2.1884750511108533, 37.04686992565399], [-2.188281422969772, 37.04692079268014], [-2.187915539390077, 37.04676802353625], [-2.187696675314437, 37.046728210712246], [-2.187551629151487, 37.046789504978534], [-2.1874703062651566, 37.04697049215913], [-2.1869594358133937, 37.04721090937645], [-2.1867045075096034, 37.047220519792724], [-2.1861025065008337, 37.047337987099375], [-2.1854452093689063, 37.047347533409045], [-2.1854969565242524, 37.04667237609084], [-2.185462966676455, 37.046590835485816], [-2.185459779994862, 37.04636338769043], [-2.1849995243172997, 37.046560605846715], [-2.1843500452521587, 37.047016668486314], [-2.184446722653766, 37.047167057414825], [-2.184570351998404, 37.0476048208973], [-2.184502094422812, 37.04794030738445], [-2.1849611215291156, 37.04833215452456], [-2.1852643786823207, 37.048525426703996], [-2.1844542086494347, 37.048747641877526], [-2.1840987011185513, 37.04887617233223], [-2.183564889507807, 37.049177352278605], [-2.18334904610726, 37.04920155684007], [-2.182402706537523, 37.049431839071545], [-2.1816649840194606, 37.049399349675745], [-2.18148766325181, 37.04945960254315], [-2.1812634955894095, 37.04958857533933], [-2.1809492375863324, 37.04967654709123], [-2.1806459521483275, 37.04983120798045], [-2.17848006771367, 37.05039619172602], [-2.1788791211694263, 37.04995383835247], [-2.1788507990501116, 37.04988955208226], [-2.179014401167676, 37.04980856595567], [-2.1790692178659268, 37.04972051699482], [-2.179091993190496, 37.04945457841531], [-2.179156062678189, 37.04921741460636], [-2.179371751311482, 37.04901969520303], [-2.1795321880197345, 37.049023599258405], [-2.1798334017846046, 37.04890408185817], [-2.1797961873929848, 37.04860013954596], [-2.1797352928717983, 37.04845891827682], [-2.179090962447667, 37.04813022429828], [-2.178764511227652, 37.04750328774751], [-2.1785565201430632, 37.04726874312215], [-2.178698296482722, 37.04712549908273], [-2.17804833753084, 37.04722637256086], [-2.1770900919845, 37.047216570177106], [-2.17693169618985, 37.047273972880305], [-2.176460940806071, 37.047535450063414], [-2.175699683851598, 37.047507267342226], [-2.1753474815305056, 37.04766211117319], [-2.174937339834945, 37.04767359192026], [-2.174787864492079, 37.047706625574094], [-2.1739338576247547, 37.04842297724089], [-2.1736927993663935, 37.04855308456737], [-2.173175365205129, 37.04876176138134], [-2.1728733837392444, 37.04898221433939], [-2.172587252598801, 37.049275610946296], [-2.17249195853172, 37.04933119422575], [-2.1716741335343825, 37.04941544294342], [-2.171513036696056, 37.04945154622312], [-2.171252133665891, 37.04958574656181], [-2.171049256581997, 37.049575405173734], [-2.1708499505485315, 37.0497950379093], [-2.170694982755793, 37.049856873070375], [-2.1705120188030755, 37.04984576404582], [-2.1703042799567327, 37.04971378727931], [-2.1702278396297614, 37.049710818840026], [-2.1700779383085873, 37.0498547168709], [-2.169846472610169, 37.05022853429556], [-2.169828129940555, 37.05048720049892], [-2.169775650480693, 37.05062808404774], [-2.1695969959060215, 37.050788997118964], [-2.169411517874022, 37.05089487618878], [-2.1692621747904473, 37.05094593192123], [-2.1691162064895053, 37.05093498965497], [-2.168797916537149, 37.051514619420125], [-2.1686964277031344, 37.05164271960952], [-2.1678652465575974, 37.05196906133091], [-2.1673259972877856, 37.052040089939574], [-2.1671777175342513, 37.05212729697084], [-2.166959708960825, 37.05231749590017], [-2.1665997833141715, 37.05245504678683], [-2.1664662096256415, 37.052791325274825], [-2.166186657828573, 37.0530240829781], [-2.166079671341554, 37.05337650278622], [-2.1658708976680425, 37.05352385751921], [-2.165621453445053, 37.05362621596926], [-2.1655536662522894, 37.053695418031026], [-2.1655803474173205, 37.054031921158725], [-2.1653110892818748, 37.05468985323824], [-2.1648930428510273, 37.05496751937743], [-2.164711453884057, 37.05513723349927], [-2.164528196815986, 37.055449272423466], [-2.1641186096896634, 37.055887626236405], [-2.163966050024334, 37.05624089008503], [-2.1637128651161066, 37.05659029393734], [-2.1636465221264105, 37.056804180983384], [-2.1637701228868362, 37.05732669251489], [-2.1637855902679886, 37.05759803512388], [-2.1636064679707308, 37.05796283393716], [-2.1635631215652853, 37.05838646027981], [-2.1633571710080366, 37.058684721379656], [-2.163286019254971, 37.058864591157686], [-2.1628760419188144, 37.05923425030156], [-2.162725238067585, 37.05946700652473], [-2.1625159616363834, 37.0596989035337], [-2.1623398271345873, 37.06002622280238], [-2.1622213688270757, 37.060099842463785], [-2.1621228187266124, 37.06029564865223], [-2.161750533782253, 37.06037666900544], [-2.161552429691396, 37.06052291938703], [-2.161331539434641, 37.060542270495645], [-2.1614268115696853, 37.06067463962485], [-2.1616880897793274, 37.06085893121229], [-2.1617813383895723, 37.06088906619571], [-2.1618993198715697, 37.060869167484455], [-2.161974089837008, 37.06096362235996], [-2.1621013547939296, 37.06098885938708], [-2.1621316597222386, 37.06108669583347], [-2.162103703199578, 37.06122531504204], [-2.162068001932802, 37.061198831907454], [-2.1620908581670957, 37.06109443014708], [-2.1620622689522393, 37.06101445367024], [-2.1619433140058133, 37.060989906297294], [-2.161881233142695, 37.060908070617806], [-2.161767166726746, 37.06091970403191], [-2.1616882074025088, 37.060889129179664], [-2.161406643604571, 37.060688018153186], [-2.161309040740842, 37.06053237622651], [-2.161542860321185, 37.060503291213074], [-2.161737575502665, 37.06035836900889], [-2.162105671351939, 37.06027984304545], [-2.1621996811955526, 37.060087790713965], [-2.1623192760584855, 37.06001309741162], [-2.1624925573609857, 37.05968954393904], [-2.162703206202982, 37.059455583421666], [-2.162854009107349, 37.05922291736037], [-2.163262388227662, 37.05885541039658], [-2.1633328533647687, 37.05867661747884], [-2.163538112389524, 37.05837988393772], [-2.163580758424953, 37.05795859632588], [-2.1637596450275653, 37.05759478743868], [-2.163744112450705, 37.057329393657916], [-2.163620095657094, 37.05680381438072], [-2.1636872823364577, 37.056584795273395], [-2.1639421888651227, 37.05623224868215], [-2.164095550674622, 37.055877638404674], [-2.1645049267938345, 37.05543802121366], [-2.1646828153592117, 37.05513351635057], [-2.1648748829548534, 37.054951797173295], [-2.165288380675574, 37.054678696272454], [-2.1655538331212547, 37.05402939099414], [-2.165527535833077, 37.053688653942], [-2.165604083869192, 37.05361022901047], [-2.165856588070502, 37.05350572873286], [-2.166056855482812, 37.05336489450847], [-2.1661617912227684, 37.05301489410907], [-2.166442928283714, 37.05278115605386], [-2.166518938543804, 37.05253578586157], [-2.1665796912129145, 37.0524412042224], [-2.1669446062266937, 37.052299902516914], [-2.167186431196231, 37.052091482077046], [-2.167315300929595, 37.05202063457288], [-2.167857259802754, 37.051948633469124], [-2.1686770189981215, 37.051628070918554], [-2.1690986331790856, 37.050886100344606], [-2.169060434144315, 37.05087231165497], [-2.1690737489177945, 37.05084761616827], [-2.169331398402544, 37.050878540553384], [-2.169706965031203, 37.050615163898584], [-2.1697748191564328, 37.05047727248766], [-2.169771015634321, 37.05031075560446], [-2.169817752955155, 37.05017046285253], [-2.170049755910159, 37.049809268967934], [-2.170212767854692, 37.049669699299024], [-2.1703232828002332, 37.04967272577696], [-2.170561393823996, 37.0498142940297], [-2.170733203171229, 37.049806661326386], [-2.170813969029336, 37.049763507518996], [-2.171022354488034, 37.0495362763087], [-2.1712412367467917, 37.04954330419854], [-2.17149029312447, 37.04941262678566], [-2.171663573499411, 37.04937354381446], [-2.172469322048951, 37.04929272642449], [-2.1728458013127407, 37.04894353184164], [-2.173157275420858, 37.048718818347226], [-2.1736763823990497, 37.048511415234586], [-2.173899468061887, 37.048390287028504], [-2.1743067636965985, 37.048029408178614], [-2.1748086192105953, 37.04764889942766], [-2.1753335347730767, 37.04762072965362], [-2.1756900284747736, 37.04746420300097], [-2.176445640190767, 37.04749441983649], [-2.1769016024248535, 37.04723860910116], [-2.177077835934293, 37.04717474987745], [-2.177930583626972, 37.047185804475006], [-2.178310203974976, 37.0471574258815], [-2.17819185767153, 37.04704663410111], [-2.17798175934878, 37.04700777001399], [-2.177816985058976, 37.046822560241935], [-2.177746738251534, 37.046465114958764], [-2.1776068785916802, 37.04615964915652], [-2.177171115647109, 37.0461597825788], [-2.1769055704518716, 37.046537880425184], [-2.176030284861115, 37.046594272229065], [-2.1755676329859037, 37.046532917107825], [-2.1752335928376594, 37.046142448140365], [-2.175019551331259, 37.04531544851389], [-2.1749940099166274, 37.04501546185961], [-2.174631233895593, 37.04505728795854], [-2.173812685365592, 37.04525476381849], [-2.1730205661087694, 37.045265019584214], [-2.1727985749074024, 37.04530673964545], [-2.1730242582391934, 37.04518382827077], [-2.1735760525177965, 37.04521615787157], [-2.1738764280482736, 37.04518381601718], [-2.1745577441733874, 37.04501071460394], [-2.174995103509336, 37.044955976387456], [-2.1749857189580712, 37.04484638977974], [-2.1752056338057937, 37.044829530097594], [-2.1754309641655967, 37.04409419344558], [-2.175462071990345, 37.04376530920154], [-2.1755515611004212, 37.043455395194414], [-2.1755552449522244, 37.04286571800282], [-2.1756786095322758, 37.04250105319328], [-2.1751786707795175, 37.04239616985972], [-2.1749867601218233, 37.04309856674673], [-2.1748037593647527, 37.04361172449726], [-2.1747465085748283, 37.043696058858856], [-2.1746305272805047, 37.04377286347871], [-2.174362333085387, 37.04415689114441], [-2.17374287128879, 37.04353123639928], [-2.1734823640342498, 37.04285327387206], [-2.1733691836493887, 37.04264065387591], [-2.173487875142025, 37.042355823800754], [-2.1734935041605126, 37.041929946512795], [-2.1735445434952227, 37.041858459635115], [-2.173698371100809, 37.041785975983764], [-2.1737834447560336, 37.04168678680874], [-2.174015391736491, 37.041057234049745], [-2.1741983681604324, 37.040681177209485], [-2.174441254946204, 37.04033825815949], [-2.1743998076737614, 37.040344459908326], [-2.1745526366001804, 37.04024961316984], [-2.1739390522134445, 37.04031925835278], [-2.1729916983332136, 37.04025677111822], [-2.1725865686210493, 37.04033849879835], [-2.172314957433164, 37.040281343300926], [-2.1721109785216095, 37.04018833678836], [-2.1720727189106968, 37.04015985565148], [-2.1726249686394175, 37.03984632585055], [-2.1725790761759853, 37.039785521137325], [-2.1730472050226224, 37.03950429963494], [-2.1734036799429437, 37.039221937852425], [-2.1733861351803365, 37.03874514945349], [-2.172150067511874, 37.038566795531786], [-2.1716971241069984, 37.038579138527915], [-2.171012975120878, 37.03880033951617], [-2.1705200424222815, 37.039159712201574], [-2.1701458482618103, 37.03957111349414], [-2.1700053878459014, 37.039675956588134], [-2.169632003525252, 37.039733738453315], [-2.169371518222915, 37.03982205615139], [-2.169130239118022, 37.03984010309742], [-2.1683845025721746, 37.039644229987786], [-2.167870968183308, 37.03938652170082], [-2.167533582651803, 37.039102914806904], [-2.167317598039221, 37.03910103860225], [-2.1672113111478124, 37.038959402119865], [-2.167177804758135, 37.03877392703469], [-2.167015558008782, 37.03859809465331], [-2.1668902292416945, 37.038377811313964], [-2.1650403791201986, 37.03766360022501], [-2.1647724010905525, 37.03759437868438], [-2.1644432008134067, 37.037212026024314], [-2.164086061061064, 37.03694774069794], [-2.1639596340469356, 37.036900427253094], [-2.1637385294418996, 37.03693537618696], [-2.16370839281208, 37.03720216162821], [-2.1636427687649817, 37.03731113031331], [-2.163022694405012, 37.03800354359761], [-2.162953290294935, 37.03805722874654], [-2.162914601805079, 37.03798628520795], [-2.1624667967249707, 37.038298798914624], [-2.162387433596397, 37.03839919662627], [-2.162269206152977, 37.03865959064655], [-2.162084117645178, 37.0388546063026], [-2.1618045234629943, 37.039033364147336], [-2.161506295192662, 37.03911761197479], [-2.1614444608701664, 37.03909626224148], [-2.161357809585594, 37.038959446684544], [-2.1612132346911577, 37.038129487715864], [-2.1611384507813014, 37.037905503859974], [-2.161056026226966, 37.03777304472009], [-2.160939687890709, 37.037667297863436], [-2.160706392121609, 37.03751213758257], [-2.160038215346462, 37.03759817661818], [-2.1597315001934008, 37.03760601048032], [-2.1589748772521498, 37.03670906454575], [-2.1586180944002957, 37.03644494566193], [-2.158002342992953, 37.036142120507975], [-2.1577020563790397, 37.036107989047245], [-2.157308674420509, 37.03615486344899], [-2.157110195745128, 37.03611622535076], [-2.156676036576286, 37.03588508340597], [-2.1560112490298686, 37.03545245686702], [-2.155765548342217, 37.03523103513298], [-2.155521904348576, 37.03489559909771], [-2.1554541068589943, 37.03447911556667], [-2.155310578626928, 37.03413925360959], [-2.1551675859091564, 37.03392370431629], [-2.1543006229730115, 37.03301828081983], [-2.154128756540114, 37.032862013060935], [-2.153798755841564, 37.03264963132487], [-2.1534555956726704, 37.03255938608346], [-2.152708432993917, 37.03257279781664], [-2.1523713320834874, 37.03264565790529], [-2.151856114808687, 37.03288202182063], [-2.1505661078698846, 37.03304685599499], [-2.149515287390045, 37.033067267683286], [-2.148984750530477, 37.033033086128626], [-2.148349995491968, 37.03292766391069], [-2.1478940597485123, 37.032948908816614], [-2.147829167626454, 37.032930324424505], [-2.1473540762725127, 37.032301602964075], [-2.1472136217548936, 37.03218313979199], [-2.1463293856561165, 37.03178647058701], [-2.1459503114013496, 37.031561094301544], [-2.1458711772063137, 37.03147912731962], [-2.1456099245134457, 37.030963622737666], [-2.1453147808304878, 37.03062338257379], [-2.1450710256059167, 37.030463248695874], [-2.1449064042827697, 37.03038499185667], [-2.1443263809528528, 37.03021386924072], [-2.1441876847766848, 37.03019997879012], [-2.143281672839258, 37.030254010893096], [-2.1423131619824898, 37.030226822456015], [-2.1413979070441194, 37.02994274898647], [-2.1401874712665405, 37.02914579077771], [-2.139885033099688, 37.02896665199099], [-2.139607120502244, 37.02884601152887], [-2.1393844252642893, 37.02878391189241], [-2.138672789977092, 37.02876062992207], [-2.138089455073234, 37.02862623041424], [-2.1379718344459637, 37.02852856450241], [-2.137972407999844, 37.02793066316572], [-2.137939306050294, 37.02779566632858], [-2.1374644378200176, 37.027375944068616], [-2.1366591432303936, 37.026897658366465], [-2.136417165759156, 37.026791694480494], [-2.136244364644699, 37.02674230141184], [-2.1360445792396234, 37.026732824389036], [-2.1356732917835766, 37.026886785597995], [-2.135582903126858, 37.02694616109353], [-2.135287058194159, 37.0272978947244], [-2.135072113477461, 37.027455246774274], [-2.134861693436749, 37.027540698875754], [-2.1347571248240675, 37.027521908211476], [-2.1343450232854324, 37.027279307641], [-2.1340551106360324, 37.02714747933009], [-2.1335991181843816, 37.02698838701896], [-2.1329716872538453, 37.02685769679755], [-2.1325737888646934, 37.026869661991135], [-2.1319885587636165, 37.027101641965814], [-2.131995276396312, 37.02694601757134], [-2.1318314870762882, 37.02700395182183], [-2.1320536518801387, 37.026597869256086], [-2.1321244554334475, 37.026313451354724], [-2.1322105653267998, 37.02624494296318], [-2.1324242508063436, 37.02621829137019], [-2.133677939310374, 37.02623511755888], [-2.133805030600083, 37.02621080588199], [-2.134019657873358, 37.02610113838602], [-2.1341105128589883, 37.025951175726576], [-2.134144569945023, 37.025585361443824], [-2.134238114073388, 37.02550545789069], [-2.1349749643887543, 37.02510718459837], [-2.1350511504060967, 37.024872471778075], [-2.135198531204009, 37.02457544945654], [-2.1355672551464937, 37.02408128300931], [-2.13558128177064, 37.02402405546055], [-2.1355253784772636, 37.02375881369666], [-2.135398037725115, 37.02353821209623], [-2.1354542680847075, 37.02335788889953], [-2.1355513724261472, 37.02326106367131], [-2.136063802102215, 37.02297165670665], [-2.136342740811162, 37.022711290955094], [-2.1364789705158826, 37.02263385961752], [-2.136140682594124, 37.0225361182458], [-2.1359490794713114, 37.022281607001624], [-2.135794094896598, 37.02197030280815], [-2.1356689687036208, 37.021930991361465], [-2.1354685982400854, 37.02176592560352], [-2.135438082567096, 37.02146282911603], [-2.1355187592767972, 37.021258440469076], [-2.135533737138846, 37.02096838529261], [-2.1350345665875063, 37.02071397521971], [-2.1348876285436535, 37.020774290194176], [-2.1343277031633408, 37.02072225175711], [-2.1341687998813446, 37.020727402323715], [-2.133984643009361, 37.02078843615939], [-2.1337630520214934, 37.020532530688584], [-2.1334235831677697, 37.02064876801044], [-2.1330447666919814, 37.020883788797974], [-2.132858177636178, 37.021049907643395], [-2.1326310259703054, 37.021342738524226], [-2.1324266020277, 37.02142561620747], [-2.1324078944434612, 37.02150876981074], [-2.132249106956704, 37.02174080378664], [-2.132110743352059, 37.022025354381285], [-2.1319605664958385, 37.02223158042451], [-2.1317227528009055, 37.02244320450186], [-2.1313213806190205, 37.02270302817767], [-2.1309310588887365, 37.02327499526949], [-2.130275616135142, 37.023751095633756], [-2.1301596058962113, 37.023898256897375], [-2.1300319946844084, 37.02419514290195], [-2.1300092476059773, 37.024464137284866], [-2.1300667181993096, 37.02461987164128], [-2.130372386357984, 37.02497564532617], [-2.130333888112267, 37.025068749290845], [-2.1301902594961453, 37.02522228841811], [-2.1303026561358993, 37.02530351805876], [-2.130348751893663, 37.02547097736842], [-2.130402332272155, 37.02554402371141], [-2.1305409963447346, 37.02566825810414], [-2.1307538731606672, 37.02577167708921], [-2.130812414684636, 37.02586323849994], [-2.130801664529057, 37.02595816839449], [-2.1308962409064875, 37.02598536260292], [-2.130911000448736, 37.02605163421762], [-2.131037235422996, 37.02611241236331], [-2.1310428227277933, 37.02618447595735], [-2.1309329697733954, 37.026383063377075], [-2.131037402813041, 37.026443140995546], [-2.131015987636814, 37.026576212590186], [-2.1312764034495983, 37.02651357845755], [-2.131405642215847, 37.02652786543773], [-2.1315128468634286, 37.02662104468192], [-2.1316088687774735, 37.02681762387846], [-2.1315081750880065, 37.02693262798325], [-2.1312567904521975, 37.027070866901845], [-2.131200299269622, 37.027065675821405], [-2.13124510416087, 37.02699136711056], [-2.1315385777917677, 37.026819813670954], [-2.1314498883590596, 37.02665069096016], [-2.131368527152873, 37.02657852342228], [-2.1312913743724815, 37.02657119803136], [-2.131027999090244, 37.02664688096954], [-2.130956914252407, 37.02661021382703], [-2.130942310116432, 37.02654015743882], [-2.130967566376874, 37.02647453947024], [-2.1308960469226745, 37.02644643250495], [-2.1308608199355423, 37.026390557476006], [-2.1309682308889064, 37.026130025357496], [-2.130882021780243, 37.02610848123546], [-2.130828040187342, 37.026031105403156], [-2.130746455657167, 37.02600824294232], [-2.1307163786908085, 37.02582602787839], [-2.130402270340776, 37.025638216123824], [-2.130280281090247, 37.02549111782713], [-2.13023980554765, 37.025333615200815], [-2.1301222769458517, 37.02524892252065], [-2.1301213348599704, 37.02518365350808], [-2.1302995962068607, 37.02498024988687], [-2.1299748544283825, 37.02460144034623], [-2.1299369829827466, 37.02447199055656], [-2.129944038485792, 37.02425750660885], [-2.130014292254743, 37.02403213275134], [-2.1301761937818102, 37.023754783796434], [-2.1308361859911575, 37.02327412011438], [-2.1309512422807373, 37.023151289263105], [-2.1312384346635325, 37.02269142372987], [-2.1317008929055237, 37.02237850353295], [-2.1319736066416177, 37.02211305014147], [-2.1314591542475783, 37.02148317030881], [-2.130966272836624, 37.021111786085775], [-2.130983083485571, 37.020711682709155], [-2.130935953406789, 37.02037853659319], [-2.13076946932212, 37.020161073200605], [-2.1306166957797106, 37.01972700627424], [-2.1299800065742636, 37.01964544965627], [-2.129648424887966, 37.0195431418156], [-2.129281409916936, 37.01959065801403], [-2.1293326399331716, 37.01911067191232], [-2.129230659768634, 37.01871844075937], [-2.129210255010795, 37.01832014219108], [-2.129329059673822, 37.01781910809759], [-2.129323488239601, 37.01772613170859], [-2.1292464222411542, 37.01755438822985], [-2.129300561911876, 37.01747933734063], [-2.1292692552290013, 37.01730693805354], [-2.129282541882093, 37.0169503515367], [-2.1290340871421667, 37.01650945075154], [-2.12885800843904, 37.01651329636326], [-2.1282887602004226, 37.016258077644785], [-2.128345744027081, 37.016189898795], [-2.1283542119308847, 37.01611775792827], [-2.1283147244192455, 37.01583514578242], [-2.1284476816339164, 37.015591118651336], [-2.1283533255984697, 37.01525059345048], [-2.1281925745714916, 37.01496583301718], [-2.1279861058099385, 37.01500298661119], [-2.127436543340811, 37.015023014804164], [-2.127184999813294, 37.01498141275881], [-2.12706179000939, 37.01492336151808], [-2.127012697484658, 37.01484214376629], [-2.127045325841758, 37.01470194384846], [-2.1271397553812235, 37.0145146039546], [-2.127133866077647, 37.01442018283174], [-2.1270558792694767, 37.01431982291928], [-2.1268653414022634, 37.01421241517737], [-2.1262467932271853, 37.013955201426334], [-2.1256554638715595, 37.0138534035942], [-2.12511931963983, 37.013673861781434], [-2.124909992435695, 37.01371540588592], [-2.1247588712911347, 37.01378811705145], [-2.1246389557790772, 37.0139037851163], [-2.1245992909649254, 37.013971098405335], [-2.12456826040901, 37.014295017109866], [-2.124339499450375, 37.01456059787744], [-2.124173658289131, 37.014828535524224], [-2.1241942002721665, 37.01494857034199], [-2.124253984958555, 37.015038161130775], [-2.124432567589241, 37.015178296212966], [-2.124434098198734, 37.01523104007384], [-2.1242899368498973, 37.01540223607726], [-2.1240061047323398, 37.01564703783549], [-2.1236228505210346, 37.015817910117875], [-2.12318961161882, 37.016092975543415], [-2.1226770602496114, 37.01604132698476], [-2.12258212130366, 37.01607632095554], [-2.1224959592839494, 37.016120303720726], [-2.122350942011728, 37.016414263172855], [-2.1221276436845833, 37.016467597598165], [-2.121786485220991, 37.016349782894295], [-2.121453940794973, 37.01644070764338], [-2.1210753510886255, 37.01646927335551], [-2.1204011218323693, 37.01667386036444], [-2.120432425325105, 37.01656195686454], [-2.1204739633778806, 37.01654712102703], [-2.1207369521699886, 37.016502827493476], [-2.1209193990577586, 37.01642385892614], [-2.1217274549757863, 37.01623387527205], [-2.121834656607893, 37.01622736718346], [-2.1220723367895244, 37.01633089509367], [-2.1221958281349393, 37.01634478893959], [-2.1223189346736873, 37.01629440919901], [-2.1223714329695014, 37.01622574936902], [-2.1223915268055777, 37.01607175666565], [-2.1225529918462445, 37.01600922086891], [-2.122664429968613, 37.01589817965441], [-2.1230265129339787, 37.01599495880118], [-2.1231569624300755, 37.0159995283889], [-2.123412080300221, 37.015857277483484], [-2.1234615212254373, 37.015780662155905], [-2.1239643295494384, 37.01558471235853], [-2.124289407907203, 37.0152818036125], [-2.124297214776316, 37.015199021513], [-2.12426226420346, 37.01512971548711], [-2.1240323340079965, 37.01499740849538], [-2.1240285733801003, 37.01491372975604], [-2.1241682516458695, 37.014633610461864], [-2.1244976437684557, 37.014228602976814], [-2.124511731274129, 37.01391186073051], [-2.1248079811576486, 37.01365191536838], [-2.1251365547838112, 37.01357258002366], [-2.1251931610455306, 37.0134981801381], [-2.1251739411107553, 37.012606186140346], [-2.1267666207658262, 37.01227014679777], [-2.127085448979014, 37.01203974776498], [-2.126899477475287, 37.01205442484992], [-2.1267994393937313, 37.01185781198527], [-2.1271325626097797, 37.011379809920655], [-2.127330954747491, 37.01124209088743], [-2.1273752576482985, 37.01099488885629], [-2.127323072004908, 37.010948442961876], [-2.1273376179273473, 37.01076746070673], [-2.1269693774727547, 37.01064071805156], [-2.126668988631777, 37.01046886212606], [-2.1263858928961032, 37.01058288042809], [-2.1261580557130513, 37.010523877735054], [-2.126130131439368, 37.01024342305279], [-2.125872755884965, 37.01020213590689], [-2.125608958545878, 37.009985566346586], [-2.1253991068488207, 37.00995608075471], [-2.1250190709439294, 37.009829876131434], [-2.12481848099481, 37.009620080698696], [-2.1247221326587615, 37.009602333458666], [-2.1245465736231606, 37.009826842314716], [-2.124500420366158, 37.009715267578386], [-2.124362999379739, 37.009613390212884], [-2.124210976721027, 37.00958901202383], [-2.124148693629492, 37.00941385869606], [-2.1238319644249923, 37.00904104036757], [-2.1236616202922445, 37.008693734975694], [-2.1235990180932087, 37.00833117535651], [-2.1233892974826207, 37.007586055872984], [-2.123267705497625, 37.007007262134465], [-2.1230622341032697, 37.006479864491546], [-2.123018540620389, 37.00616431763261], [-2.1229799512160517, 37.00609913076559], [-2.1228292042015067, 37.00599372776826], [-2.1231808887468095, 37.00591537513596], [-2.1233992209242363, 37.005763206939285], [-2.1235436854002425, 37.005711000379634], [-2.123724007849188, 37.00547237580668], [-2.1245356269298568, 37.0048433200556], [-2.124916201795846, 37.00457759578664], [-2.125212961293975, 37.004456199748184], [-2.1252608210412607, 37.00435000547118], [-2.12518122774575, 37.004057451116125], [-2.1251931137246065, 37.00394215784469], [-2.125313225183364, 37.00380792126922], [-2.1256211829910834, 37.00369958705262], [-2.125768187442498, 37.00358213413065], [-2.1255297032720066, 37.003404606158796], [-2.1251928387209618, 37.00329918229479], [-2.1249685738238084, 37.00329329243754], [-2.1244897110171608, 37.003368634636836], [-2.1243624087085613, 37.00332623049245], [-2.1241848180249905, 37.00319998877836], [-2.1239215899473147, 37.00329918461766], [-2.1235164684767898, 37.00326563562715], [-2.123372325269473, 37.00333920806458], [-2.1231035297314125, 37.00357023768823], [-2.1227170615684714, 37.00361516107981], [-2.1227421537663123, 37.00357352098517], [-2.122925953471494, 37.00356027198773], [-2.1230808759144657, 37.003507241820365], [-2.1233341768879814, 37.00330422188563], [-2.123503014361184, 37.0032236205585], [-2.123914073198609, 37.00325883596459], [-2.124221586916716, 37.003149510536694], [-2.124387190929916, 37.00327233304308], [-2.1245444918397776, 37.003315584923286], [-2.1249320501714504, 37.00323416087199], [-2.125147181011539, 37.00324268770898], [-2.1255591055252125, 37.0033692169655], [-2.1258817835847035, 37.00361433999879], [-2.1260079958969427, 37.00366322466732], [-2.126410373408245, 37.00360290784906], [-2.126884178372758, 37.00377324144989], [-2.127287464989468, 37.003820196529624], [-2.1277810070049417, 37.00382743024453], [-2.127853165057698, 37.00384688568444], [-2.1279941988889544, 37.004005398880686], [-2.128068278088665, 37.00403379680447], [-2.128454319214162, 37.003967133290786], [-2.1286480184276555, 37.00397279217209], [-2.1288766322107837, 37.004218298173164], [-2.1291097514539477, 37.00470938628517], [-2.129213474267871, 37.00476991104438], [-2.129169023461325, 37.00462698131747], [-2.1292118063986782, 37.00443331107572], [-2.1292010332318263, 37.00434318083958], [-2.1289510087539596, 37.00378725183568], [-2.12860804641323, 37.00339820821935], [-2.128410776216663, 37.003282640757064], [-2.1279645103541034, 37.00286597899553], [-2.1277091023200008, 37.002772608674206], [-2.1262466213995967, 37.00170783737621], [-2.1261255972264594, 37.001558938765015], [-2.1259891101850283, 37.00122927837316], [-2.1259405242330565, 37.001261732035935], [-2.1258214836092164, 37.00124399888977], [-2.1255575744827464, 37.00135437095236], [-2.1257483532783863, 37.0013980526668], [-2.125453045414815, 37.001512069282974], [-2.1251086635384477, 37.00158281614359], [-2.1247865162500656, 37.00175315186524], [-2.1248095248192755, 37.00176567089406], [-2.1247080717107774, 37.0017823200269], [-2.1245013897339975, 37.00189005143434], [-2.124322478371414, 37.002065408584485], [-2.124057210105196, 37.002175767239116], [-2.123901223480203, 37.002184711745535], [-2.1235820956216105, 37.00203281118539], [-2.122972323414846, 37.00212620490115], [-2.1230877284180254, 37.001834278579175], [-2.1234183794572914, 37.00139349614405], [-2.1240253996662757, 37.000413363800064], [-2.1240558500686295, 37.000129823526265], [-2.124037408105173, 36.999787875868535], [-2.124068385135541, 36.99965433468989], [-2.1242033576333057, 36.99940960532248], [-2.1244426733582897, 36.99913103125969], [-2.124682780419431, 36.99863621333689], [-2.1248686663651024, 36.99842025315017], [-2.1248722453012348, 36.99835312419891], [-2.124849896263885, 36.99835178757692], [-2.124894994634687, 36.998181752851764], [-2.1249057162436293, 36.997962067167904], [-2.124183873767657, 36.9979630528759], [-2.123690148186421, 36.997857643582805], [-2.1234379684329197, 36.997739499066505], [-2.123167011056527, 36.9976614183617], [-2.1227641253344376, 36.997641319033924], [-2.122760431757421, 36.99734652937688], [-2.122825236886037, 36.99728147552678], [-2.122822879175225, 36.997007338106336], [-2.122873919386433, 36.99685844113289], [-2.1227121505268527, 36.99668687832351], [-2.12265782761055, 36.996896506271284], [-2.1225710728625766, 36.997042885602625], [-2.1223622857801137, 36.9972759800365], [-2.1222731280038833, 36.99734779443524], [-2.122010233021291, 36.997340892277386], [-2.122032612096492, 36.99721251619103], [-2.1218301219769597, 36.99694672814952], [-2.1216238356375694, 36.99701109509213], [-2.1213397987884997, 36.99654647727398], [-2.1212897603801038, 36.996353654953964], [-2.121297551866541, 36.99625275426507], [-2.1213515352452488, 36.99610270789208], [-2.1214598610118784, 36.995936928415], [-2.1212088486994856, 36.995864669797605], [-2.121128854543313, 36.9956578339673], [-2.120934271744141, 36.99588751559787], [-2.1208239080733393, 36.99594664672263], [-2.120242471736412, 36.99612063826334], [-2.1199069670059307, 36.99606640988312], [-2.119953720745481, 36.99591982606446], [-2.119761606753512, 36.99561273201878], [-2.119809893073028, 36.995235672543146], [-2.1198888586599756, 36.994984853695755], [-2.1202132234979314, 36.9945814372012], [-2.1202945797789936, 36.99438679387251], [-2.1202954050276746, 36.99426637104555], [-2.1204770794969905, 36.99383026100383], [-2.1207659389247833, 36.993806350170075], [-2.121081678983075, 36.99360469847729], [-2.1212891168143826, 36.99338088070102], [-2.1212503122730575, 36.99319832742272], [-2.121265690274058, 36.993043578259446], [-2.1215031482910356, 36.9930033300317], [-2.1216419805210878, 36.9928721199484], [-2.1218865258122666, 36.99294892249685], [-2.121999056860196, 36.99282788368274], [-2.1221589206679603, 36.99279282920635], [-2.1220873664469537, 36.99244813989952], [-2.1214610053424425, 36.991958188459144], [-2.1213854915542525, 36.991811510209054], [-2.1212718931090477, 36.991409539750336], [-2.1211744993690917, 36.991260085277474], [-2.120142428847807, 36.99040466353648], [-2.1199414901949862, 36.98988928183877], [-2.119499429071119, 36.989313514961495], [-2.1191740359568496, 36.98897947028635], [-2.118353583892237, 36.98833986941874], [-2.118137935908072, 36.98800024141784], [-2.1177686110085396, 36.98778359130917], [-2.117149342887738, 36.98724950048853], [-2.1166439812175817, 36.98719517147051], [-2.116576206094232, 36.98666229134009], [-2.1165037085391116, 36.986498956205985], [-2.116406741458008, 36.986381951909955], [-2.115154471448406, 36.98559191732639], [-2.1149249886984047, 36.98541055448098], [-2.114559717434387, 36.985049608063754], [-2.1142758505674157, 36.98484864266291], [-2.113724181757787, 36.984583926018956], [-2.1133546557723477, 36.98429027985406], [-2.113039341730883, 36.984089076618694], [-2.112274636467658, 36.983206107609924], [-2.111898110900485, 36.98287770007786], [-2.111848152106201, 36.98277744948707], [-2.1118082948549217, 36.98256216370678], [-2.1112720660764888, 36.982130884023604], [-2.1109748004902915, 36.981799280966065], [-2.1103554878317956, 36.98094911809992], [-2.1102709551523646, 36.9808077736007], [-2.110221748056755, 36.980614321572666], [-2.1100554386219614, 36.98049066268907], [-2.1099769264707646, 36.98032448403809], [-2.109633347759411, 36.98016894191254], [-2.1093353162908124, 36.980087922529556], [-2.1088701723977965, 36.979894142965016], [-2.1078044357242463, 36.97923280114508], [-2.107898450376628, 36.97926397101678], [-2.1088824789068163, 36.97987891127856], [-2.1099824720417546, 36.98030126909142], [-2.110074317176559, 36.98048079849983], [-2.1102409594659406, 36.980604820418236], [-2.110292038736648, 36.98080153156628], [-2.1103754721042187, 36.9809407945568], [-2.1109937884592407, 36.981789687877935], [-2.1112890590523756, 36.9821189322733], [-2.111827283961323, 36.98255248035395], [-2.111916989819398, 36.98286783560414], [-2.1122918510935405, 36.98319442780077], [-2.11305733454266, 36.98407812364732], [-2.113369086760012, 36.98427641570319], [-2.1137381664583326, 36.98456978806726], [-2.114290173323624, 36.984834417027315], [-2.1145760360438532, 36.98503720011163], [-2.1149417581881282, 36.98539851040724], [-2.1151693476092905, 36.985578416843566], [-2.116423732519898, 36.98637017970245], [-2.116524023399875, 36.98649126509075], [-2.1165980502089874, 36.986658397537106], [-2.116660969300283, 36.98718366963379], [-2.1171675803835193, 36.98723683603175], [-2.1177833737494813, 36.987770179801906], [-2.1181543715226927, 36.98798792399074], [-2.118370575101473, 36.98832809693816], [-2.119072820000731, 36.98886000733324], [-2.1195181962800462, 36.989303648463945], [-2.1199821385157818, 36.989911397439855], [-2.120085072728876, 36.990252620403886], [-2.1201837119871945, 36.99042047387032], [-2.1211922576518054, 36.99125003076706], [-2.1212990222881025, 36.99142497449189], [-2.121367230212032, 36.991132159029036], [-2.121313765287107, 36.99092488856625], [-2.1213206851341115, 36.99082154750977], [-2.121495954407061, 36.9905605330811], [-2.1215799612489996, 36.99051581361527], [-2.1215636993639544, 36.9905032537462], [-2.121682489896298, 36.990394610872855], [-2.1218762695428057, 36.99031203269477], [-2.1223366765233402, 36.99023160618814], [-2.1225666079499654, 36.99000497311686], [-2.12293196771411, 36.98984487770182], [-2.1229661574468945, 36.989734706969344], [-2.123023063172734, 36.98968176363076], [-2.123719336457943, 36.98927766319178], [-2.1238370216703752, 36.98924535531605], [-2.123873548713467, 36.98913700438485], [-2.124114851627944, 36.98897635012447], [-2.1242829162359445, 36.988930896807375], [-2.124485380789987, 36.98895276227908], [-2.1242118386583777, 36.988514188956565], [-2.1240043730333342, 36.98835040784485], [-2.123830536647404, 36.98828196941428], [-2.1234038355656373, 36.9881975114396], [-2.123197750568941, 36.98823673335169], [-2.122518306106232, 36.98812480936048], [-2.122496213988041, 36.988218753807494], [-2.1222523478196864, 36.988260128597034], [-2.1214992051320753, 36.987892913845535], [-2.121056990230239, 36.98776993234906], [-2.12053950592269, 36.98771391208561], [-2.120426538413235, 36.987658629593994], [-2.1204524831025298, 36.98752306869785], [-2.1208576608101137, 36.987144045870366], [-2.1211106839928586, 36.986823663515516], [-2.121118575696727, 36.98667489825804], [-2.1208854083158695, 36.98649974386378], [-2.120848023504871, 36.986369933591405], [-2.121233458028553, 36.986153378503666], [-2.121329794134007, 36.9860523218141], [-2.121343030978774, 36.985966334607916], [-2.1212320603679524, 36.98576693130977], [-2.121304091555098, 36.985502718761], [-2.1215098493783473, 36.98557932957106], [-2.1223735265739814, 36.98570244689434], [-2.122450472184327, 36.98552850166945], [-2.1228951347375973, 36.985496091972905], [-2.123336782410009, 36.98568720944903], [-2.1234229513817584, 36.9856199691799], [-2.12373994613543, 36.98565800112483], [-2.1240172473422296, 36.985639765904374], [-2.1240177122879857, 36.98556981946993], [-2.123506849481909, 36.98546662687304], [-2.1229112361812206, 36.98522894117151], [-2.1224503962719434, 36.98511448537104], [-2.1217749933962953, 36.9848489813589], [-2.121416879693896, 36.98474239818307], [-2.1214344368704126, 36.98451519557783], [-2.1213213824522463, 36.984321275540175], [-2.121322182339721, 36.98403679462723], [-2.1212801054682804, 36.98387485930564], [-2.1222453978971343, 36.98384906754329], [-2.122281540887808, 36.98390858485462], [-2.1224669978295383, 36.98396214793788], [-2.122930757471539, 36.98404678836055], [-2.123501653809547, 36.98435198779794], [-2.1238693282379493, 36.9847125596212], [-2.1240740992365184, 36.984855683209126], [-2.124134537508004, 36.9850038712242], [-2.1241912821398587, 36.98506261149999], [-2.124416330153303, 36.98516216542734], [-2.1244440567787835, 36.98488022675615], [-2.1245587440685876, 36.984824553823366], [-2.124558934340029, 36.98479814373934], [-2.1245035314331817, 36.98474977981525], [-2.1239874665122547, 36.98456172318694], [-2.1237157098055865, 36.98439079659365], [-2.1236136296675157, 36.98427799700878], [-2.1235083624872284, 36.984002287935745], [-2.1236434022167283, 36.98389628685019], [-2.1236469854150286, 36.9837994110797], [-2.125710882716693, 36.98349218398767], [-2.1256917276951786, 36.98348213183899], [-2.1258067636990985, 36.98347918858107], [-2.126265943623654, 36.98363031128228], [-2.126748349163888, 36.98328266464904], [-2.12703553770024, 36.983293160088486], [-2.1272674666036258, 36.98322302253144], [-2.127244980828881, 36.98319715333038], [-2.127747463993029, 36.98308027306669], [-2.1277404266990545, 36.983131755334426], [-2.1278178617178964, 36.98327781289564], [-2.1278801872672264, 36.98352697157522], [-2.1277682746375404, 36.98394035013613], [-2.1277525438833598, 36.984117993840684], [-2.1276615503995746, 36.984253979907315], [-2.1270617452857317, 36.98424515824844], [-2.126828075199798, 36.98416258266413], [-2.126393013989249, 36.984102953083685], [-2.126468035234602, 36.98418481289881], [-2.1266834972405206, 36.98420884346976], [-2.1267523007039077, 36.98436286079772], [-2.1276594500039456, 36.98432968343578], [-2.128036924173189, 36.98446343252021], [-2.127911574917095, 36.984242656289865], [-2.127928835822487, 36.98386202485667], [-2.1279728504881392, 36.983726955460945], [-2.128174796917949, 36.983478025302674], [-2.1281830353530125, 36.98333701414084], [-2.12799187604429, 36.9833004548521], [-2.127955872688897, 36.98303095982738], [-2.1315286874535273, 36.98222349923436], [-2.13124553226796, 36.981966777132676], [-2.1313227994810693, 36.981782191547396], [-2.1315320280006027, 36.98181049448296], [-2.1317955205036907, 36.981750314221955], [-2.131305414212799, 36.9813940945052], [-2.1311090855790007, 36.98136777856963], [-2.131322130706465, 36.98117886832706], [-2.131579256218109, 36.98114487317149], [-2.1318103293403916, 36.98106011743617], [-2.1318268113725485, 36.98140926662265], [-2.1319411168851516, 36.98161373259934], [-2.1321812347388525, 36.981741772179525], [-2.1319069159629107, 36.98185542280059], [-2.1319892166315317, 36.98202873607843], [-2.1322078583254687, 36.98205437986892], [-2.132414386014439, 36.98215686614715], [-2.1321735116084444, 36.98226345580635], [-2.1320506968765134, 36.982263910041624], [-2.1321050187979464, 36.98243737922973], [-2.132262236547716, 36.98260330753621], [-2.1324997866763247, 36.98273070121758], [-2.132767810083732, 36.98279620943342], [-2.1331335411551198, 36.982786621429355], [-2.133226080614513, 36.982820379147384], [-2.133367261506655, 36.98320180329083], [-2.1334867269702276, 36.983268929512235], [-2.133553886626012, 36.98326238866905], [-2.1336486174157536, 36.98320205414113], [-2.133649679061017, 36.98307820722061], [-2.1337434253242606, 36.98295602823383], [-2.133720228621226, 36.9828217281335], [-2.133295487852968, 36.98252603245938], [-2.1330361381270224, 36.98228039554741], [-2.1325435032441495, 36.98199466677913], [-2.1323355475931085, 36.98179780095142], [-2.132467670712621, 36.981758739149086], [-2.1326699339176125, 36.981965650013066], [-2.1340341682828354, 36.98165164027673], [-2.133663803201279, 36.981436203578184], [-2.13362758627459, 36.981300276000894], [-2.133969410314479, 36.981476653527444], [-2.1342757195109754, 36.98158408310034], [-2.1342552502465897, 36.98158980655556], [-2.1345363877975707, 36.98165394611858], [-2.13478080285008, 36.981631119078706], [-2.135290477570384, 36.981838913533686], [-2.135343443339243, 36.981825056940664], [-2.1350041781380034, 36.98160137760145], [-2.1343457662786527, 36.98144108830582], [-2.134170451888509, 36.98136481187246], [-2.133807371682108, 36.981130769415316], [-2.1331136972232376, 36.98093036886607], [-2.132713265374742, 36.98078078352025], [-2.1320142829073236, 36.98038500070593], [-2.1319365464115045, 36.9802749101226], [-2.132129436224295, 36.980435600831434], [-2.1327245648763276, 36.98076527155546], [-2.1331222002182626, 36.98091375474173], [-2.1338171073253482, 36.981114434660235], [-2.1341829809017425, 36.98134984958686], [-2.1343553894989546, 36.98142475268721], [-2.1350443370383663, 36.98159725326925], [-2.135385719809338, 36.98183239591465], [-2.136352446778961, 36.98155530625901], [-2.136194366369112, 36.98131600166408], [-2.1359998667699482, 36.981177480672535], [-2.1359480540090523, 36.981173385216785], [-2.13589267005926, 36.98093962769688], [-2.1361106965751517, 36.980825742951914], [-2.136246334403434, 36.9808337609847], [-2.1363575030784068, 36.980998627746075], [-2.136542902106054, 36.981038196486296], [-2.1367194408704813, 36.980982384638764], [-2.136868245495685, 36.98099206617718], [-2.136908320333644, 36.9806472048374], [-2.13679645306156, 36.980116448163265], [-2.137260752374407, 36.980341752301015], [-2.1373599245331167, 36.98025566648245], [-2.1375462095737663, 36.97990754041992], [-2.137778586513566, 36.97959679707323], [-2.137830740850492, 36.97946547874513], [-2.137804749073437, 36.97946880550445], [-2.1378106934205237, 36.979429907435296], [-2.1376001470207067, 36.979419183650386], [-2.1369988335039194, 36.979218845708075], [-2.1366362365762592, 36.97914103101467], [-2.1364483811209225, 36.979031404418045], [-2.136291475987524, 36.97886746694228], [-2.136265351465237, 36.9787930902014], [-2.136314067041051, 36.97862821477803], [-2.1363214726663453, 36.97838056358776], [-2.136128073000665, 36.97810512543283], [-2.1358286985258976, 36.978001446935316], [-2.1357789051361915, 36.97794366415518], [-2.135785444324029, 36.97774296602996], [-2.135751172295184, 36.97760425876953], [-2.1355224422604158, 36.9772046174604], [-2.135240571163294, 36.97641833106004], [-2.1348962881739895, 36.975696671521455], [-2.1345680758501535, 36.975154239855556], [-2.134323813963681, 36.97463919155235], [-2.1342687622065273, 36.97456983613779], [-2.134055224215035, 36.974447578898065], [-2.1339515555826556, 36.97434586386485], [-2.133956119080122, 36.973943143521346], [-2.1338876482732614, 36.9733919676273], [-2.1336736233846545, 36.97272822416794], [-2.1333787419347323, 36.97198222157403], [-2.133131944171107, 36.971564054628416], [-2.1328070800247123, 36.971223740375315], [-2.1326356667774857, 36.9711028699652], [-2.1323853776613233, 36.97085432741827], [-2.1318041373183263, 36.97057478518897], [-2.131586466796363, 36.970303398662466], [-2.1313157444712636, 36.97015259395264], [-2.131183754961791, 36.96999333904099], [-2.131110451138705, 36.969543715834405], [-2.1311846376704606, 36.96899646659754], [-2.1311861567582686, 36.96865474985976], [-2.131164361490608, 36.968486836326484], [-2.1309976382114706, 36.968122164070145], [-2.130731009451608, 36.96785961655166], [-2.129984694039158, 36.96742904090799], [-2.1288291761518017, 36.9669066690201], [-2.127950551121824, 36.966466460631146], [-2.127808924819988, 36.9663156045026], [-2.127183847604011, 36.96535451989237], [-2.1268281091197654, 36.96468332625311], [-2.126867293745227, 36.96466540575112], [-2.1271052662085372, 36.96510388855911], [-2.1274261399140943, 36.96559202186039], [-2.1281642020823868, 36.96630956022373], [-2.1288942268770876, 36.96683701591939], [-2.1299973194508, 36.96733637741857], [-2.1305760674557246, 36.96765404023682], [-2.1311854582369976, 36.968172575817555], [-2.131243283597603, 36.96882806000795], [-2.131140767538345, 36.96951545286985], [-2.1312531341815806, 36.97003711482064], [-2.1313325411473287, 36.970127747554024], [-2.1316369052929045, 36.970274020770574], [-2.1317620314851813, 36.9704738789648], [-2.1318695751005805, 36.9705601198646], [-2.1324779991820457, 36.970849866155994], [-2.1326582355956574, 36.97105444838558], [-2.1328776173506183, 36.97119532004374], [-2.1332037393554133, 36.9715832381865], [-2.133407870831605, 36.97194971270763], [-2.133709190336719, 36.972702612990844], [-2.1338140218279533, 36.97312776562806], [-2.133922889661783, 36.97338519365709], [-2.134001606967598, 36.97402361141405], [-2.1339749476937246, 36.97431403416101], [-2.1340986351789644, 36.974423827665476], [-2.1342572564003137, 36.974494573963206], [-2.1343497560949807, 36.97460043945037], [-2.1346586104827843, 36.975225390685075], [-2.1349781004519186, 36.97572458062442], [-2.1353452060489055, 36.97656413133061], [-2.1355005575979282, 36.977083307543545], [-2.135795908290845, 36.977632348103356], [-2.1358219798595606, 36.97775107432484], [-2.135803169512171, 36.97794402107424], [-2.1358489570241024, 36.97798843370287], [-2.136046027744423, 36.978027998014], [-2.136146986134556, 36.97808191633947], [-2.1363582391302964, 36.97837821244655], [-2.136356290757931, 36.97866989702934], [-2.136306772980224, 36.97881628757181], [-2.1363316777612855, 36.97887929756787], [-2.1365547561384304, 36.97908337867938], [-2.1366514077686305, 36.97912085945164], [-2.137171058931529, 36.97923019346001], [-2.1375665322120665, 36.97938117005311], [-2.1377422504731745, 36.979401646671064], [-2.137985062280127, 36.979360863122295], [-2.138083842960911, 36.97938898344823], [-2.138018218291757, 36.979330004962385], [-2.137939660295289, 36.979182503450936], [-2.137882737708707, 36.97899955300673], [-2.1378867763413067, 36.97888059519832], [-2.1377444978383857, 36.97856523751952], [-2.1378120516766836, 36.978194253889036], [-2.1378353742553236, 36.977192136719765], [-2.138011497351362, 36.97687746864776], [-2.13813856643402, 36.97654883276741], [-2.1383525003143333, 36.97612888256545], [-2.1387352066975844, 36.975617039937276], [-2.1387680580750725, 36.97536379943839], [-2.1387091346070988, 36.97509925640647], [-2.1390278706982793, 36.974610565759505], [-2.1391371883807877, 36.97411116138452], [-2.1390811106339975, 36.97409263623079], [-2.1389970547143133, 36.97379518953927], [-2.1389585379545224, 36.97376363097387], [-2.1381714940233074, 36.974046919491094], [-2.1378561706276287, 36.97398333359543], [-2.1379089200370407, 36.97396821224946], [-2.138170252624907, 36.97401752423779], [-2.13897008557285, 36.973735860890805], [-2.139028697341621, 36.9737787427742], [-2.1391152471607198, 36.974074224408135], [-2.1415250917842825, 36.97296697437238], [-2.1410683078186943, 36.97270505344727], [-2.140659831066224, 36.97252397714127], [-2.140361672971902, 36.97243338944709], [-2.140171242743223, 36.97224352376304], [-2.1397807290698516, 36.97214379237447], [-2.139563022321564, 36.97205234330237], [-2.1393204892224054, 36.9718704818311], [-2.139091852679295, 36.97158253799897], [-2.13904820839187, 36.971427808455], [-2.139067600754836, 36.97123216089268], [-2.1391222195532777, 36.9711506179686], [-2.1394344677116734, 36.970877227764774], [-2.139478575764255, 36.970771270167965], [-2.1394569608365104, 36.97064554582865], [-2.139318577110956, 36.970314262769904], [-2.1393641191338353, 36.97001108509736], [-2.139273998650841, 36.969623452541136], [-2.1392415538386254, 36.96922244634078], [-2.138760060015752, 36.968304644996515], [-2.13850709294854, 36.96801363439752], [-2.138337769322946, 36.96775703354978], [-2.1382661998138337, 36.967617875812785], [-2.138247083301298, 36.96749000593077], [-2.1383511821131336, 36.967284156113664], [-2.138956780462306, 36.96653757692917], [-2.1394679980691427, 36.96576164533571], [-2.139803048236065, 36.964987139459865], [-2.1398974101417734, 36.96466754855999], [-2.140352437825199, 36.963741840426984], [-2.1408514276677577, 36.9631514162351], [-2.1412232665405617, 36.96288962953743], [-2.1415635834429767, 36.96256424390056], [-2.1417096757701137, 36.96235860434162], [-2.1417282307565078, 36.962116616936186], [-2.1418397015872315, 36.96177235888153], [-2.1418796009014995, 36.961520159353405], [-2.1417369531570745, 36.960668547838914], [-2.142013040927922, 36.96063989485646], [-2.1420009446684745, 36.960606725308956], [-2.142306796915986, 36.96048814013667], [-2.14254915147918, 36.96028220318552], [-2.142673733052959, 36.960060902545465], [-2.1436937250612873, 36.9593139538154], [-2.1438138993219806, 36.959134716494724], [-2.1449510793588344, 36.958935223466575], [-2.144981571031336, 36.958960768463136], [-2.1447340021056798, 36.96104036653266], [-2.1466748509368574, 36.96113897416707], [-2.1473562803105097, 36.96120633793369], [-2.1481434371603974, 36.961372346183325], [-2.148657107295587, 36.96082868746248], [-2.14906762707692, 36.960337831666074], [-2.1502581026658407, 36.95910302224896], [-2.150462515443632, 36.958821799149334], [-2.1506325609335404, 36.95848948966775], [-2.1507220548269657, 36.9582291682458], [-2.1508160637191316, 36.95705591909005], [-2.1508464407481656, 36.956828887885884], [-2.1509405072275656, 36.95655102118586], [-2.149705172796884, 36.956319264422596], [-2.149039284907665, 36.95615097630695], [-2.1486275202371687, 36.95608979285004], [-2.1475685610511004, 36.956209300444876], [-2.146764611840961, 36.95616395388095], [-2.146678155472581, 36.9562114685242], [-2.1465330393048565, 36.956382236545345], [-2.1464039877538412, 36.95640177117714], [-2.146248779347022, 36.95625904199674], [-2.146191113489601, 36.956081948725476], [-2.1465016739430136, 36.955800954690005], [-2.146585562547408, 36.95567148247971], [-2.146770196864457, 36.95518009216991], [-2.146798240574289, 36.95495178323713], [-2.1467145869108806, 36.95472808022188], [-2.1466709974205695, 36.95448681690751], [-2.1466183462843946, 36.95441396420699], [-2.1464298731032208, 36.9543134531408], [-2.145895312494795, 36.95420585569143], [-2.1458378802732234, 36.95413828664645], [-2.1458228732139215, 36.95401369232731], [-2.1458705484469505, 36.95401908322745], [-2.1458865935509377, 36.95414125116821], [-2.145942586756898, 36.95418681514509], [-2.146444180800379, 36.954279392096666], [-2.1466521905405793, 36.954390590176864], [-2.146713800056972, 36.95447594685994], [-2.146758580850079, 36.95472118497624], [-2.1468422366465965, 36.95494470769239], [-2.14681379650485, 36.95518842810141], [-2.1465910732006566, 36.95575138805085], [-2.146467111767131, 36.95588859487515], [-2.146233460172872, 36.956061700795516], [-2.1462651202061727, 36.95622400404215], [-2.146393018741413, 36.956358063517484], [-2.1465043673076933, 36.95635471738407], [-2.1466465382071647, 36.956186181784965], [-2.1467532051526397, 36.95612925732376], [-2.1475666033415646, 36.95617331966383], [-2.148645090398277, 36.95605521408551], [-2.1509592896555394, 36.956508337947426], [-2.1512161048570793, 36.95574513714791], [-2.1515866988800463, 36.95519422230055], [-2.1516772189391196, 36.95498249396493], [-2.1528519105322714, 36.9518807474135], [-2.1530744334828134, 36.95121603452535], [-2.153156674014638, 36.95121062207725], [-2.151747317151306, 36.95498155246129], [-2.151648799834083, 36.95521557898514], [-2.1512783144594274, 36.9557668553717], [-2.1511829159387554, 36.956023259022245], [-2.15091013044306, 36.95685900011076], [-2.150813252202861, 36.95779515496526], [-2.151593527952438, 36.95763685417057], [-2.1529915224054594, 36.95740326597984], [-2.1533232767561463, 36.95775322028884], [-2.1535005018452478, 36.95781614111438], [-2.156983115967947, 36.95724723646543], [-2.1571120045942016, 36.957252568425204], [-2.153500073676883, 36.95783452706814], [-2.153307630536746, 36.957766359624095], [-2.1529842179541685, 36.95742385643656], [-2.1517670051771978, 36.957622318665905], [-2.152107767851174, 36.95780774106957], [-2.1523046541769077, 36.95799177487156], [-2.1525494022559477, 36.958134323977696], [-2.152898517113136, 36.9582252400783], [-2.153907389074414, 36.95840108920818], [-2.154132677491581, 36.95855665715876], [-2.154279320507367, 36.95876466815779], [-2.154336265033088, 36.958927600077715], [-2.154314879150536, 36.95917533874369], [-2.1542302066734065, 36.95938665989824], [-2.154213089072818, 36.95958358874613], [-2.154179485313333, 36.959635992402006], [-2.154111536705384, 36.959696083890805], [-2.153871348921716, 36.959739623918374], [-2.1537460948777216, 36.95972016200537], [-2.1535284544394973, 36.95977657207612], [-2.1534024893321164, 36.95990250403044], [-2.153269147962323, 36.95995401596897], [-2.153260249682665, 36.96037212195155], [-2.1533789115170645, 36.96055081855032], [-2.1533282334683457, 36.96092779220306], [-2.1524700484174715, 36.96182904482911], [-2.151733591622493, 36.96227584843814], [-2.151923792286338, 36.962435676945645], [-2.152272414649007, 36.96243086499596], [-2.1521111930086865, 36.96400332441903], [-2.152687549153436, 36.96401636292767], [-2.1530898967376806, 36.96405970280612], [-2.1532841881158853, 36.96415510671053], [-2.153360371433524, 36.964061902193606], [-2.1535817174113423, 36.96355464620392], [-2.1537760313733223, 36.963663733039695], [-2.153728744337487, 36.96394743376699], [-2.153638139566451, 36.96410543803428], [-2.1535244590057583, 36.96419666270935], [-2.153243317672885, 36.96430553281996], [-2.1530666708508965, 36.96447301889553], [-2.152527518717992, 36.964873733988256], [-2.1520776116073357, 36.96556308334277], [-2.1519346545226634, 36.96585259018183], [-2.151578835997645, 36.96626199730051], [-2.151721792314987, 36.96682823596854], [-2.1529173356238185, 36.96639742019176], [-2.152774750574375, 36.96680174414383], [-2.1528649680134104, 36.967054244759396], [-2.15281390881628, 36.967262198703715], [-2.1528100423927325, 36.967438759373], [-2.152857457577378, 36.967661027392545], [-2.153086795969775, 36.96799069039422], [-2.1531908381210334, 36.96824328483281], [-2.1530908027767355, 36.968248074474694], [-2.152983461072667, 36.968335372991554], [-2.1530486051711226, 36.968386227111566], [-2.153405115972927, 36.96829997986654], [-2.153242023722339, 36.96794275579043], [-2.153325436638242, 36.96766373005311], [-2.1537367027482675, 36.96770488237619], [-2.153844633822814, 36.9675854922851], [-2.1534806466209004, 36.96742406738579], [-2.1535012317700257, 36.9671781263672], [-2.1538967844619026, 36.96693359607201], [-2.1544854766875, 36.967112575262334], [-2.1547169535123256, 36.96691355372393], [-2.1547030616996774, 36.96706301401821], [-2.1546122888718595, 36.96719541739849], [-2.154397613021056, 36.96724599075475], [-2.154369208947647, 36.967325654312404], [-2.1544293982795746, 36.96739891776436], [-2.155053662697998, 36.96780446262353], [-2.154998196804706, 36.96781347420338], [-2.1549366495421185, 36.96801540504375], [-2.155183466949284, 36.968258652078276], [-2.155728941338793, 36.96863977663427], [-2.1564658585757575, 36.96894834253682], [-2.1566274956772093, 36.96924605813784], [-2.1569595401136836, 36.96929566879764], [-2.157141708382875, 36.969589991404845], [-2.157376626553963, 36.96965007093413], [-2.15742548965762, 36.96969134219908], [-2.157662376910404, 36.97013399792995], [-2.1575861991430076, 36.970664934826225], [-2.157633381097789, 36.970950569091364], [-2.1579471728044184, 36.971550797199484], [-2.157956064558514, 36.97168237745761], [-2.1578349619110644, 36.97178337895078], [-2.1573830634068663, 36.97193034913726], [-2.157193785790457, 36.97196893853401], [-2.156744969147565, 36.971989102869934], [-2.1560188380871352, 36.97222660541743], [-2.155250236117257, 36.97232227839209], [-2.1551853453160073, 36.972358865012204], [-2.155249493547413, 36.97245045500649], [-2.155216316555375, 36.97248411232208], [-2.1549646937887865, 36.972471053864865], [-2.15451614105865, 36.97238529030153], [-2.1543613567243938, 36.97241321362381], [-2.153265084180907, 36.972788147344545], [-2.1525144312750832, 36.97295631454824], [-2.1522469400338338, 36.9730874543151], [-2.1518759432233385, 36.97321145401734], [-2.15104401724098, 36.973392732819846], [-2.1506860826298664, 36.973594614672095], [-2.1505402151506283, 36.97374987718173], [-2.1499916299223574, 36.97369808538619], [-2.149510554546161, 36.97393054598316], [-2.149305811560368, 36.97397496131524], [-2.1487571681529203, 36.97401961524508], [-2.148103164408704, 36.97401131848979], [-2.148093983044685, 36.9739379672334], [-2.1481247606377223, 36.97389816507067], [-2.148760973927508, 36.97362848970751], [-2.149297109827799, 36.97377766843999], [-2.149650076231109, 36.973739993812316], [-2.149809868270589, 36.97354507953308], [-2.1496426232131234, 36.973450584842766], [-2.1494513822273706, 36.97354377378648], [-2.1491847702825106, 36.97347416683284], [-2.149004881370144, 36.97355625880864], [-2.1483670908598764, 36.97332434749511], [-2.148156614478289, 36.97322755747702], [-2.148135071392427, 36.97298266757536], [-2.147984609554304, 36.97291479270776], [-2.147864243539739, 36.97269695721619], [-2.148100359719049, 36.9726698964378], [-2.1484250652192545, 36.97256730072157], [-2.1487358872175797, 36.97261117535392], [-2.1491187681937105, 36.97258038726337], [-2.1496651103509725, 36.97276233195184], [-2.1500970007799594, 36.97284033247888], [-2.150231818319387, 36.97290079120725], [-2.1504469705315254, 36.97287979099406], [-2.150421295350287, 36.972794242844394], [-2.149679979620152, 36.97261740006703], [-2.1487430601943807, 36.97224957732701], [-2.1489075253668974, 36.9720485680645], [-2.1492800389243594, 36.97181849140431], [-2.1498944922461933, 36.97162304348252], [-2.149557285693623, 36.97160828354371], [-2.1491810362848964, 36.97170988203904], [-2.1485246082074316, 36.97213326011252], [-2.1478131977410544, 36.97221694560047], [-2.147365508849564, 36.97203497982032], [-2.147237543853522, 36.97184350069322], [-2.1476043375813965, 36.97162348411989], [-2.1477654857549515, 36.971589125071624], [-2.147677452272956, 36.97135340291386], [-2.147771355753172, 36.971203720239245], [-2.148097637839111, 36.971140078003], [-2.1480861583763913, 36.971041109908064], [-2.1477353949034677, 36.97096287322871], [-2.147753881875161, 36.97087664994328], [-2.1480653225598783, 36.9708038870515], [-2.1479318435632084, 36.97058352364135], [-2.148444073050023, 36.970417010682], [-2.1490191186996173, 36.97047080202321], [-2.1500241991530595, 36.97034458719848], [-2.1500136661515823, 36.97025121484239], [-2.149002272878699, 36.970248301033976], [-2.14854436426785, 36.970056711387], [-2.1473206739497197, 36.97002115707686], [-2.147182606189667, 36.96977745458415], [-2.1472805906921, 36.970069455714146], [-2.1472006915989796, 36.97041394525848], [-2.147217019406764, 36.9711959538395], [-2.1471734311485435, 36.97130660547781], [-2.146984329838262, 36.97156061908603], [-2.147136466666522, 36.97207209572097], [-2.147139231444467, 36.97233830470615], [-2.147071164085172, 36.97266926758136], [-2.146817520843708, 36.97262543894674], [-2.1466556786491466, 36.972560725726495], [-2.1469137407851435, 36.97231883655144], [-2.1469535410801854, 36.972134962567274], [-2.1462852500482215, 36.97198206878553], [-2.146294517211515, 36.97195035092823], [-2.1457383490245427, 36.97188432825073], [-2.1469921070890092, 36.9735520002392], [-2.1469727926009856, 36.9735612362228], [-2.1459413076752862, 36.9721753747702], [-2.145729276295151, 36.97190666862589], [-2.145928295845709, 36.97215888525171], [-2.1458118262145507, 36.972148640123436], [-2.1458030504719554, 36.9724260293113], [-2.145613171983777, 36.972403581515934], [-2.145569308606201, 36.97266992095889], [-2.1444428406291456, 36.97247638666822], [-2.1442572264358244, 36.97283931236584], [-2.144373353113858, 36.97324425548475], [-2.1442816596389735, 36.973386379379896], [-2.144090632421818, 36.97356023818636], [-2.1440657518865613, 36.973625051113636], [-2.144182078829482, 36.97379139023741], [-2.1445377408540223, 36.974105303625194], [-2.14452986807953, 36.97413616556331], [-2.1444829311485876, 36.974123928610354], [-2.1444624441072597, 36.97421779896234], [-2.1443956045623995, 36.9742873575208], [-2.1444147574137467, 36.97436285416493], [-2.144475777871811, 36.974402145057304], [-2.144708972248223, 36.97439580264671], [-2.1449615040875263, 36.974287828861016], [-2.1452839446488197, 36.974338016015835], [-2.1455975742241296, 36.974442764871036], [-2.145799097506753, 36.97441582031852], [-2.1460236298865425, 36.97434008937879], [-2.1462432444455097, 36.97432237853275], [-2.1462146927954056, 36.97435390315225], [-2.1460304101699226, 36.974366730008505], [-2.1456156966455495, 36.974469847716854], [-2.1452746661685747, 36.97436400022155], [-2.1449741698246143, 36.97433064733431], [-2.144717342094484, 36.97445102977704], [-2.1446992038209878, 36.974696445586645], [-2.1447322303396326, 36.97492771714732], [-2.1448483042038795, 36.9751872604749], [-2.1453393342973675, 36.974920551059995], [-2.145499347905456, 36.974898446279354], [-2.145828094087807, 36.97526930751194], [-2.1462590131090176, 36.97563630989682], [-2.146218732136927, 36.975671806542785], [-2.1461175795271643, 36.97558463299236], [-2.145752846799254, 36.97524677598251], [-2.1454784086739953, 36.97493236919577], [-2.1453602551666755, 36.97494855550749], [-2.1449021397997137, 36.97521559222743], [-2.1448254009683994, 36.975215940896916], [-2.1447641496473544, 36.97512743105961], [-2.144675127965669, 36.974870065672604], [-2.144659701222818, 36.974491719206355], [-2.1444139397502897, 36.97442585744723], [-2.144358583650997, 36.97433270250247], [-2.1443569292105504, 36.97427977729379], [-2.144431631856776, 36.97419026392505], [-2.1444348987478, 36.97406904663236], [-2.1441460993675894, 36.97383403840793], [-2.1440098044589337, 36.973665031308364], [-2.143482320247085, 36.97347517407968], [-2.1434087610092742, 36.973572898020755], [-2.1437759983507436, 36.97384651363176], [-2.1434123066837363, 36.974109087522486], [-2.14341854596489, 36.9741538429114], [-2.1436290238824705, 36.97441010228876], [-2.1436557416091087, 36.974502239722526], [-2.143233808525172, 36.97486868704094], [-2.143112089772263, 36.975012936972774], [-2.1430704825649376, 36.97515659320948], [-2.143121223246997, 36.97529054968683], [-2.143236624864307, 36.975419203718786], [-2.143760501796383, 36.97570152157939], [-2.14391974273389, 36.975758107212215], [-2.144303321066053, 36.97581712109037], [-2.1451763458982502, 36.97608346970592], [-2.146343975933463, 36.976569889194984], [-2.1469192710107023, 36.976877081472054], [-2.147379776906319, 36.976910136494595], [-2.147629357031369, 36.97697656041281], [-2.14777718154969, 36.97708011297352], [-2.1480676503427056, 36.97746980777967], [-2.1479965975720314, 36.97747389510698], [-2.1482120858554064, 36.97761597257777], [-2.148344772979357, 36.977656496803846], [-2.148724893890766, 36.97762361708708], [-2.14890162902686, 36.97770402881362], [-2.1491992366489887, 36.97804915181493], [-2.149564505518571, 36.97838177384951], [-2.1496276227638136, 36.97862642026328], [-2.1496438258028614, 36.9788867758485], [-2.1496214097257536, 36.978972700744976], [-2.149530000792805, 36.9790390213228], [-2.148958176516896, 36.97921476090153], [-2.148816842443551, 36.9792946048523], [-2.148652096222829, 36.97933786343579], [-2.1485853342106354, 36.97940039378409], [-2.14862180464111, 36.97949521412553], [-2.148806364877965, 36.9795997499803], [-2.148924482805639, 36.97973815327369], [-2.148974285417055, 36.980028136001046], [-2.1490681456414427, 36.98009497292155], [-2.149302734132935, 36.98016678454336], [-2.1497650677970235, 36.98025960303211], [-2.1502272731023973, 36.98029283956271], [-2.150885224307926, 36.98061809182402], [-2.1512948101084577, 36.98093804956072], [-2.1515120040188185, 36.981453590822795], [-2.1515850490193418, 36.98152388265473], [-2.151836977289832, 36.981522167341524], [-2.152040503184446, 36.98156887249328], [-2.152382345192334, 36.98168633474208], [-2.152565685064537, 36.981790405348185], [-2.152595591273364, 36.98183938555896], [-2.1525731338170306, 36.98190899501929], [-2.152292858793418, 36.98211603281842], [-2.1522659812753617, 36.9821890360412], [-2.1523379800622577, 36.98235324770912], [-2.152428513546206, 36.98241663283479], [-2.152670952264101, 36.98248110224825], [-2.1530208415071836, 36.98246097355358], [-2.153570773073939, 36.98221403123179], [-2.1538159432755974, 36.98204153492321], [-2.154213597302004, 36.98161412178265], [-2.154381957020659, 36.98131559504391], [-2.1545316275459627, 36.98113205058886], [-2.154845690340243, 36.98100880946257], [-2.1550768946165486, 36.981163876682785], [-2.155207797782653, 36.98121420603127], [-2.1555207218974775, 36.98113242026581], [-2.155920292497701, 36.98119133022536], [-2.156195932749763, 36.98130155015069], [-2.1567122093074547, 36.9815979093055], [-2.157093174825419, 36.981714013385094], [-2.157608686036094, 36.981693604738105], [-2.158211910199456, 36.98158448526864], [-2.1584310574286167, 36.981590455988616], [-2.1586209454648553, 36.98168221427179], [-2.1588448909296627, 36.9818545299782], [-2.15912287580195, 36.98233425123297], [-2.159024674736593, 36.982385116740595], [-2.1587697963334365, 36.98192944659768], [-2.1586080893794883, 36.98176811849153], [-2.158420859837407, 36.98167980442556], [-2.1580369992350574, 36.981663110537724], [-2.1572705726584798, 36.9817869356275], [-2.157113431699523, 36.98177220857004], [-2.156833954108758, 36.98168413840849], [-2.1565035372600954, 36.98152854997841], [-2.156155680438486, 36.98131424445933], [-2.1559044030313412, 36.98121591611408], [-2.155551153097251, 36.98116454695427], [-2.155214721311435, 36.98126888126167], [-2.155113518459465, 36.981245625574665], [-2.154929681972769, 36.98111514378592], [-2.1548615278643575, 36.981100686617204], [-2.1546294286335024, 36.98118854488778], [-2.1542131150235244, 36.98176934258894], [-2.154160006826259, 36.98189786702008], [-2.153850752896336, 36.982185559258504], [-2.153021463758328, 36.982536606977426], [-2.152397522628805, 36.98258695987207], [-2.1522810256545006, 36.98246353515734], [-2.1521260968280616, 36.98237093476707], [-2.152039239914475, 36.982138289346345], [-2.1521596510672683, 36.98201015644548], [-2.152487245417623, 36.98190297336285], [-2.1525216408757784, 36.98185111694186], [-2.152492014148685, 36.98181746281806], [-2.152109254523531, 36.98163075014529], [-2.151869638071702, 36.981555753163036], [-2.151747387668336, 36.981545955651235], [-2.151540187985836, 36.9815973881841], [-2.1514883583457247, 36.981579530222824], [-2.151445893037292, 36.981498008908154], [-2.151404392753308, 36.981238554516125], [-2.1513031181131943, 36.98113083218308], [-2.1512051330780744, 36.980929295641424], [-2.150732813377478, 36.98057238137837], [-2.150116857887956, 36.980320263533535], [-2.1497470740729097, 36.980301480250674], [-2.1492581307074228, 36.980206938589276], [-2.148898435578534, 36.98001884847441], [-2.1488543519217562, 36.979931635693895], [-2.1488786178057118, 36.979750354168296], [-2.1487311826580506, 36.97958100224308], [-2.148556297341999, 36.97948545970407], [-2.1485334123807895, 36.97943184145977], [-2.1485576138990186, 36.979377389088505], [-2.148654298477194, 36.97930155206919], [-2.1487701574607723, 36.97927957699331], [-2.149028739934964, 36.97913368836905], [-2.1490627376657, 36.979157999937684], [-2.149194820731603, 36.979071418893525], [-2.1492646841492724, 36.97909355361107], [-2.149537346489416, 36.97899481430045], [-2.1496166189438672, 36.97891858131916], [-2.149550709026746, 36.9784806507724], [-2.149193267842795, 36.97814123401655], [-2.148867968455568, 36.977740294944695], [-2.148714222722255, 36.977663743837525], [-2.148278708384027, 36.97771704888608], [-2.1478838215495077, 36.97745136149899], [-2.1477470168205213, 36.97722601638796], [-2.147656360905649, 36.97716442965061], [-2.14730003197495, 36.97701863539913], [-2.146928359322853, 36.97694862927358], [-2.1460820512793752, 36.97654213479169], [-2.1455205489421765, 36.976347263010695], [-2.1449998579018357, 36.976116471172524], [-2.143673204912436, 36.975812964852985], [-2.1433824954556657, 36.975796508444155], [-2.143001660502843, 36.97558309840389], [-2.1428725362131456, 36.9753757413755], [-2.1426336550418967, 36.975598289396736], [-2.142292793630298, 36.97581766635909], [-2.1420800516764817, 36.975872738250956], [-2.1419420779967773, 36.97598342684761], [-2.141739743142124, 36.97607264695769], [-2.141403030271925, 36.97619235895168], [-2.1411618211799532, 36.976241544365415], [-2.1412536426518276, 36.9765487809558], [-2.1413823211369603, 36.97675559561656], [-2.1413062289806617, 36.97682824042276], [-2.1413988579594943, 36.977124214991406], [-2.1412908773703068, 36.97728505827339], [-2.1409767536127067, 36.9773731979653], [-2.140442145362927, 36.97744603907347], [-2.140125949676471, 36.97753893901629], [-2.139760252670039, 36.97785719449593], [-2.1396617473053694, 36.97804574238479], [-2.138859577720804, 36.978419279033766], [-2.138448211373409, 36.978559047381005], [-2.13875636821403, 36.978554914845034], [-2.138956793914849, 36.97866643181765], [-2.138931263935226, 36.97892792823213], [-2.1386315650407073, 36.97895207546474], [-2.138326873952027, 36.978840522334686], [-2.13800260479844, 36.97916033492898], [-2.138213108164781, 36.97933421428465], [-2.1382083565465564, 36.97944669843049], [-2.138282136727837, 36.979490390195075], [-2.1387058449843006, 36.97966861048245], [-2.1391212704637668, 36.9796946098974], [-2.1394140153880916, 36.97987963008008], [-2.1395326981995453, 36.979996322551], [-2.139639588474477, 36.98049179526421], [-2.1397467621065474, 36.98072270385257], [-2.139825169156905, 36.98080421479318], [-2.1403375303369407, 36.98112351246569], [-2.140517086915101, 36.98117276801128], [-2.141115953089478, 36.98155353428756], [-2.1413730250740635, 36.98167402047846], [-2.141890026526265, 36.98211098001885], [-2.1422835595032943, 36.9823573870452], [-2.14242087646535, 36.98264656228069], [-2.1424583210131534, 36.983014430805426], [-2.142507951902041, 36.983107455027934], [-2.143138227743523, 36.983815652498116], [-2.143544447295617, 36.984043577721884], [-2.1436216521621287, 36.984122733792844], [-2.1436597654804808, 36.98429166391706], [-2.143547501045648, 36.98442318206805], [-2.143507228967487, 36.98454755751442], [-2.1436681294800066, 36.98482860836718], [-2.1438355507771942, 36.9852397805234], [-2.1444141003412986, 36.98548246681404], [-2.1445592907964377, 36.9856818249621], [-2.144653573087112, 36.985751372621415], [-2.1447999595795673, 36.985793802368384], [-2.1450798934331843, 36.9858110527119], [-2.1454597157723785, 36.98574834467006], [-2.145839920679472, 36.98597346067445], [-2.1460887091515204, 36.98606295847318], [-2.1463277818277717, 36.98609685858312], [-2.146564641325014, 36.98606737267104], [-2.1467209116564097, 36.98598962205626], [-2.146850922345823, 36.98585849888899], [-2.146948291725351, 36.98568198000564], [-2.1470074235395082, 36.98544803641964], [-2.147088548940973, 36.98537776792824], [-2.14728659412262, 36.98525173029585], [-2.147670746301027, 36.98509259458463], [-2.14803223826535, 36.984779332879384], [-2.1482133441484623, 36.984741240589216], [-2.148234830914095, 36.984849835291456], [-2.147951296456929, 36.984913874415376], [-2.1477250802601424, 36.98512732869693], [-2.147152717835896, 36.98538706285287], [-2.147067773388546, 36.985457213806185], [-2.1470091166963474, 36.98567881141992], [-2.1468702018532246, 36.9859029871788], [-2.1467526554531866, 36.98601472934584], [-2.1465671281921734, 36.9861163375048], [-2.146334189955161, 36.98614684317904], [-2.1459979909200353, 36.98608655398375], [-2.145752479493933, 36.98598536115469], [-2.14546367421247, 36.985786232687616], [-2.1450609229101567, 36.985849496740165], [-2.144718542649516, 36.98581962731159], [-2.144589895680072, 36.985758395537914], [-2.144343239431191, 36.98548880683219], [-2.1437758126812843, 36.98526630202789], [-2.1437379669212917, 36.98530451955721], [-2.1437194015533807, 36.98528671786403], [-2.1435845218647516, 36.98495970226523], [-2.1433497849013583, 36.984519022860226], [-2.143352776341883, 36.98442259280267], [-2.143435997994668, 36.98428581734139], [-2.143206413164567, 36.98408783182822], [-2.1429614853423975, 36.98394553283207], [-2.142216102249357, 36.98315167937363], [-2.1417020076907716, 36.98304529204651], [-2.1414481952691466, 36.982663779671505], [-2.1409636693630243, 36.98221641652295], [-2.1407196025661963, 36.98209836727236], [-2.139999281247122, 36.9818467035975], [-2.139518246723918, 36.98158937865205], [-2.1391193623950477, 36.981420179670614], [-2.1387645125476085, 36.98134224733365], [-2.1387493112163973, 36.98145481422447], [-2.138639121146057, 36.981621227671546], [-2.1382081588218536, 36.98210513563575], [-2.138062779518646, 36.982153658105446], [-2.137836254419256, 36.98229371592478], [-2.1376102400585864, 36.982338677502234], [-2.137616845276047, 36.98243039961319], [-2.137971188174743, 36.98242413934266], [-2.137763297084045, 36.98289425099326], [-2.1372456825815007, 36.98262267922288], [-2.1370300914896485, 36.982470395233214], [-2.136968372401451, 36.982513124429495], [-2.1369037576479535, 36.98264308971483], [-2.13664316792633, 36.98357055571975], [-2.1365928301880395, 36.98394833400137], [-2.1366192260284853, 36.98407842015396], [-2.137162923414189, 36.98468812538999], [-2.137484393122803, 36.98495709615746], [-2.1376319021580743, 36.98526789464868], [-2.1376362995787797, 36.985505449902796], [-2.1374908148999805, 36.98598070148979], [-2.137440194866177, 36.986254815037206], [-2.137641925517155, 36.986679856353206], [-2.1376432189451675, 36.98694353008131], [-2.137698999317338, 36.98700910770689], [-2.137725001785513, 36.98716434022639], [-2.1373242700573165, 36.9876445878327], [-2.137193232489546, 36.98773557992585], [-2.1364998050298056, 36.987795529827174], [-2.1361665850741614, 36.98767060292353], [-2.1356844622313336, 36.9876757470548], [-2.1354476211553677, 36.98754395246707], [-2.135014602505726, 36.987450476003936], [-2.1347143918227167, 36.98742746531866], [-2.134388654090502, 36.98747511904543], [-2.133970061722961, 36.98788347220813], [-2.133555410728854, 36.98819161514755], [-2.133142108522046, 36.98864795923721], [-2.133021120812327, 36.98884295331743], [-2.1325020579192, 36.989072898210104], [-2.132316681569268, 36.98939632342424], [-2.131752359147373, 36.98973221105113], [-2.1309122751453855, 36.99009744651325], [-2.1306129206780122, 36.990324213928844], [-2.1303845351780453, 36.990584852889654], [-2.13034301971386, 36.99074716408571], [-2.1303858263820867, 36.99093533267639], [-2.1307310002388276, 36.991472129866295], [-2.130706016206291, 36.99186045240306], [-2.130847695792323, 36.99193171015805], [-2.1308719991974874, 36.99197840114179], [-2.1308381669297956, 36.992571555077056], [-2.1307794763632146, 36.99265324423091], [-2.130769717882417, 36.992631899371375], [-2.1307329219625375, 36.992655968119635], [-2.1308259519572625, 36.9930331704867], [-2.130848908072882, 36.993455020571226], [-2.1310960469212534, 36.99381847768591], [-2.1311821122999266, 36.99403715997803], [-2.131191772325893, 36.99414621175992], [-2.1310916598101333, 36.99439174551091], [-2.1309673501331887, 36.99451198561628], [-2.130619604653914, 36.994733350560026], [-2.130496163381153, 36.99486603604318], [-2.1300216564236445, 36.99500804746253], [-2.129893073473328, 36.99506912228517], [-2.129768271691376, 36.99520269843509], [-2.1296758581538664, 36.99524546904884], [-2.129352022685353, 36.99532070592246], [-2.129059473491889, 36.995539766834014], [-2.1290681786436383, 36.99560419171458], [-2.1291216945899514, 36.99566128335921], [-2.129404326733219, 36.99582912687582], [-2.129765036172866, 36.99596049404542], [-2.1300224519539457, 36.99598437557907], [-2.130024944965194, 36.99601215742279], [-2.129663378451225, 36.99681428968646], [-2.129638272131692, 36.99742021666872], [-2.1295960808554684, 36.99771034299315], [-2.1294724069367086, 36.99789242310847], [-2.12927098504951, 36.997954315073855], [-2.129257485821407, 36.99807374357842], [-2.129306510617372, 36.99844602223869], [-2.129237400221243, 36.99874117910308], [-2.1411756808881854, 37.00003019426777], [-2.1408152940148515, 37.00064622693705], [-2.140000866310109, 37.00073226834575], [-2.139534851369287, 37.00087645234696], [-2.1395984623628728, 37.00096624367418], [-2.140001185428502, 37.00103271213778], [-2.1402289524355855, 37.00114631796497], [-2.1403012219800717, 37.001225805371355], [-2.140308091936996, 37.00142416633002], [-2.1406763764772188, 37.00184463896359], [-2.1405953845559162, 37.0019508701544], [-2.140533954455135, 37.00210646017158], [-2.1403927053625074, 37.00223406908349], [-2.140259236437374, 37.002289526380515], [-2.139686267241754, 37.00239985418643], [-2.1396824291640844, 37.0025110608936], [-2.1412533094233783, 37.00244058875552], [-2.1415595143377955, 37.003085422191525], [-2.142257067013728, 37.004951160231194], [-2.141505169371602, 37.005089228942204], [-2.1404151146243016, 37.00512451683281], [-2.139568880799298, 37.005235568677186], [-2.13901140977937, 37.00570368189791], [-2.1381846892697847, 37.005708318267104], [-2.138051045829803, 37.0056192796236], [-2.137202273006764, 37.006034252775294], [-2.137195017914189, 37.006218719399456], [-2.136804096463156, 37.00626933064755], [-2.1365829806213914, 37.0066991387493], [-2.136509957175968, 37.0067160047598], [-2.1363975815283105, 37.00680361125609], [-2.1362551506241547, 37.00711374267493], [-2.1356532605682097, 37.006766828121194], [-2.1355391078855717, 37.006554705400596], [-2.1354360976122697, 37.0064703038812], [-2.1352113346977153, 37.00643801828747], [-2.1350950149185923, 37.00646691730215], [-2.1349703214335425, 37.00655038082253], [-2.13482288648691, 37.00647845504283], [-2.1344113301509333, 37.00639540864067], [-2.1342413779679044, 37.00631700802044], [-2.133878675678031, 37.00605962222792], [-2.1334939570002587, 37.00570228812372], [-2.1332433355170526, 37.00566106630938], [-2.133129187596467, 37.00577588396199], [-2.1330849191810737, 37.00591311629722], [-2.133119687487215, 37.006048311836544], [-2.1332442872712623, 37.00628007382687], [-2.1334353582987733, 37.00644850097979], [-2.133985943209928, 37.00657105567026], [-2.134625430040585, 37.00656517368196], [-2.1349112574735125, 37.00665451426783], [-2.1351824386832825, 37.00652821949832], [-2.1353444151798193, 37.00651705031626], [-2.135450625223099, 37.006586872325755], [-2.1356249849831093, 37.006841975844736], [-2.136175015892961, 37.00714317650827], [-2.1348154931045586, 37.008032703576305], [-2.1339673003630364, 37.00803598204563], [-2.133933210824884, 37.00818698589581], [-2.1332135642554935, 37.00852994797132], [-2.133143701798768, 37.008683939891455], [-2.133276559845467, 37.00894109179466], [-2.1333761148187333, 37.009062608141136], [-2.1336132526292957, 37.009163855524335], [-2.1334672468214757, 37.00925284070875], [-2.13326805055247, 37.009274732710935], [-2.1327495721112637, 37.009213434914855], [-2.1330084183359865, 37.009649261791544], [-2.133235880212318, 37.009870237001955], [-2.133344677923886, 37.010157861099266], [-2.133450301333641, 37.010299433046676], [-2.1335737681007028, 37.01036433480291], [-2.1338162688019637, 37.01038016700621], [-2.134083674699751, 37.010340292841754], [-2.134480296883168, 37.01019535436987], [-2.13461095659451, 37.01019098886279], [-2.134991441996986, 37.0105176403457], [-2.135197157434049, 37.01080353530901], [-2.1355055294420557, 37.01088817114448], [-2.135716912905254, 37.01120979793209], [-2.1358086166835464, 37.01128077593836], [-2.137070868946901, 37.01109516998238], [-2.13734049182695, 37.01095867314462], [-2.1374388914983204, 37.01094451505261], [-2.137530024032546, 37.01097663669025], [-2.137843809834368, 37.011219143209345], [-2.1379099855995074, 37.011430730331085], [-2.138211366484606, 37.01149791110267], [-2.139189301501994, 37.01129615561384], [-2.13957941714272, 37.01118008825687], [-2.1396526877229927, 37.01107181889965], [-2.1395832647212965, 37.01071913351572], [-2.1396141264602933, 37.01063372301588], [-2.139677966530047, 37.010554320622056], [-2.1398236982894994, 37.01046929201933], [-2.1400293010436555, 37.01045753127318], [-2.1399929664558917, 37.01049999496153], [-2.1397955870996204, 37.01055003516604], [-2.139668799233533, 37.01067955058829], [-2.139702208090502, 37.01100637473301], [-2.139646469970949, 37.011194636420356], [-2.139339747435316, 37.01131157922786], [-2.138719859082897, 37.01141993900231], [-2.1386891908589503, 37.01145820225295], [-2.1385004310524507, 37.01149117598847], [-2.138148216485769, 37.01161553759903], [-2.1379034056159663, 37.01158536497977], [-2.1376904596420885, 37.01150061749124], [-2.1376649855546104, 37.011297979571104], [-2.1374385377501497, 37.011085223035906], [-2.1373317629949957, 37.01117404737554], [-2.1366340216308592, 37.01123829206412], [-2.135857094111148, 37.01135738845428], [-2.1357141292411757, 37.01134643183278], [-2.135630009943037, 37.01127073150767], [-2.1354454429400374, 37.01098310290752], [-2.135093434367217, 37.010851005017564], [-2.1347935822951962, 37.0104312849519], [-2.134669773161827, 37.01031716482285], [-2.1345891339294116, 37.01029160768683], [-2.133891707695859, 37.010447962972755], [-2.1335690424411977, 37.01043406964859], [-2.133578032750102, 37.01063226579989], [-2.1336428136512224, 37.01077750560325], [-2.1332090663408443, 37.011132735570435], [-2.133031140979296, 37.01116172337325], [-2.132623481282164, 37.01115955587715], [-2.1324593232305005, 37.01155903384672], [-2.132301894568749, 37.01173275693855], [-2.13211340281597, 37.012127369112804], [-2.131890697343234, 37.012406976387275], [-2.13193512564489, 37.012473645318444], [-2.1320635013234748, 37.0125617508388], [-2.1321245459141984, 37.012659820228585], [-2.132198841039727, 37.013411510361955], [-2.132280421995976, 37.01358184280718], [-2.132463454793442, 37.01382592675327], [-2.1325106684892288, 37.01405261647735], [-2.132631855325677, 37.01413066315406], [-2.132683970018596, 37.01420360771724], [-2.132790062783487, 37.0146010043618], [-2.1328324365188793, 37.014848661468825], [-2.13281334949685, 37.01506432003012], [-2.1327667322154915, 37.01515051041381], [-2.132594269278052, 37.01524200525588], [-2.132573123226184, 37.01533217216929], [-2.132647234004735, 37.0154479142999], [-2.132672347104444, 37.01566146204457], [-2.132866268601833, 37.015857944720274], [-2.132989395443347, 37.016082124066024], [-2.1334286820101043, 37.0163701788228], [-2.133543559147, 37.01652912527137], [-2.13366020857518, 37.016819145314464], [-2.133797317284185, 37.016950760749964], [-2.1341795195488142, 37.01714852529015], [-2.1342567624137403, 37.01725608640891], [-2.134278470160855, 37.017403625595534], [-2.1343477385424108, 37.017153898996106], [-2.1342967123058827, 37.01686579612021], [-2.1342184954505887, 37.01669549415935], [-2.1342349298609338, 37.01654489799539], [-2.1344416007829206, 37.016420658628235], [-2.1347844644174767, 37.016112261920426], [-2.1355815571387518, 37.01576597918659], [-2.1357808328245196, 37.015629334232834], [-2.136083287720907, 37.01562279275504], [-2.136476939990825, 37.01572255964777], [-2.136859612115489, 37.01546195543622], [-2.137004663040395, 37.015318964676126], [-2.1370780078988796, 37.01514516489405], [-2.137018855365957, 37.014570895680784], [-2.1370535060874105, 37.014369501706824], [-2.137121580671149, 37.014204411748885], [-2.137292647947324, 37.01403682091118], [-2.137485862219577, 37.01393852911993], [-2.137598351584144, 37.01392176908857], [-2.1375843734776665, 37.01399441149587], [-2.1374552449252104, 37.01402186752691], [-2.137298974311735, 37.0141135770996], [-2.1371677049949778, 37.01428064152852], [-2.137095840146008, 37.01457217661254], [-2.1371530521950635, 37.0151590514534], [-2.137071882901394, 37.01534883952485], [-2.136913973876942, 37.01550561860019], [-2.1364986293750383, 37.015782661377166], [-2.136069560546574, 37.0156835381405], [-2.1358137002739395, 37.015685010427596], [-2.135623236639047, 37.015817753406985], [-2.1348278377418004, 37.016163327635155], [-2.134492899377164, 37.01646673436073], [-2.134301551881177, 37.01657792498759], [-2.1342935031117793, 37.0166829708949], [-2.1343720828899344, 37.01685102192524], [-2.1344250722563087, 37.017154372949285], [-2.1343794681711947, 37.017369297437526], [-2.1342876727305264, 37.017543681972455], [-2.134301098765218, 37.017915882665726], [-2.1342756909474607, 37.0180444188964], [-2.1341667263960327, 37.018315124592625], [-2.1341681822601366, 37.018444397637346], [-2.134086399985464, 37.01854854493219], [-2.134076512520251, 37.018637261821944], [-2.1336173671601664, 37.01911670653726], [-2.133452618476154, 37.01951806943448], [-2.1334870542694486, 37.019633611405155], [-2.1338071214409107, 37.01984958261257], [-2.133958472498409, 37.01990549309297], [-2.1340867534431394, 37.01991409122639], [-2.1342235561053267, 37.019894897783516], [-2.134366080712364, 37.019807328797796], [-2.134535695517632, 37.01977936022764], [-2.1347267839911623, 37.019701609800435], [-2.13511130726605, 37.01969603434868], [-2.1349628312671993, 37.01931708041759], [-2.1357095468230343, 37.01890561845644], [-2.135838665981963, 37.01880037250455], [-2.1359867021468046, 37.01867245842767], [-2.1364476740574037, 37.018069799218374], [-2.136614906395259, 37.01799367491414], [-2.137169642560345, 37.017926407959514], [-2.137405549229683, 37.01785105225981], [-2.1376091759957165, 37.017737421925645], [-2.137916795416018, 37.017652580655344], [-2.138047149116566, 37.017477391648335], [-2.1380501939145677, 37.017297406295455], [-2.138099447703816, 37.017176433978015], [-2.1381399839763233, 37.017150497295624], [-2.1383959071105036, 37.01707420327476], [-2.13896163893377, 37.017037926153975], [-2.1394470292520418, 37.016699180817994], [-2.139815206852161, 37.01749410126832], [-2.1398033823334366, 37.018512606632356], [-2.1398821118460565, 37.01867858638565], [-2.1401742219781243, 37.018982586115676], [-2.1404752006676904, 37.018898681678046], [-2.1409426983777613, 37.01892153738621], [-2.1413003611444577, 37.01888554559138], [-2.1417506113187055, 37.018922695902354], [-2.1420763603342707, 37.018885118832465], [-2.1422636659150527, 37.01881300774663], [-2.1422536230015727, 37.01887639456454], [-2.1427206180081715, 37.018613852565274], [-2.1429222065548923, 37.018440975591126], [-2.143471096686736, 37.01824338738458], [-2.1436031277965, 37.018148069458], [-2.1437136322937818, 37.01801762125654], [-2.143854867151846, 37.01775317436335], [-2.1439469794783985, 37.01764882433763], [-2.1442144712471407, 37.01747281485125], [-2.144915460831409, 37.01722357950016], [-2.145596457139806, 37.01727319906914], [-2.1458182037945073, 37.01723675578895], [-2.1459474830082175, 37.017165933825126], [-2.146012355784246, 37.016893723384584], [-2.14620686306239, 37.0166398429005], [-2.14661759800808, 37.01639986655618], [-2.14675819060083, 37.01626205993591], [-2.1472260934664305, 37.0161266957881], [-2.147408539713667, 37.016015600530295], [-2.14749141471469, 37.01592245348649], [-2.1475048846185807, 37.01576318045928], [-2.1474774453741206, 37.01560370368935], [-2.1475146085945034, 37.01541647677633], [-2.1476164220220637, 37.015187618237654], [-2.147591944657557, 37.01494361021567], [-2.1473937530287253, 37.01456269159966], [-2.147427995283045, 37.01443565808626], [-2.147519535858661, 37.014381690063615], [-2.147757349519297, 37.01430479942331], [-2.1490259331454498, 37.01409774396075], [-2.1503402629022967, 37.01361778403927], [-2.1509910765676357, 37.01333660361001], [-2.1511128064584897, 37.01332701801617], [-2.151559709265852, 37.01339989315337], [-2.1516601332913554, 37.01335536011424], [-2.151721792681396, 37.01327909057814], [-2.151753530560375, 37.01316429706955], [-2.1517160045103068, 37.01262724157528], [-2.151757054751011, 37.01245329174061], [-2.151979638878157, 37.01224890944441], [-2.1524856210217753, 37.0119711025808], [-2.1526768250894084, 37.011940287416934], [-2.153616878556143, 37.01210122736053], [-2.153864470926924, 37.01209415904042], [-2.153999914767141, 37.012043744058495], [-2.154046250539849, 37.011899487579164], [-2.1540144432919552, 37.01164569312342], [-2.153896266776836, 37.01152766684022], [-2.153690262672897, 37.011413345450045], [-2.153682684460845, 37.01137705456907], [-2.1537739938043488, 37.01129252206829], [-2.1542011297218595, 37.01117090143095], [-2.1544665198157955, 37.01100792391333], [-2.1545149334426537, 37.010919479550715], [-2.1544863617232655, 37.01063731368138], [-2.1545158806421205, 37.010560002372266], [-2.1547613592247945, 37.0103779526123], [-2.15506547017084, 37.00980402431953], [-2.1552983806944592, 37.00962991102083], [-2.155572799801783, 37.009584810058904], [-2.156045889253162, 37.00962585435948], [-2.1563230359656864, 37.00970002817348], [-2.156417591315336, 37.00999257376652], [-2.156672894922372, 37.01027373650489], [-2.1568092346020684, 37.01032491402784], [-2.1576204845305083, 37.010452996969136], [-2.1579213741063796, 37.01044422518913], [-2.1586656981082446, 37.01052585397659], [-2.1587758465134392, 37.01046515832941], [-2.1587987783902873, 37.0103731963246], [-2.158715917436131, 37.009946785309104], [-2.1587120543983938, 37.00979757383223], [-2.1587462278995972, 37.009674863139864], [-2.1588788227905242, 37.009566100814034], [-2.1592794928855668, 37.00946798139163], [-2.159603843795737, 37.009338581963746], [-2.1598878557132783, 37.009299848831084], [-2.16058223196261, 37.00929250291986], [-2.1610668328810925, 37.00939075831889], [-2.1616017952532647, 37.00931512406318], [-2.162036193912796, 37.0091743262248], [-2.162174162262138, 37.009220641461134], [-2.162338180087898, 37.009371884798405], [-2.1625404224391733, 37.009440467487245], [-2.1634454854941008, 37.00945956053438], [-2.1639331510243873, 37.00932003261289], [-2.1640095626293316, 37.00923980411324], [-2.164284571426139, 37.00869881875335], [-2.1644911150787287, 37.00866196285828], [-2.1650849627985798, 37.00869967468569], [-2.1653532019735704, 37.00847882177351], [-2.165515358307976, 37.008101642636944], [-2.1655780676463485, 37.008071615716396], [-2.1659399993623887, 37.008019353781265], [-2.1662290666821296, 37.00805266402161], [-2.166464084849985, 37.007970933950304], [-2.1668672833617784, 37.00796853684152], [-2.1670823760253533, 37.00792046873593], [-2.1672206078701324, 37.0077675671863], [-2.1672899138731223, 37.00760670013589], [-2.167346786580552, 37.007338837945994], [-2.1673731386734163, 37.007303236633554], [-2.167639519282138, 37.007221363660676], [-2.167845847416844, 37.006832587776685], [-2.167966959401142, 37.00668263008574], [-2.168010168166783, 37.00669879790823], [-2.167866344422804, 37.00685977395609], [-2.167838744836155, 37.00700984640117], [-2.1677066047687137, 37.00723310182813], [-2.1676190565086326, 37.00730442078929], [-2.167433443165763, 37.00733899517357], [-2.167384920342848, 37.00738751148565], [-2.167291240853157, 37.00774264287866], [-2.1671452793113546, 37.00794470754358], [-2.1669750991872085, 37.007997057239464], [-2.1664306468136645, 37.00801721212611], [-2.1661963898854237, 37.00810075030814], [-2.1659305472704293, 37.00806147358521], [-2.1658343893733933, 37.008097575506774], [-2.1656123062528487, 37.008096104503345], [-2.165542028609381, 37.00817069827869], [-2.1654603235262284, 37.00844748920826], [-2.1652701319844563, 37.008582260838175], [-2.165129644002808, 37.00874569075088], [-2.1649734623376062, 37.00876135829192], [-2.1645175264664527, 37.008713529446204], [-2.164344758105358, 37.00874530486174], [-2.164270245279226, 37.00881644266812], [-2.1640167189639548, 37.0093253086539], [-2.1639462398233573, 37.009377004097495], [-2.163568852423633, 37.009494773969344], [-2.16332583532071, 37.00951595691922], [-2.162928438023068, 37.00947033745804], [-2.162512163558811, 37.00950616149497], [-2.1623547441747624, 37.00945006422758], [-2.1621579333870327, 37.009275783617106], [-2.162060544147512, 37.009229214028665], [-2.161918139548178, 37.00924912131814], [-2.1616656346960665, 37.00935640911861], [-2.16112039889, 37.00943611755126], [-2.160594577712727, 37.009335046870795], [-2.1596337176215945, 37.00940207280712], [-2.159302174835144, 37.009551703196045], [-2.1589683945171596, 37.00959774426447], [-2.158836326995736, 37.009648459334606], [-2.158791353943202, 37.00976180893751], [-2.1587889664828026, 37.01009062350095], [-2.158893844525542, 37.010416326739445], [-2.1587908665746416, 37.01055053859387], [-2.158635032390545, 37.010585220065856], [-2.1579162284036904, 37.01051278630732], [-2.157644928399244, 37.01053988652454], [-2.157368674411709, 37.01047608838753], [-2.156781378094166, 37.01040458141229], [-2.156628082363612, 37.01032137329816], [-2.1563731139521685, 37.01004039313121], [-2.1563132268639715, 37.00992647935092], [-2.1562996426574026, 37.00980297916208], [-2.156245059352584, 37.00972786837243], [-2.155569034593601, 37.00964067095489], [-2.155344204316236, 37.009673775471626], [-2.155098252884278, 37.009888720224396], [-2.1548563979998394, 37.010372589974374], [-2.154634022046412, 37.01059996534473], [-2.1545983828177784, 37.01071229809286], [-2.154625887868875, 37.01091828685016], [-2.15457958147249, 37.01101945620772], [-2.1543619529231255, 37.01116303334793], [-2.153791209968857, 37.011331405625334], [-2.1537459139775463, 37.011371736408805], [-2.153979980131739, 37.01149969332811], [-2.154117954317019, 37.01169754112183], [-2.154162326720786, 37.01196368433374], [-2.154090062772478, 37.01210460109964], [-2.153828264436627, 37.0121763802542], [-2.1534506881399227, 37.01219757496872], [-2.1527738340040896, 37.01203103123314], [-2.152489133246509, 37.01206983246707], [-2.152160248624177, 37.01222072365645], [-2.151805046347355, 37.0124841025341], [-2.1517817229192584, 37.01267115944206], [-2.1518508163170478, 37.013179595291945], [-2.151776336651348, 37.01334744701885], [-2.1517029817524955, 37.0134140779997], [-2.1515101855127137, 37.01347651979322], [-2.1511859006881777, 37.013415248368965], [-2.1510986525323545, 37.013427244088035], [-2.150656832016028, 37.013564342771375], [-2.150305408688798, 37.013739676001386], [-2.1491893299644156, 37.014162104582056], [-2.147781269970774, 37.01437726002554], [-2.147554780121687, 37.01445676051613], [-2.1474832949193345, 37.01455684470377], [-2.147715289635662, 37.014950715867776], [-2.147742317729213, 37.015127406636324], [-2.1477227852760907, 37.01524580216458], [-2.147594176051285, 37.01554892503191], [-2.1476400979872703, 37.01580480542466], [-2.1475971361313952, 37.01593754537988], [-2.147477800930846, 37.016064413841065], [-2.1473159077447037, 37.01615699764041], [-2.146784028973513, 37.01632381219933], [-2.146683054498114, 37.01642701906163], [-2.1461969887445065, 37.016758307619135], [-2.1460919500487914, 37.01690312998439], [-2.146062369615521, 37.01714566753762], [-2.1459818787251823, 37.017296705896605], [-2.145807212192494, 37.01737513363395], [-2.1456671819180224, 37.01738205352946], [-2.1449852761507926, 37.01726302355643], [-2.144227664630752, 37.017509236913476], [-2.14396787127847, 37.01771045136556], [-2.143758464999169, 37.01807951120735], [-2.1435645623309543, 37.01825893526584], [-2.1434583339845235, 37.018318833609115], [-2.1430337338580627, 37.01843980243824], [-2.142715304593028, 37.01870656948664], [-2.1425047065712315, 37.018780766512286], [-2.142160879990576, 37.01898650771125], [-2.141669292721487, 37.01900647991317], [-2.1416082754573385, 37.01931414116713], [-2.1422573527479685, 37.01980460544081], [-2.14242997611296, 37.01999829999672], [-2.1431580076539487, 37.02033672087279], [-2.144222661157583, 37.0205007083521], [-2.1442451781340384, 37.02081843815161], [-2.1444305149445757, 37.02117276744664], [-2.144555192299691, 37.02173317260994], [-2.1447171833114758, 37.021984211619994], [-2.1447624357148234, 37.02217942298847], [-2.1450520509642748, 37.022277600439715], [-2.1453216923858736, 37.02222203276607], [-2.145564636535827, 37.022121562223695], [-2.1460320652816014, 37.021750750936036], [-2.1462939724934773, 37.02161255604432], [-2.1464661485423204, 37.021566650753], [-2.1476979810983936, 37.021480585990645], [-2.1482932394578467, 37.021490182722076], [-2.1489315783927023, 37.0210642481793], [-2.149592567196059, 37.02080478301327], [-2.1499099207183567, 37.02056259385736], [-2.150121373549762, 37.020310541164484], [-2.1502559477129974, 37.02001674755342], [-2.1504313345044825, 37.01994444807002], [-2.151135686392291, 37.01978732451149], [-2.1516708853641986, 37.019505223689], [-2.1521521149521567, 37.019324864885895], [-2.1523682805955513, 37.02062083754408], [-2.152823867495189, 37.02100899403357], [-2.1531743242264483, 37.021459583087044], [-2.1530456731393297, 37.02202060537491], [-2.153221481710271, 37.02292336242418], [-2.1534121298615094, 37.02281339832285], [-2.1535998859287933, 37.022801937636245], [-2.1538351686178494, 37.02292467527626], [-2.1542536562353423, 37.0232437839409], [-2.1545904147132706, 37.02333993050152], [-2.154820745585539, 37.023534473465254], [-2.1549555311785893, 37.02352497701995], [-2.1554584878960052, 37.02341461919463], [-2.1558787311725855, 37.02340318678137], [-2.1560612646376844, 37.02335580884628], [-2.1561567098139753, 37.02325417732338], [-2.1564089006221705, 37.02283501087761], [-2.156504256181447, 37.02273121503343], [-2.1566449322796872, 37.02266668223128], [-2.1574104205178677, 37.02260361730749], [-2.1580243459749147, 37.02242012060174], [-2.1585318827759457, 37.02231185540977], [-2.1592222525210385, 37.02227077687314], [-2.159345842133772, 37.02220584935808], [-2.1594065475688207, 37.0220936929542], [-2.1594349274242313, 37.021874850701], [-2.1596971787670545, 37.02159150107587], [-2.159516416251884, 37.02138686218539], [-2.159279068855714, 37.02132866228503], [-2.1593088456383565, 37.021125879586926], [-2.15953800064793, 37.020856177549824], [-2.159815216518989, 37.0206932722066], [-2.1599784200932723, 37.02043013333605], [-2.160054665859428, 37.02037658826374], [-2.160402522972844, 37.02039383312289], [-2.1606392473795197, 37.02030410449114], [-2.160696958837128, 37.02023897995697], [-2.1607437284649915, 37.02005461120263], [-2.1606466374061024, 37.019744739811664], [-2.1607647223913213, 37.019351932371016], [-2.160847171108649, 37.01920441324243], [-2.1610266292403106, 37.0191293324308], [-2.161199014842461, 37.01875628426715], [-2.161405224114817, 37.01876269943571], [-2.161561782030218, 37.01866356851661], [-2.161631314750103, 37.01851478571984], [-2.1616800744859423, 37.01825128648956], [-2.1618487821511363, 37.01802838679907], [-2.161956403547161, 37.017994352309806], [-2.1620664998568775, 37.018010814351705], [-2.162409296340357, 37.01817017044846], [-2.1626697632962553, 37.01845649467185], [-2.1630003558091953, 37.018498939773096], [-2.1630706266272823, 37.01846707464513], [-2.163429199485212, 37.01810038401285], [-2.163422978944737, 37.01792952680057], [-2.16328821745042, 37.01769177536205], [-2.1633886426396964, 37.01740096622901], [-2.163389261532412, 37.01729325166174], [-2.1632971813266986, 37.017100330939556], [-2.1633291727807626, 37.01702249407013], [-2.163403801596424, 37.016972360756206], [-2.163765070395384, 37.016902523526944], [-2.1638637627041692, 37.01691322463035], [-2.1640007703400626, 37.01699730023164], [-2.1640958578015446, 37.01715238222684], [-2.1641706965251, 37.01736014437072], [-2.164473074197406, 37.017566443918405], [-2.1644632828196446, 37.017793350939556], [-2.1646016779613997, 37.01788437650104], [-2.1650334711645303, 37.01800622172403], [-2.165418645277602, 37.01800190017844], [-2.165535142170688, 37.01790599773268], [-2.165500844261364, 37.017629563388645], [-2.1655471473797503, 37.01753803492663], [-2.1658085134865073, 37.01740366886306], [-2.1659082119899598, 37.01724013205418], [-2.166024762852037, 37.01712935615694], [-2.1661999841629527, 37.01702908821889], [-2.1665829340216347, 37.01691919166996], [-2.1670802926100916, 37.016554099872714], [-2.1671849784552206, 37.01625304116971], [-2.167393857601899, 37.016014189864606], [-2.167410020710984, 37.01594426338845], [-2.1673659376951404, 37.01562656618409], [-2.1671777235416214, 37.01547579101417], [-2.167132363035604, 37.01539885247004], [-2.167147102158371, 37.01531521453377], [-2.1673439165134325, 37.014935297406836], [-2.1675242557613528, 37.01493250623246], [-2.167988996362282, 37.01506250425651], [-2.1681643344208066, 37.01518803844091], [-2.1682311769236637, 37.01528459771357], [-2.168389705174039, 37.01536422190124], [-2.168517821999938, 37.015501052891366], [-2.168586551343735, 37.015507033051605], [-2.1691650979422956, 37.01520983224087], [-2.1693136071075485, 37.015022386125516], [-2.169690236904185, 37.01500645271554], [-2.1699641023042493, 37.01494094272812], [-2.1700440232257576, 37.014982425905906], [-2.1701207722477664, 37.01509852396238], [-2.1701751758957992, 37.01509872411057], [-2.170253585611729, 37.01515516005963], [-2.1702920299174377, 37.01520680947181], [-2.1702652320543896, 37.01539700082853], [-2.170313965222415, 37.01539148235675], [-2.1704201737312427, 37.0153311089569], [-2.1707471303881847, 37.014973369161204], [-2.170934972378113, 37.01492096179842], [-2.170829284168497, 37.014830081954024], [-2.170447562388605, 37.01476647863587], [-2.1703649507342573, 37.014724345927725], [-2.170049755105149, 37.01440421312192], [-2.169935664525607, 37.01433157243534], [-2.169054256099766, 37.014405720190595], [-2.1688782913564686, 37.014378527233575], [-2.1683963384232245, 37.01419847371971], [-2.1680073362808514, 37.01430823917916], [-2.1679196001147325, 37.01411770054492], [-2.1682698538435536, 37.01401523117743], [-2.16827637142049, 37.013789021824316], [-2.1681835133688883, 37.01297520494265], [-2.1682780002654995, 37.012412663306655], [-2.168264026138219, 37.01230250263611], [-2.168066507500162, 37.01205719535469], [-2.167033045642053, 37.01097735730574], [-2.166675141870512, 37.01069035822304], [-2.1665543161117133, 37.010494173159536], [-2.16652106457085, 37.010337994865246], [-2.166535532717038, 37.01012473156611], [-2.166587084177117, 37.00995346418918], [-2.1667494354953716, 37.00966164430562], [-2.1667567744124474, 37.009565965557954], [-2.166607972519982, 37.00936886296721], [-2.166093859044367, 37.00893626823697], [-2.166020752319106, 37.00874510524175], [-2.1660607114447887, 37.00853409432937], [-2.1662422502461505, 37.00838871407873], [-2.166563276200801, 37.00834616858139], [-2.1670660952092162, 37.00837214379729], [-2.1675499855229168, 37.00853581050536], [-2.1677026349846864, 37.00852444158924], [-2.167839310341972, 37.00846275164188], [-2.167907562861347, 37.00835722375668], [-2.1679107877611163, 37.00822636086819], [-2.167870076002044, 37.00814602974776], [-2.1676168950118635, 37.00787319872603], [-2.167586125981492, 37.007664485553306], [-2.1676652773475857, 37.007436081175314], [-2.1679630950698185, 37.00718153646649], [-2.16805715028389, 37.00680188862147], [-2.168102742526229, 37.006733430200825], [-2.1681338498068525, 37.00674617791613], [-2.1680880184818685, 37.00682626293292], [-2.168011534893367, 37.007192152185674], [-2.1677085595493373, 37.007455855284135], [-2.1676355408475674, 37.00766816736703], [-2.1676631388261005, 37.007858469415716], [-2.1679507361437658, 37.00819112518202], [-2.16796300189164, 37.008334175638694], [-2.167901999590507, 37.008465444724564], [-2.1677646388615743, 37.00854876390391], [-2.167586056334088, 37.00857788917361], [-2.1670029287619768, 37.008402889428396], [-2.166397705744715, 37.00839827938544], [-2.166195080882971, 37.008457250812775], [-2.166085038925104, 37.00860160097948], [-2.166070131229544, 37.008741846561186], [-2.1661375640911893, 37.008917375180864], [-2.166698856459719, 37.009393839342444], [-2.166805307824006, 37.00955783299726], [-2.166797544451166, 37.009671807493085], [-2.1666341473166173, 37.00996677505145], [-2.1665831825205224, 37.01013579303148], [-2.166570550983674, 37.010335277586655], [-2.166601872057557, 37.01048296901158], [-2.1667144110904104, 37.010666025328305], [-2.1670403863699157, 37.01092269294785], [-2.1674444035799034, 37.01133098430513], [-2.1681377716514563, 37.01206752032134], [-2.1683111520563023, 37.01228958210937], [-2.168327557155955, 37.01241391202169], [-2.1682337016218263, 37.01300106674266], [-2.1683236039213183, 37.013756090646005], [-2.168319576232643, 37.01401170356436], [-2.168363770794626, 37.01411315197653], [-2.1684649091129886, 37.01418795694941], [-2.168972159995846, 37.014357640790905], [-2.1692586485251084, 37.014361179016404], [-2.169842764885979, 37.01428458990814], [-2.1700017244646137, 37.01431418646486], [-2.1704068930166485, 37.0147023741967], [-2.170795229146324, 37.014777922532275], [-2.1709305356217405, 37.01484304859077], [-2.1710630510410707, 37.015061661379285], [-2.171093518863687, 37.015247475431366], [-2.1708923993508717, 37.0159109537325], [-2.1708503263644623, 37.016348386564275], [-2.1707726446828635, 37.01648341648681], [-2.1705701706227316, 37.016578542973384], [-2.1701261991987932, 37.01660428435018], [-2.169889523264888, 37.01670196487105], [-2.1693783448317334, 37.01681971839672], [-2.169292116148855, 37.01689285049297], [-2.1693045994024707, 37.01701625132205], [-2.1694598974191432, 37.017258827131705], [-2.1695133127631285, 37.017525564295106], [-2.169489943182278, 37.01776148106946], [-2.1694088958072855, 37.018050447991854], [-2.169355210642511, 37.018138951639095], [-2.16921861177331, 37.01820244651069], [-2.169031539380641, 37.01819365497234], [-2.1687317556248944, 37.01796457938265], [-2.168517705969974, 37.01793504582511], [-2.1681461303269254, 37.01797066167732], [-2.168010823739216, 37.01807022076831], [-2.1679460765394696, 37.01820398732734], [-2.16796164518575, 37.01835301004523], [-2.1682372637656617, 37.018705411873235], [-2.1683283138837433, 37.01892247945655], [-2.168337322887041, 37.01906541666791], [-2.168263760127278, 37.019523179802825], [-2.167862304369752, 37.01977248621907], [-2.167641682232571, 37.02018991594219], [-2.1674058468603463, 37.02039468518802], [-2.1673080040522668, 37.020408691699444], [-2.166760248594965, 37.02032173649054], [-2.1664462503611452, 37.02032349750447], [-2.1657745574894474, 37.02054962938034], [-2.1655150815479662, 37.02069518605756], [-2.1653857756466373, 37.02085175358093], [-2.1653502506521938, 37.021036834278796], [-2.165397959512501, 37.02122808464426], [-2.1656591917608234, 37.02174399758852], [-2.1656797376680874, 37.021869799035414], [-2.1656510668145663, 37.02202437008034], [-2.165588716867078, 37.02211299128574], [-2.165385525290591, 37.02223063900173], [-2.1647097066280945, 37.02241130443826], [-2.16456589213095, 37.022568039294576], [-2.164532798140721, 37.022756201599094], [-2.1647067415857313, 37.02312312934963], [-2.164726554997832, 37.023315720462044], [-2.164664192035795, 37.02362094604975], [-2.164515716765918, 37.02387454986177], [-2.164463211495166, 37.02408024311832], [-2.164528557212653, 37.024272163275135], [-2.1646718753039473, 37.024407482744564], [-2.1648978039611135, 37.02445225063245], [-2.165299333083351, 37.02439513182764], [-2.165954794697106, 37.024360709530654], [-2.166086045814776, 37.02438660112052], [-2.1667963814950313, 37.025205386398376], [-2.167030953365827, 37.025406155321846], [-2.167158144435824, 37.02545401170155], [-2.1672900159966764, 37.025433573709826], [-2.167463176129744, 37.02532806147927], [-2.1678551556190966, 37.02476508883953], [-2.167969236718127, 37.024685212357234], [-2.1682429737068145, 37.0246451255842], [-2.168641709866238, 37.02467910872711], [-2.168824365631176, 37.02475421400793], [-2.168859600440502, 37.024852624670054], [-2.1688461579621783, 37.024982333966506], [-2.168781702263639, 37.02507860407309], [-2.1683617179638666, 37.02529245113548], [-2.168277015664257, 37.02541020845694], [-2.168293026731223, 37.025509025376806], [-2.168521880733692, 37.02596665391177], [-2.1685397557056794, 37.02613173768332], [-2.1683606318971997, 37.02645372898355], [-2.1682470878331426, 37.026906884510346], [-2.1681128340840243, 37.02711462036572], [-2.167932329833471, 37.02727470759261], [-2.1675620829992597, 37.02744139599801], [-2.1661500788480916, 37.027732549025494], [-2.165986982437267, 37.02779098613312], [-2.165929674932028, 37.02786017234737], [-2.165905958980318, 37.028064716356695], [-2.165986550374416, 37.028457216855195], [-2.1659560518852987, 37.028583380467346], [-2.1657734607900867, 37.02872794537107], [-2.1653714975495375, 37.02885401608082], [-2.165270273693788, 37.028929383209615], [-2.1652368240790643, 37.02910934015607], [-2.1653032240845644, 37.0291854357363], [-2.1654731707829056, 37.02927190469005], [-2.166192216305825, 37.029513400026865], [-2.166318895526796, 37.02952636906612], [-2.1667109771161246, 37.02949198952227], [-2.1671491301188333, 37.02939807379616], [-2.1675832769309067, 37.029289976169366], [-2.168004037848176, 37.0291308532989], [-2.1683506150659184, 37.02912444907933], [-2.1687861244245714, 37.02906692580498], [-2.1693857909507117, 37.02910078153263], [-2.1700203906875837, 37.02885869035723], [-2.170464142818431, 37.02875578737702], [-2.170631156569276, 37.02875055482905], [-2.1707650059497414, 37.02879683135382], [-2.1710126825522758, 37.029107566151495], [-2.171121431144636, 37.029177283912574], [-2.1721630031752417, 37.02949608338818], [-2.172593954649608, 37.02952649218722], [-2.172860964823481, 37.029734867366656], [-2.1734014556582824, 37.029959570021425], [-2.1735326677141575, 37.03003169559782], [-2.1736856497001815, 37.03016995602349], [-2.1737937889705647, 37.030431217228255], [-2.1737054738705486, 37.030623234065956], [-2.1735433155915884, 37.03070918114004], [-2.1731752477752617, 37.030726808535356], [-2.172944373504342, 37.030793796979225], [-2.172724995497665, 37.0310027474066], [-2.172679617170963, 37.03119559913817], [-2.172689029296147, 37.03135404287999], [-2.172722301765287, 37.03158278284098], [-2.1736816504902112, 37.035269477287926], [-2.173765165112497, 37.03540689316764], [-2.1738590834992957, 37.03548696150883], [-2.1739192193613723, 37.03563349903155], [-2.1742014202959834, 37.03587424741365], [-2.174288043041481, 37.03588052917048], [-2.174498390125432, 37.035738132065816], [-2.174581066705376, 37.03573501147185], [-2.1746704898457705, 37.03595990474341], [-2.174692033014673, 37.03622380762091], [-2.174656891261479, 37.0363228942172], [-2.174715195703645, 37.03633808292965], [-2.1748661175182793, 37.03628361015887], [-2.174814644819617, 37.03637483108901], [-2.174411330524344, 37.03664407138726], [-2.174330640234317, 37.036785572337095], [-2.1744019801667434, 37.03689495927064], [-2.174390534382364, 37.036986282743705], [-2.174452652384493, 37.0371062421279], [-2.174400517752748, 37.03728913629846], [-2.1744259306564753, 37.037392885295155], [-2.1745550620046674, 37.03750267424147], [-2.174825101173424, 37.03761082903441], [-2.1749150830343704, 37.0376809536278], [-2.174998768749527, 37.038000454884994], [-2.1750929842476756, 37.0381262258571], [-2.175117773696568, 37.038266928225056], [-2.175296331898317, 37.0385997085672], [-2.175337965978366, 37.03859693315902], [-2.1753674529097333, 37.038677634130394], [-2.175276239193609, 37.0389702291869], [-2.174957686353492, 37.0395001174252], [-2.176571094740509, 37.039391257945596], [-2.1767653673246343, 37.04032105955947], [-2.178165413402387, 37.04034365598518], [-2.1788609611583882, 37.040472961330664], [-2.1791856464255903, 37.040499365869415], [-2.1800722229834366, 37.04071426301305], [-2.1805801059271057, 37.04079105656557], [-2.180830474964842, 37.040879411115455], [-2.1810328678280793, 37.04101656089162], [-2.180985530657868, 37.0410581497459], [-2.1807809975661465, 37.040921345676225], [-2.1805323732134108, 37.04083805097547], [-2.180055778864892, 37.04076904531145], [-2.179211220402972, 37.04056795990443], [-2.178256873889182, 37.040412801242375], [-2.1768376405777525, 37.04038628233462], [-2.176905017220521, 37.04100872338262], [-2.1771459631842984, 37.04243813940863], [-2.1777754771982076, 37.042332171137865], [-2.1781817150616556, 37.04237762253701], [-2.17834534554403, 37.04236559527867], [-2.1794378416211617, 37.042078485119866], [-2.179561531216477, 37.04186985712193], [-2.179742422343299, 37.04143704691923], [-2.1802098664911553, 37.04155214287816], [-2.180616759570909, 37.04153638464195], [-2.181442233506609, 37.04157877019342], [-2.1815945163823507, 37.04165782436672], [-2.1808130405584385, 37.04194683196782], [-2.180637412788302, 37.04262537322606], [-2.1821987390612594, 37.04286961127655], [-2.1822718341467664, 37.04295322520015], [-2.182919354614812, 37.04267726196742], [-2.183210780340593, 37.04261833326357], [-2.183458876145835, 37.04260480717842], [-2.1838008438559626, 37.04263546456672], [-2.1843875674917737, 37.04277561260191], [-2.184655662415593, 37.04271165233216], [-2.184679327986875, 37.042769955990096], [-2.184466748103264, 37.042837182448366], [-2.184325270129302, 37.042828187291434], [-2.1844424167843908, 37.04301982137528], [-2.1846794025588325, 37.043172526727176], [-2.1845791175573064, 37.04334932535563], [-2.184645101617876, 37.043709081303355], [-2.1844299016951156, 37.04381126441266], [-2.183459935770559, 37.04414316252737], [-2.1824563322003336, 37.04461246177546], [-2.182548706385106, 37.044932287842336], [-2.1826657043824986, 37.04509570842794], [-2.1828735665034915, 37.04504918521732], [-2.184743146591764, 37.0442985567504], [-2.1851639291045926, 37.04406879783074], [-2.1853199361077587, 37.043907525079455], [-2.1858507346397587, 37.04435764220315], [-2.1856987076838514, 37.04451479196181], [-2.1854834690044007, 37.044978352343634], [-2.185328093902261, 37.0450482265472], [-2.185557566141117, 37.04511605577639], [-2.1859907467289825, 37.04507288100045], [-2.1864663470015238, 37.04517484776274], [-2.186771539038533, 37.0451443090733], [-2.187657157693445, 37.04537177195798], [-2.187693710431715, 37.04527629238955], [-2.18777276145825, 37.045297746354336], [-2.187876809427175, 37.045168925883495], [-2.1881027839666256, 37.04504752007885], [-2.188421316623087, 37.04473556225095], [-2.1886195944031956, 37.04468049011551], [-2.1890382580555787, 37.04463792152379], [-2.1895416996241535, 37.04470266221908], [-2.189862835415259, 37.04466303007816], [-2.1898844991832416, 37.044730243004324], [-2.1903427658566708, 37.04480224367844], [-2.190666599291352, 37.04478444192484], [-2.19156739148135, 37.04487550100075], [-2.1919442379819856, 37.044853193876854], [-2.192193461349832, 37.044882384135214], [-2.1923781317210866, 37.04449810775701], [-2.192864525649837, 37.04451629562106], [-2.1932734171951367, 37.04445111480059], [-2.1944827244912433, 37.043888472262985], [-2.1948976271546603, 37.04374346155117], [-2.1953395629881545, 37.04364784530082], [-2.1951787230682225, 37.04385353816081], [-2.1949988120565376, 37.04416078062207], [-2.1948404659420713, 37.043917226369096], [-2.1948359310897003, 37.044570173646605], [-2.194648766655466, 37.0454466076273], [-2.194609178795517, 37.04579770904143], [-2.1943065401815325, 37.045991530826264], [-2.19502833261153, 37.04592251925578], [-2.1953913364537203, 37.045783910845294], [-2.1956901074966746, 37.0455092034398], [-2.1957306975183712, 37.045552385799255], [-2.1954589970552254, 37.04580870781203], [-2.195248092515334, 37.04590958756933], [-2.194995169459696, 37.04598484767567], [-2.19421798120686, 37.0460714208913], [-2.1942728505936664, 37.04619988859974], [-2.194748458091703, 37.04618581064492], [-2.1954231294653708, 37.04667066451267], [-2.1954888768088603, 37.04646180268149], [-2.195829309197622, 37.04594724148431], [-2.1960968567662893, 37.04564744695955], [-2.196150898503301, 37.045684049880435], [-2.196523387059415, 37.04538144535195], [-2.196806926911838, 37.04498287262681], [-2.1969470218153937, 37.04472872150404], [-2.1974575306123856, 37.045116271988526], [-2.197717608111829, 37.04536456710174], [-2.198092753036233, 37.0454180331528], [-2.198147919988593, 37.044599924217955], [-2.198296937630986, 37.04458750476796], [-2.1983433939303527, 37.04419056651102], [-2.198571115472938, 37.04418994163363], [-2.1985983594489316, 37.044368875631704], [-2.1988790530720412, 37.04436815727077], [-2.1992843548454557, 37.04445148412983], [-2.1998460981237016, 37.04444725603165], [-2.20004198330484, 37.043923324273415], [-2.20012319767819, 37.04393171413627], [-2.2000780043177093, 37.04408059311006], [-2.200327424734936, 37.04402674757239], [-2.2005448747534375, 37.04401901865583], [-2.201425789428008, 37.04424796526504], [-2.2016147951764697, 37.044218233262214], [-2.202330605329657, 37.04399869118215], [-2.2025125622981183, 37.04397620728134], [-2.2026455723225964, 37.04411790185798], [-2.2035166740621785, 37.04530776239629], [-2.203465942656637, 37.04400749546635], [-2.2042199465560306, 37.044092695406604], [-2.204548086625953, 37.04422145423202], [-2.2042897910630375, 37.04375756810017], [-2.204363502177087, 37.04376302021842], [-2.204588475733512, 37.0441442035754], [-2.2046626862270378, 37.04433895541832], [-2.2047698862088025, 37.04448669885054], [-2.204763164592206, 37.044624389573094], [-2.20464675292188, 37.04508954461982], [-2.2047551576586764, 37.04571476956676], [-2.205054620200045, 37.04553172114186], [-2.2052634666961866, 37.045324894166086], [-2.205421507889682, 37.04523491012731], [-2.2054478347690445, 37.044866859596176], [-2.205520663434131, 37.044654974616414], [-2.2055063608670196, 37.04438779040101], [-2.205534964232073, 37.044265209599196], [-2.2055963342733884, 37.044267968723425], [-2.2069288400015314, 37.044403085835455], [-2.2069057326775456, 37.04464613240286], [-2.2068356388947183, 37.04490842548085], [-2.207285088912107, 37.045473103894224], [-2.2074393415364626, 37.04530385771198], [-2.2078717842503335, 37.045860393206326], [-2.209002468813631, 37.04469583983031], [-2.209336889856067, 37.04483805837098], [-2.2102396411441916, 37.04530677075768], [-2.210811773505545, 37.04625481190783], [-2.2112602935407026, 37.0462174158934], [-2.211394362999636, 37.04606299381085], [-2.2115972452656116, 37.0461486242834], [-2.2126392228149907, 37.045771456808495], [-2.2105268236922386, 37.04445180397205], [-2.212129559771767, 37.0439025098304], [-2.2127323087074218, 37.04380420070703], [-2.212766198802327, 37.04391989656002], [-2.2127676971883563, 37.0442860603425], [-2.212910804048913, 37.04425825477367], [-2.213058970385976, 37.04432801995181], [-2.2134244044193525, 37.044244268266], [-2.2138254972085516, 37.04421439031498], [-2.2138392801297258, 37.043608461824846], [-2.2138086012630267, 37.04342112522214], [-2.2135760103374604, 37.0434252580905], [-2.213417476941045, 37.04339040414742], [-2.2130916623703554, 37.04324221468875], [-2.213118814642133, 37.04319362834237], [-2.213237642031567, 37.04324038845503], [-2.213326722141043, 37.043107750328595], [-2.213523875210503, 37.04294211575424], [-2.2137403986520185, 37.042882074531136], [-2.2139911171505817, 37.042886444569994], [-2.2141267106641376, 37.042964864323835], [-2.2142946632089786, 37.04289314254353], [-2.214459401550292, 37.04289378270451], [-2.2145843282541176, 37.042828806645204], [-2.214965283884677, 37.04285305654636], [-2.2148294890210045, 37.04252115906584], [-2.215721511534869, 37.04231784561933], [-2.2160708714163797, 37.04287749826547], [-2.215747964038456, 37.04325476894979], [-2.2156679749972814, 37.043498793515205], [-2.2158986735502304, 37.043470932370255], [-2.2159630364264347, 37.04349975223799], [-2.2160441078733673, 37.04359872226761], [-2.216042950915685, 37.04380964525488], [-2.2160797362773654, 37.04389579297381], [-2.216086156815233, 37.04403690651977], [-2.216191044925345, 37.04397414005038], [-2.2161620825363353, 37.044034884217425], [-2.2160802172791794, 37.04408959992927], [-2.216079764916166, 37.04416639731911], [-2.2160978958325583, 37.0442513400712], [-2.216188836480142, 37.0443858007296], [-2.216217327863889, 37.044687516062034], [-2.216573281153701, 37.04456375944775], [-2.2166598556224724, 37.04470738532339], [-2.216833667171948, 37.04461280277437], [-2.21735754816333, 37.044419666222495], [-2.2176886928495003, 37.04435658795536], [-2.217931650864171, 37.044350622409134], [-2.2179474308053844, 37.04427032039074], [-2.217917266081557, 37.044108588337636], [-2.218179179903147, 37.043844668174415], [-2.2187723595626587, 37.043834427965486], [-2.2188249718907844, 37.04359445765857], [-2.2189551655892297, 37.04342125194915], [-2.219063427213525, 37.04312819405166], [-2.219397745644003, 37.04306197690885], [-2.2194392767043087, 37.043058374078434], [-2.219520850167148, 37.043438225423444], [-2.2198187165266807, 37.043505721809176], [-2.220223973166387, 37.043386424866995], [-2.2211534583302797, 37.04354433283117], [-2.2215130572348527, 37.04367839394816], [-2.221650837266173, 37.04365369780373], [-2.221771769856466, 37.04378122983602], [-2.221732033351813, 37.043862366795224], [-2.221548470323478, 37.04405370437134], [-2.2215285265617664, 37.04414569794147], [-2.221551179749914, 37.04422886673771], [-2.2218870692316073, 37.0445378210902], [-2.222425891228204, 37.0451375529696], [-2.2226250713326094, 37.04522386150937], [-2.222982588415569, 37.04509982996301], [-2.2235322717979913, 37.0447791003201], [-2.223712272714989, 37.04418688238094], [-2.2239362278497175, 37.04367309965948], [-2.2243076887310007, 37.0436586724786], [-2.225303324792995, 37.04351608863351], [-2.225236470108561, 37.0436103906315], [-2.2252692130146667, 37.043663787846086], [-2.2257306648680046, 37.04393425414987], [-2.2261899791616337, 37.04407219693722], [-2.2266261502095888, 37.04413110890116], [-2.2270163657752002, 37.04423353306137], [-2.2271229696023584, 37.04420033442657], [-2.2273708686328817, 37.04403960451191], [-2.2280700810730942, 37.043774362870344], [-2.2284581759637363, 37.04344967417871], [-2.2285129654200686, 37.043458233335265], [-2.2286352279344555, 37.04367771127696], [-2.228783251679132, 37.0437851305458], [-2.228801880258952, 37.04383338712961], [-2.228655936995629, 37.043987120953965], [-2.228015282530265, 37.04494377070164], [-2.227885662736283, 37.04527302480202], [-2.227691301968681, 37.04653130455441], [-2.2286937648543383, 37.04668349455184], [-2.2291032524721297, 37.04681334549047], [-2.2298033012177694, 37.046244683544934], [-2.2297425385992637, 37.046203815597636], [-2.2296893247019844, 37.04601687751959], [-2.229254126843107, 37.045783108892266], [-2.22932362209912, 37.045538556178485], [-2.229430518539837, 37.04532074789842], [-2.229487547428655, 37.04504113924876], [-2.2294837019003273, 37.04486620759101], [-2.2295988268263702, 37.04488746328583], [-2.229214729371299, 37.044816546680636], [-2.2289353014417532, 37.044792556173], [-2.2289280176959423, 37.04474554518762], [-2.2292343237773316, 37.04428051316507], [-2.2293939011429584, 37.04446886804112], [-2.229487757658089, 37.04448408053401], [-2.2296408757176227, 37.04445487750945], [-2.2299401835763875, 37.044637013201225], [-2.230428946131907, 37.044699592290705], [-2.2308625851678157, 37.044942721233156], [-2.231249449090347, 37.04497425866064], [-2.23196219379058, 37.04535215481766], [-2.232082677386547, 37.04535879392431], [-2.2322156569349922, 37.04529709648069], [-2.232263876476291, 37.04514362735309], [-2.232268960206177, 37.04496265637706], [-2.2323861817599653, 37.044824146451084], [-2.232372183324566, 37.04460618417037], [-2.2325938234384752, 37.044439594491976], [-2.232490375558351, 37.0442153746783], [-2.2326109058585506, 37.043547485515674], [-2.2326477578923662, 37.04347245580836], [-2.2328728497581873, 37.0432636160732], [-2.2328989678603586, 37.04313830811546], [-2.2328271544629295, 37.042910592780984], [-2.233041367155043, 37.042721062751056], [-2.2330653745256055, 37.04265965135965], [-2.233005220747039, 37.042245964108744], [-2.2330599099211255, 37.04190675491682], [-2.2330628252476594, 37.041617505421684], [-2.23312615943446, 37.04163729972495], [-2.2331987575469907, 37.04215536101079], [-2.2331993934045857, 37.042695312202724], [-2.232980094839661, 37.04298802605934], [-2.2329830062002856, 37.043290469292145], [-2.232678718504152, 37.04355820023804], [-2.2325881537455086, 37.04418734222507], [-2.232702744630269, 37.044444089427934], [-2.23248547529801, 37.04465685546564], [-2.232480365060157, 37.04481817547132], [-2.23235855194777, 37.045010650464775], [-2.2322773062130894, 37.04550680368618], [-2.2322432078054657, 37.0455762623017], [-2.232085952626167, 37.04572578061259], [-2.2320464858197133, 37.04582522149189], [-2.2321252380847847, 37.046022780241024], [-2.232118325054813, 37.04618435894597], [-2.2322807547878196, 37.04661538890949], [-2.2323108657760806, 37.046840846982825], [-2.2331303139040557, 37.04673149142228], [-2.2337160348114415, 37.04671580553017], [-2.2356350065525237, 37.04685962435266], [-2.235978498242663, 37.04679900839549], [-2.236307148636829, 37.046995654016825], [-2.2364741674723754, 37.04722929375675], [-2.2365969394975562, 37.04766970324784], [-2.236748873503079, 37.04871317004247], [-2.23694590349891, 37.048757885618116], [-2.2374436925467354, 37.04877632021023], [-2.2385866837951305, 37.04890482054959], [-2.2395820350366655, 37.04889597527213], [-2.240010697821508, 37.04894478884949], [-2.240544792582674, 37.04889701333312], [-2.2409177125960924, 37.048918973781504], [-2.2405326694849323, 37.04944778956188], [-2.240023391224646, 37.04998275767235], [-2.239938408506944, 37.05005793196334], [-2.2397288889927283, 37.05008211295025], [-2.239559712398026, 37.05019822093555], [-2.240348055154492, 37.05029970526386], [-2.241125946905866, 37.04953298824141], [-2.241546517198673, 37.04923145519465], [-2.2414559890349146, 37.04934427422926], [-2.2411594449581984, 37.04955708997459], [-2.240393386850751, 37.05031000121892], [-2.2410077983267276, 37.05032953264811], [-2.2407079317973198, 37.0513042951391], [-2.2406708293830695, 37.0517090626302], [-2.2405417371624203, 37.052124508876695], [-2.2391527178649486, 37.05190772909236], [-2.2390025774180358, 37.051581265794745], [-2.238728950879431, 37.05168299244967], [-2.2385193495277527, 37.051815056368305], [-2.2381246661550906, 37.05214568003545], [-2.238033234721338, 37.05217925635991], [-2.2379197291680577, 37.05217095539166], [-2.237792330179668, 37.05207873364325], [-2.23762440255414, 37.05160846460882], [-2.236227667740886, 37.051445154001], [-2.2359816113978557, 37.051443925652706], [-2.2355988599299526, 37.05135825960832], [-2.234097082775355, 37.050782026426], [-2.2339619682304894, 37.05056300759197], [-2.233784718571852, 37.05066471414128], [-2.2335285523628725, 37.050908604243354], [-2.233428335851055, 37.05113294937059], [-2.2332948338073324, 37.051268019697744], [-2.2332789968441324, 37.05140015460691], [-2.2332286894214595, 37.05148203830697], [-2.2329493627612114, 37.05166835290396], [-2.2327312086977185, 37.051934030751504], [-2.23273738619954, 37.05199067942343], [-2.233108033858248, 37.05204977942117], [-2.2331302901929106, 37.05211797995497], [-2.233060679461523, 37.052218127605336], [-2.2329305956160956, 37.05232563635651], [-2.2326947114317846, 37.05243083364084], [-2.232092601510457, 37.052550701607515], [-2.232102383726593, 37.0525955651335], [-2.232395798327668, 37.05283056933983], [-2.2324076761293052, 37.052924212818056], [-2.2315730667054345, 37.053192023187066], [-2.2313660082458195, 37.053326795059306], [-2.231338693522395, 37.05340341841451], [-2.2315521569306873, 37.05355921330575], [-2.231562199067813, 37.05361174055689], [-2.231525375757374, 37.05366044871582], [-2.2311191661427245, 37.05371442080437], [-2.2308939842128406, 37.05381716436723], [-2.2307578514055484, 37.053799695715256], [-2.230486890968539, 37.05369121116502], [-2.2303290837277148, 37.053559297835356]], [[-2.184325270129302, 37.042828187291434], [-2.1837438290185434, 37.04268825557412], [-2.183220606781395, 37.042677263059645], [-2.1829480039312923, 37.04273208478375], [-2.1823064657047695, 37.04300592601287], [-2.1825802773766734, 37.043394337890945], [-2.1827868865496747, 37.0433803470989], [-2.1831072242959153, 37.043247075633715], [-2.183336108196385, 37.04309568192527], [-2.184325270129302, 37.042828187291434]], [[-2.196150898503301, 37.045684049880435], [-2.1957115535204377, 37.0462365174138], [-2.1963981382385365, 37.046455980890386], [-2.196803687680505, 37.046389052639746], [-2.196537558906682, 37.045733272098936], [-2.196150898503301, 37.045684049880435]], [[-2.2376727179967615, 37.05161283145203], [-2.23785137505672, 37.05208983980723], [-2.2379943162813687, 37.05214610480693], [-2.2381383416899094, 37.05209393661456], [-2.2384594716327095, 37.051808542396046], [-2.2376727179967615, 37.05161283145203]], [[-2.2323158838456028, 37.04705721867794], [-2.2332666526238496, 37.047286291217155], [-2.234064060346814, 37.04760189337666], [-2.2347864849306958, 37.04796036455305], [-2.235103674258948, 37.04804416822854], [-2.2352247222843085, 37.04812950570178], [-2.2354439914933066, 37.04841215998435], [-2.235778924415642, 37.048599648608516], [-2.2360744719340255, 37.048666909067265], [-2.23670107655705, 37.04870213570675], [-2.236562485381696, 37.047730056528785], [-2.2364557933242333, 37.04730101816864], [-2.236302595662971, 37.04704601373152], [-2.2360069006897345, 37.04684876905466], [-2.235928697360983, 37.046830958277944], [-2.2356356552469774, 37.04689586536031], [-2.233898844721333, 37.04675367820437], [-2.2331350140904513, 37.04676730792044], [-2.232315011279675, 37.04689820370293], [-2.2323158838456028, 37.04705721867794]], [[-2.231337414179208, 37.05030939686716], [-2.231374861502081, 37.05053264903558], [-2.2312321734734843, 37.05078655387414], [-2.2308756582882387, 37.05093198458756], [-2.230707708968968, 37.051103421500464], [-2.2306836727137527, 37.051267503025265], [-2.2308039485720603, 37.05165165825566], [-2.230807953894276, 37.05181195539119], [-2.2305533199126324, 37.05212498272638], [-2.230450253954429, 37.05234146447044], [-2.2304448364218685, 37.05243247199069], [-2.23053799630265, 37.052528810795046], [-2.2305543482228947, 37.05262464686197], [-2.2304861258099535, 37.05299847079593], [-2.2302996658348917, 37.053298418517244], [-2.230358823320784, 37.05342085356502], [-2.2305538854344613, 37.053616738355075], [-2.230916803913633, 37.0537402415574], [-2.2310012085127267, 37.05365677709877], [-2.231354281422219, 37.05363031477374], [-2.2314525458787253, 37.053588765326964], [-2.2314212538722895, 37.05353619053584], [-2.2312798923137303, 37.05346793909013], [-2.2312293120289617, 37.05340928993663], [-2.2312606293919854, 37.05329321068109], [-2.231375345506689, 37.05319272538742], [-2.2323027074968738, 37.05287224320233], [-2.23230160874111, 37.05283617958995], [-2.232023132014761, 37.052614337831386], [-2.2319961135496404, 37.05253889496948], [-2.2320186581639367, 37.052500280178066], [-2.2326057892057283, 37.05238248358797], [-2.233037657736166, 37.05214775872096], [-2.2330506002955013, 37.052102140771275], [-2.2330061710056235, 37.05206922238811], [-2.2326407013544425, 37.052042606422845], [-2.2326528967655115, 37.0519042283167], [-2.23296397417002, 37.05155748346542], [-2.233168531154277, 37.05142522101998], [-2.233176901830345, 37.05134216486538], [-2.2331349460608334, 37.051253465062416], [-2.23334604412894, 37.05111871611839], [-2.233394562384243, 37.05090160886605], [-2.2337150082504618, 37.05060720444149], [-2.234068288167831, 37.05046968120546], [-2.2337281049149165, 37.05040077532153], [-2.2335891001224386, 37.05025565130418], [-2.2332415844967657, 37.050234385914216], [-2.2331618195069196, 37.05037151160042], [-2.2331511944178923, 37.05045509404296], [-2.2326721891974235, 37.05043541077012], [-2.231382961761768, 37.0502318099028], [-2.231337414179208, 37.05030939686716]], [[-2.2323048042701084, 37.04513298509135], [-2.232307224178042, 37.04508252158253], [-2.2322934758030786, 37.045174737381856], [-2.2323048042701084, 37.04513298509135]], [[-2.2308677940557384, 37.05089786019937], [-2.230932663531417, 37.050877548257375], [-2.230850015665018, 37.050909823866036], [-2.2308677940557384, 37.05089786019937]], [[-2.2305063645045022, 37.05265434725356], [-2.230508959655363, 37.05260884365823], [-2.2304791938844537, 37.052761079428564], [-2.2305063645045022, 37.05265434725356]], [[-2.2303731158531557, 37.0531192435693], [-2.2303986919493357, 37.053092367122744], [-2.2303988739376974, 37.05309205719103], [-2.2303731158531557, 37.0531192435693]], [[-2.190455310284805, 37.048000947516044], [-2.1908789853983643, 37.04870567624412], [-2.1914015664952378, 37.04905727842574], [-2.1915400603113357, 37.049221557918884], [-2.191706797889869, 37.04951159618772], [-2.1919466509747365, 37.04978906180034], [-2.192148895581169, 37.0497220221247], [-2.1921558483714896, 37.049692052497065], [-2.1921034937992574, 37.049644732478754], [-2.1921369274820433, 37.04959916849863], [-2.1924467499037203, 37.04955711329199], [-2.1927995902529798, 37.04930829143755], [-2.193286401008724, 37.04907697005416], [-2.1935163166739233, 37.04892403145117], [-2.1937250337464955, 37.04874391050506], [-2.193939811951327, 37.04846908757053], [-2.194257825881712, 37.04821596830091], [-2.1944414662767042, 37.04789703872195], [-2.194640593754588, 37.047762457885376], [-2.1936995941823065, 37.04789623106155], [-2.193490442755147, 37.047883266820136], [-2.19330002875016, 37.047832394587346], [-2.1932727145956754, 37.047873673756975], [-2.192877006087318, 37.04798780511207], [-2.1927897378231633, 37.04793483487757], [-2.1920762249015247, 37.04796342023752], [-2.1918817029959343, 37.047833369375105], [-2.191636839739347, 37.04779510388591], [-2.1915136008956346, 37.04783617969662], [-2.191503384959297, 37.04789812714232], [-2.1914115201575246, 37.04793932651322], [-2.1911062039208637, 37.04800187180831], [-2.1907396307735056, 37.04793474067109], [-2.190455310284805, 37.048000947516044]], [[-2.2189248626239193, 37.04573020213366], [-2.218116919046458, 37.04547356175692], [-2.216282957115464, 37.04527143411219], [-2.2162380810291604, 37.045632514011366], [-2.2161230234277363, 37.04598411605391], [-2.216292999791652, 37.046087909915144], [-2.2170046691225416, 37.04639999519514], [-2.217280664599908, 37.04648465623557], [-2.217557631376925, 37.046660996704475], [-2.2177507653519886, 37.04668922705869], [-2.218604522003784, 37.04669044092291], [-2.2188162744334203, 37.04625221644763], [-2.2189248626239193, 37.04573020213366]], [[-2.2123264840775345, 37.04772905115623], [-2.211358042882608, 37.04853983294218], [-2.210579353047354, 37.0489763412511], [-2.2107588591316873, 37.04940814001768], [-2.210079865865882, 37.04967521175196], [-2.209991859315586, 37.04954076608925], [-2.2095111459646954, 37.04958939060421], [-2.209617442728892, 37.049749923639666], [-2.209711003630515, 37.04983726274467], [-2.2102267834629648, 37.049747401435276], [-2.2105350032402185, 37.04975062927437], [-2.2109492219406643, 37.04984568959637], [-2.2113517689600846, 37.05001459115511], [-2.211490325931694, 37.04998143880744], [-2.2116084168082613, 37.0499915983357], [-2.212264344876479, 37.05024763424637], [-2.2130632340743484, 37.05028349863452], [-2.213393472012858, 37.05020266873842], [-2.2135361436125778, 37.05006497750687], [-2.2139297205940904, 37.05002477346594], [-2.2140080293058935, 37.04969465442676], [-2.2141525371364943, 37.04967316659938], [-2.214418135776831, 37.0497090035475], [-2.214599668165462, 37.0496741490218], [-2.214788281874596, 37.049607431102466], [-2.214941369714967, 37.04946259579482], [-2.2146144080495964, 37.04883358973263], [-2.2148341008189907, 37.04867540385183], [-2.214342502857915, 37.048417585976075], [-2.2145113581159133, 37.048095732615394], [-2.2142897504245127, 37.047971217864955], [-2.2142602521681103, 37.04789818839035], [-2.2141709530699427, 37.04783350650808], [-2.2139702351499593, 37.04779900483755], [-2.2137493568769724, 37.0474622158366], [-2.2136949567353206, 37.04743760730242], [-2.2136163203493213, 37.04746223097983], [-2.2128248800372714, 37.04726272341381], [-2.2127418288502785, 37.04746435908414], [-2.2123264840775345, 37.04772905115623]], [[-2.2079845376324143, 37.04750865675815], [-2.207419981781765, 37.0475319287906], [-2.2070228348177343, 37.047602735436016], [-2.2068402557632947, 37.04720876976993], [-2.2064094309410214, 37.04662592023241], [-2.2063713749774894, 37.0465007254577], [-2.2062511783771988, 37.04647738603763], [-2.20548226706099, 37.04694601667759], [-2.2051385355603066, 37.047275343586065], [-2.2053752722334545, 37.04755429388216], [-2.2055639310395385, 37.04768797475585], [-2.205748289110689, 37.04810494474286], [-2.2060675094298228, 37.0485089307853], [-2.206412883922402, 37.04919874824635], [-2.2066340564575415, 37.04940737642816], [-2.2067460064835176, 37.04935908825484], [-2.2072734051844214, 37.04930853338363], [-2.20758688382233, 37.049206514629915], [-2.2083179663340005, 37.04927296654735], [-2.209063441271421, 37.04910189779168], [-2.2093062374045433, 37.04912388817505], [-2.2093772078617793, 37.04902601714735], [-2.2094098240672686, 37.04881972107011], [-2.209562605559591, 37.048640186332364], [-2.209517182881165, 37.048563263676286], [-2.2093901607654964, 37.04849282824581], [-2.209248140487264, 37.048534788909045], [-2.208905638950536, 37.048551975991515], [-2.208440989829012, 37.04865695142006], [-2.208519640309438, 37.04840381889185], [-2.208992925662022, 37.04804082650721], [-2.2094366571089905, 37.04678667508905], [-2.2081868497544264, 37.04745430447351], [-2.2079845376324143, 37.04750865675815]], [[-2.222433557613018, 37.04718507263628], [-2.222253206823419, 37.047336499633744], [-2.2221291903756346, 37.04738932061292], [-2.221177550663003, 37.04765538939031], [-2.2207356719553433, 37.04770278204066], [-2.2203443454271086, 37.04800768279175], [-2.2201859237004298, 37.04816952681037], [-2.219937664784473, 37.04828570480549], [-2.2196575831883125, 37.0484888440528], [-2.2193969579872608, 37.04850560841577], [-2.2188950390407745, 37.04839755616484], [-2.2187990599621172, 37.04893975472654], [-2.2184310920943586, 37.0492026167512], [-2.218214849266498, 37.049288714558266], [-2.2181617533654814, 37.049147654196865], [-2.2179927934067547, 37.04907541914856], [-2.2178854191592285, 37.0491936075935], [-2.217885654885499, 37.04977285662996], [-2.217973148100419, 37.049948307370826], [-2.2178929810445687, 37.05005621876446], [-2.217690725102079, 37.049907864874015], [-2.2175266519474874, 37.04951286569727], [-2.216019721668358, 37.0493780622793], [-2.215348845447161, 37.04973238445458], [-2.2151063460056712, 37.049812263435385], [-2.2144082189444667, 37.049809174888146], [-2.2143031670136812, 37.04972642726306], [-2.2140514516947265, 37.0497261309615], [-2.2139938575891622, 37.050005400263714], [-2.2139492108363603, 37.05005157268125], [-2.213608519389687, 37.05009151260079], [-2.213470022634799, 37.05022787497345], [-2.213369971322818, 37.0502785920705], [-2.212976805860632, 37.05034359030548], [-2.2122690032178842, 37.050308330188976], [-2.211557436928825, 37.050038493507316], [-2.2113397121213545, 37.050071209801025], [-2.2109383831484877, 37.04990411912657], [-2.2105222683258594, 37.04980751374795], [-2.210233943045509, 37.04980477888256], [-2.2096890656686936, 37.04989228299399], [-2.209573262559285, 37.04980253764351], [-2.209445118402219, 37.049612387329695], [-2.2093386769032186, 37.049249040045886], [-2.2092094361272885, 37.04915389095669], [-2.209054040573585, 37.04916250012603], [-2.208583860288785, 37.049291326618224], [-2.208324002736255, 37.04933060703507], [-2.2075520538221327, 37.04926829909838], [-2.2072932967339223, 37.049363922830366], [-2.2067636420584695, 37.04941509369136], [-2.206690989382763, 37.049447869968176], [-2.2079260365862257, 37.05025802257599], [-2.2082247167618525, 37.05062761650282], [-2.2085233694202833, 37.05088101304601], [-2.2095461764916746, 37.0513829823082], [-2.209728288007285, 37.05143386787219], [-2.2100086719379197, 37.05144384804002], [-2.2104214771657604, 37.051556753262815], [-2.211253564601115, 37.05204815377909], [-2.2124649307859787, 37.052569019147704], [-2.2135892050924673, 37.052800937862635], [-2.214231613373713, 37.053051374695684], [-2.2146315472929228, 37.05309422601809], [-2.215143308044413, 37.053210023463194], [-2.215433588501205, 37.053351301828826], [-2.2157769698101477, 37.05336042755031], [-2.216238009235663, 37.05323592471451], [-2.2166704750399235, 37.05298125235845], [-2.2173838827431323, 37.052736725125044], [-2.217554057467226, 37.052746140652026], [-2.2178590492680677, 37.05284595505736], [-2.2182181361163797, 37.052902050658844], [-2.2186750792800236, 37.05251880613152], [-2.2191734076789023, 37.052540841053606], [-2.2193132906839064, 37.052455766993226], [-2.2194476735159587, 37.05228123651813], [-2.219545483478518, 37.05224059537179], [-2.219821332057049, 37.05226503976463], [-2.2201849954445194, 37.052456276645785], [-2.220271496730657, 37.05245468183992], [-2.220287600552003, 37.05236464649427], [-2.2202356088770876, 37.05218158856455], [-2.22025815178362, 37.05197882890623], [-2.220327795744377, 37.0518330776194], [-2.220667073453858, 37.05137405890642], [-2.2207081561912236, 37.05120576472293], [-2.220716211877388, 37.05081442448752], [-2.2208212773373663, 37.050514854200365], [-2.2208074453027584, 37.05043778274658], [-2.220633213876163, 37.0502096626469], [-2.2206166906198574, 37.05012085062148], [-2.2207072945345345, 37.05003671757874], [-2.22099839182535, 37.04994443182902], [-2.221201561833577, 37.04980586656678], [-2.2212057123785556, 37.04968582568734], [-2.221002154115482, 37.04940027389171], [-2.220999699018823, 37.0493103869535], [-2.2212600575364725, 37.04897929480916], [-2.221825173764394, 37.04865949054069], [-2.22192235660419, 37.048569535998844], [-2.221947391075414, 37.04848568853361], [-2.221852684239362, 37.04831109474188], [-2.2218535177394645, 37.04821843499146], [-2.2221192279339963, 37.047990317294946], [-2.2221742040132955, 37.0478596123486], [-2.222197859058994, 37.047690482130555], [-2.222533846809744, 37.047484913323], [-2.2225725765364652, 37.04724899697319], [-2.222860719361713, 37.04699299060999], [-2.222433557613018, 37.04718507263628]], [[-2.1977060610957793, 37.04805204711703], [-2.197728483751277, 37.04828296001654], [-2.197631425908752, 37.04868901581775], [-2.197363639153447, 37.04868053393323], [-2.196719672393194, 37.04838456435923], [-2.195641751867675, 37.04808664139596], [-2.195182318628749, 37.047888455642244], [-2.1951263964328827, 37.04791268477724], [-2.195106424076291, 37.04759957934431], [-2.1945560242800637, 37.047879157330755], [-2.194461266284215, 37.047981455097016], [-2.194314365278155, 37.04825042562502], [-2.193993508681063, 37.048506500387894], [-2.1937824862359783, 37.048777112310944], [-2.1935428059801794, 37.048981991957724], [-2.1933026447472863, 37.04913603277566], [-2.192840256780879, 37.0493549006422], [-2.1924789347199134, 37.04960817193495], [-2.1921983737124857, 37.04963753630378], [-2.1922303341287153, 37.049699144496174], [-2.1922051015754582, 37.04975611761189], [-2.1919747662536664, 37.04984207596101], [-2.1921024103186286, 37.05024506454531], [-2.1922063745741354, 37.05080266391074], [-2.192348223418271, 37.0509904019548], [-2.1925187382851528, 37.05139161315824], [-2.1926318687473043, 37.05150902564771], [-2.1927477846498507, 37.051554614576354], [-2.193328709995807, 37.05152810302906], [-2.193839582158749, 37.051564837818624], [-2.1943257206643234, 37.05164287182415], [-2.1945873489754137, 37.05173487955481], [-2.19474286823921, 37.05185356937497], [-2.194923439252429, 37.05212396060713], [-2.194952392954511, 37.05234274912044], [-2.1948916018908364, 37.05254010600134], [-2.1951331347683123, 37.05262909163677], [-2.195343685469696, 37.05264872846107], [-2.195502899418048, 37.05257751517625], [-2.1956571153457483, 37.0525535963411], [-2.1958614730991286, 37.05239326873437], [-2.19602922886155, 37.05216256298124], [-2.1961873223117596, 37.052090800323356], [-2.196414913982192, 37.052158059547175], [-2.197121531736762, 37.05257406744884], [-2.1972785641015498, 37.05259235157571], [-2.1975848004615934, 37.05246453010289], [-2.197818971615118, 37.05219542021353], [-2.197870371925022, 37.051949772815945], [-2.197860677303191, 37.05134287759744], [-2.197931218846631, 37.051137747267965], [-2.19804434214233, 37.05101078213444], [-2.198156867632793, 37.05094060172845], [-2.198261063569549, 37.05090317627491], [-2.1984047908387208, 37.05090306583342], [-2.198775125459034, 37.05104231613475], [-2.198863389046499, 37.05112971808581], [-2.1992060499438373, 37.05186929550599], [-2.199263821488077, 37.05221510604859], [-2.1994748280639045, 37.05226628799133], [-2.199780582145762, 37.05220534674423], [-2.199496824381687, 37.05166042249618], [-2.199257335173067, 37.05093839419096], [-2.1992938863998654, 37.05076701226721], [-2.1995054348677936, 37.05058419603766], [-2.199672076400976, 37.05036231129488], [-2.1997363479388854, 37.0499178083938], [-2.1996799397914506, 37.04972055969227], [-2.199421687955094, 37.04926486657494], [-2.1992901221656385, 37.048268189709525], [-2.1992707728840597, 37.047883967759844], [-2.197639536170016, 37.047812272532305], [-2.1977060610957793, 37.04805204711703]], [[-2.1532649202109204, 36.96417056388609], [-2.1530774526646637, 36.96407773260348], [-2.1526654350914027, 36.96403522509418], [-2.1520821280506834, 36.964031060905064], [-2.1520922652598755, 36.9638361559641], [-2.1518760636887633, 36.963761686860416], [-2.1512346133109363, 36.963925668875135], [-2.15120322252645, 36.96412240491795], [-2.1514795668078976, 36.96405172560875], [-2.151779129420735, 36.964054497039264], [-2.1521621185237447, 36.9642024513718], [-2.152232046516346, 36.96419736187868], [-2.1523311174000592, 36.96405618557412], [-2.152550256594533, 36.96408920945942], [-2.1525778001318927, 36.96415818445949], [-2.1525786765539556, 36.96448450506039], [-2.1527361459218204, 36.96440549253994], [-2.152952812695165, 36.96437737720257], [-2.1532649202109204, 36.96417056388609]], [[-2.1484170392602397, 36.961889651162906], [-2.1486352911592936, 36.96218273581648], [-2.148902106045264, 36.962180592262875], [-2.1486670293622288, 36.96176362236362], [-2.148084502246479, 36.9615504047009], [-2.147879274007412, 36.961721914712385], [-2.1484170392602397, 36.961889651162906]], [[-2.1516671028492795, 36.95918629269052], [-2.1520273999437167, 36.95853200036529], [-2.152064849759129, 36.9584063391967], [-2.1520450419772446, 36.95829838770993], [-2.151875791518379, 36.958265899589186], [-2.1517256859272225, 36.9582897065712], [-2.151461178086918, 36.958429339837615], [-2.151319523865229, 36.958562008288474], [-2.1512471510386773, 36.958828311779385], [-2.150927734089396, 36.95883504235638], [-2.1508691081117144, 36.958439800470956], [-2.150793752619551, 36.958185601519624], [-2.1506399792855806, 36.95862051928758], [-2.1504112697746587, 36.95900604361779], [-2.149741681561241, 36.95971382887816], [-2.1512311920248526, 36.959871953653426], [-2.1516671028492795, 36.95918629269052]], [[-2.152417188962144, 36.95968598892518], [-2.1523135143065377, 36.95946277798899], [-2.1522291713807356, 36.959471099898494], [-2.1521671628797447, 36.95952212832211], [-2.152093869559595, 36.959658891456456], [-2.1523379967152083, 36.95973680463048], [-2.152417188962144, 36.95968598892518]], [[-2.1530926126975554, 36.95854996460251], [-2.153045270555148, 36.958575047018655], [-2.1530830653867206, 36.95862092853845], [-2.1531304075457287, 36.958595846107606], [-2.1530926126975554, 36.95854996460251]], [[-2.1508118261097953, 36.96123163374115], [-2.150795421936001, 36.961262345023734], [-2.1508462242284088, 36.961279925497024], [-2.1508626283858447, 36.9612492142073], [-2.1508118261097953, 36.96123163374115]], [[-2.1529018988473507, 36.96441019076281], [-2.1526225987146987, 36.96448454810893], [-2.152464255090743, 36.96472346628353], [-2.1529018988473507, 36.96441019076281]], [[-2.1523699833839416, 36.964837003324675], [-2.1521695176922657, 36.96501468432534], [-2.1519475465977047, 36.96529749730827], [-2.1515599750326113, 36.96559237748818], [-2.151592607065407, 36.9658000275433], [-2.151770250124467, 36.96586782162111], [-2.1518533909915205, 36.96561358396282], [-2.1523699833839416, 36.964837003324675]], [[-2.1512197756553046, 36.96544481725779], [-2.1512390523112326, 36.96559053448381], [-2.1514904976010465, 36.96561748133379], [-2.1515998476673173, 36.96551198526377], [-2.1513885684360528, 36.96540861484067], [-2.1512197756553046, 36.96544481725779]], [[-2.1502810238105257, 36.96704858034372], [-2.1500365662496472, 36.96684743639667], [-2.1498144897905185, 36.96716882977157], [-2.149242552735916, 36.96746373399096], [-2.1488615849284507, 36.967506615393724], [-2.1486086431729126, 36.967472350720335], [-2.1483954167827566, 36.967543656249205], [-2.148258519336816, 36.96769050713868], [-2.1480925234028163, 36.96823170061167], [-2.1479210485706646, 36.96844735174366], [-2.1484293796165765, 36.968109343971854], [-2.148888721926994, 36.96786784445546], [-2.150373561659989, 36.967314053265106], [-2.1502810238105257, 36.96704858034372]], [[-2.147199391690888, 36.96967606084516], [-2.1472026968527063, 36.96965974184672], [-2.147190807933669, 36.96971842901335], [-2.147199391690888, 36.96967606084516]], [[-2.147250924047816, 36.9694861277639], [-2.147259303863014, 36.96946958830707], [-2.147232998540134, 36.9695215014289], [-2.147250924047816, 36.9694861277639]], [[-2.1476014066486835, 36.96924284543588], [-2.147612399050365, 36.969227748953216], [-2.147576803655137, 36.96927662077218], [-2.1476014066486835, 36.96924284543588]], [[-2.1503131451871953, 36.96834292511156], [-2.1504206609409864, 36.96781089481043], [-2.150313145187195, 36.96834292511156], [-2.1503131451871953, 36.96834292511156]], [[-2.1578291087016526, 36.97165236109291], [-2.157561538888344, 36.97139382847948], [-2.1572856617396514, 36.97139015790499], [-2.1569592485940534, 36.97129310130032], [-2.1567697897652742, 36.971195488678354], [-2.1566933309270033, 36.971293015609575], [-2.1570342609086186, 36.97147950674625], [-2.1573503875545033, 36.97153141913425], [-2.1576272962257548, 36.97170708783211], [-2.1578291087016526, 36.97165236109291]], [[-2.157308382579914, 36.970103722133544], [-2.157295360906185, 36.96989900729853], [-2.1569663588187087, 36.96973117085332], [-2.156463580672667, 36.96960320824345], [-2.1557345453025283, 36.96950554058027], [-2.1554385709537347, 36.96963360061898], [-2.1554414668797177, 36.969829049123895], [-2.1561612986055607, 36.970017786768544], [-2.156546419558948, 36.97000655135797], [-2.157308382579914, 36.970103722133544]], [[-2.1320823351403115, 37.02691276136402], [-2.1325288539642586, 37.02671825714156], [-2.1330821757894256, 37.026721489714916], [-2.1339035451152806, 37.02695076710654], [-2.1346080818156548, 37.027360280140016], [-2.1347107962798932, 37.027383925029326], [-2.135125175468228, 37.027257233132985], [-2.135349919908672, 37.027018829960845], [-2.1354564595495114, 37.02685374673976], [-2.135773616248966, 37.026754197728664], [-2.1358177117717587, 37.02672224838639], [-2.1358306359198784, 37.026653204328355], [-2.1359179838019893, 37.02660417271572], [-2.1361211927293504, 37.026559500103346], [-2.136771503899524, 37.02679463334055], [-2.1376722480474544, 37.02738232209222], [-2.137889017170451, 37.02761961606717], [-2.138064702623109, 37.02766325867502], [-2.138124663669781, 37.02781864667747], [-2.1380847973398773, 37.0283220607292], [-2.138386903908013, 37.02829108291944], [-2.138966208047219, 37.02842382917286], [-2.1392734032248075, 37.02844057064368], [-2.140033567641854, 37.028108148079504], [-2.1402609036123375, 37.02803768262977], [-2.1406234980715313, 37.02798640492105], [-2.141327951262093, 37.02801791616027], [-2.141198409548601, 37.02794026860887], [-2.140849065057541, 37.02783335631322], [-2.1409380815664223, 37.02741638175863], [-2.1411122589772345, 37.02704490930325], [-2.1410462361014257, 37.02648835107034], [-2.141127042102609, 37.02600154312067], [-2.1410748312135786, 37.025227308390136], [-2.1408680069155293, 37.025004604846366], [-2.140656401803329, 37.02470740976344], [-2.140483812275365, 37.02436001788781], [-2.1403968846138297, 37.024042997401175], [-2.1405029172735763, 37.02360225426203], [-2.1406160086720325, 37.023323185155235], [-2.1405674171419595, 37.02316580738778], [-2.140581369222703, 37.02306495036992], [-2.1407062864309903, 37.02302339854335], [-2.1407431668688632, 37.02291351313917], [-2.1406395151918334, 37.02283370876383], [-2.1402288867867205, 37.022819556785], [-2.1400212354893613, 37.02269095307862], [-2.139733901675058, 37.02265010968023], [-2.139142619146139, 37.022387116593464], [-2.138619048576611, 37.02222088283863], [-2.1381647213404857, 37.02212509921887], [-2.137835262625309, 37.02257909048124], [-2.137616239188165, 37.02272100360089], [-2.137304507433876, 37.022729734907564], [-2.137081763762563, 37.02279292679154], [-2.1366708129798795, 37.022728371277154], [-2.136496368869084, 37.02275540630058], [-2.1363500232015555, 37.02284258941117], [-2.1360806970033264, 37.02308797159132], [-2.1355715938646616, 37.023361538019856], [-2.1355310697424863, 37.023544770069954], [-2.1357600938601915, 37.02400868181934], [-2.135740755545481, 37.02419738654493], [-2.135349815057605, 37.02465803944445], [-2.1350446956900644, 37.02529302293879], [-2.1349447337332217, 37.02541353396809], [-2.1347485430591675, 37.025552809224905], [-2.1343715125949387, 37.025688065332105], [-2.1342933152037977, 37.025753027398224], [-2.1342343292353827, 37.02610640065119], [-2.13416620932639, 37.02621452357163], [-2.1340510213654023, 37.02627966625504], [-2.133719029582701, 37.0263292543696], [-2.1329695595378606, 37.02636289714275], [-2.1325166653480605, 37.026435666057615], [-2.132402980135272, 37.026497032191756], [-2.132209780910333, 37.02671907902229], [-2.1320823351403115, 37.02691276136402]], [[-2.142239521225252, 37.02863710796148], [-2.1426481263361477, 37.02908364518292], [-2.143053045200131, 37.029268294607284], [-2.1441279219466405, 37.02930426676715], [-2.1443462305145258, 37.0291064492015], [-2.1448567745351568, 37.02838413802477], [-2.14538117844059, 37.02808963930817], [-2.1455145608951023, 37.027845416139705], [-2.1462752924826107, 37.027077666048356], [-2.146629459823321, 37.02680411144977], [-2.146917098249177, 37.02666916523575], [-2.1471529429333542, 37.026631108337845], [-2.147389729237154, 37.026730072241776], [-2.1474597642692013, 37.02661997229132], [-2.1475115190568053, 37.026314680074464], [-2.1465564773465093, 37.02583150919691], [-2.1459403202255904, 37.02575757718082], [-2.145142027667049, 37.02571459597635], [-2.1443659861006057, 37.02531166509242], [-2.1439009548590073, 37.025575845283626], [-2.14379571258886, 37.0263583220466], [-2.143125941903464, 37.0278038529401], [-2.1431098620820124, 37.02821441955657], [-2.1428575709726676, 37.02851483584746], [-2.1427243101328757, 37.0285273041546], [-2.142412033200846, 37.028642952105514], [-2.142239521225252, 37.02863710796148]], [[-2.1728056242212936, 37.03292899161164], [-2.1727913470182783, 37.03295990064601], [-2.172716825814274, 37.03294739230474], [-2.172695557401278, 37.03309417415168], [-2.1723883721831077, 37.033281779094885], [-2.1720000559287227, 37.033382011135636], [-2.1718779807780515, 37.03344137349107], [-2.171623043009482, 37.03386947264556], [-2.1715207005138417, 37.03397530494753], [-2.1713300321627527, 37.033983438278774], [-2.170951415416186, 37.033790865945534], [-2.170803706494475, 37.0337672083392], [-2.1703132862725814, 37.034260818374555], [-2.170739728729826, 37.035348828614225], [-2.171090883107676, 37.03559628599469], [-2.1712427271763732, 37.03562258623258], [-2.1714734035211567, 37.03560634932168], [-2.1715963061806374, 37.03539871101613], [-2.171831009565013, 37.035177250121905], [-2.172071308200678, 37.03478257648517], [-2.172503492871573, 37.034401590074175], [-2.172636693578184, 37.03437394422063], [-2.172692614516406, 37.034422108969444], [-2.1728688196756054, 37.03446209815539], [-2.1730651951279873, 37.03463284221266], [-2.1731538543190374, 37.03454449526343], [-2.173328939614133, 37.03411736440106], [-2.1730236378663075, 37.03293916486495], [-2.1728056242212936, 37.03292899161164]], [[-2.1658341317302665, 37.035678602268796], [-2.1654958832208164, 37.035517124667926], [-2.1652494446116797, 37.035442737386134], [-2.164580418789783, 37.03533076069314], [-2.1634829344838034, 37.03503096647797], [-2.1633224804051348, 37.03491869114125], [-2.163110391533815, 37.034829307801125], [-2.1626047370228223, 37.03474939061229], [-2.1623639652946904, 37.034661155620725], [-2.1620831492959622, 37.034605178290114], [-2.1618224955522947, 37.03457665548239], [-2.1613106480536866, 37.03401731867639], [-2.161215733837113, 37.03364121003112], [-2.161011678337345, 37.03312876187534], [-2.1606079558764213, 37.03315645979453], [-2.1602601506599908, 37.03313993675502], [-2.1598316274041744, 37.033030626810806], [-2.159551232654243, 37.03288612792915], [-2.15945210804698, 37.03272921121699], [-2.1594486583854478, 37.032593344124905], [-2.159528087330702, 37.032466357108795], [-2.1596910711920927, 37.03235826496143], [-2.1595702691104433, 37.032282006325325], [-2.159342036735066, 37.03224909702552], [-2.159202017136938, 37.03230620986441], [-2.1588812292973256, 37.03257658157366], [-2.158799875000471, 37.03287546710608], [-2.1588051994775252, 37.03340291592196], [-2.158720880540222, 37.033464894050525], [-2.15832464768793, 37.03349783842791], [-2.1579983482453056, 37.03342957609398], [-2.1572186997045817, 37.03310985856004], [-2.1567108154079317, 37.03315541293172], [-2.1562415581698264, 37.03323699878434], [-2.1557498846655756, 37.03325826762788], [-2.1557132190529793, 37.033194831357996], [-2.155769924643161, 37.0332929477721], [-2.155925559028696, 37.033534100728346], [-2.156109883093954, 37.03380466323877], [-2.1562687835699013, 37.03408667287006], [-2.156419546381287, 37.03425062976815], [-2.1565126992629686, 37.03443878544866], [-2.1574933385955566, 37.03571430344429], [-2.1576151527739795, 37.03577150652338], [-2.158221123187092, 37.035890466679696], [-2.1589892314674906, 37.03621348515906], [-2.1601012532255046, 37.03680574673302], [-2.1611601952844803, 37.037329205595256], [-2.1615557133160106, 37.037487224160905], [-2.162016994975486, 37.03755466344475], [-2.1622032747404805, 37.037557962065705], [-2.1623264206540633, 37.03752574980043], [-2.162491091039099, 37.03746949244256], [-2.1626285283291193, 37.03737428199896], [-2.16310510942193, 37.03689809862195], [-2.1633570397765305, 37.036748889076975], [-2.1637709088163763, 37.03661785710443], [-2.1641390826569946, 37.03663487399143], [-2.164656205198804, 37.036746955658295], [-2.165007228594964, 37.03686138175878], [-2.1657238449658074, 37.03723825482035], [-2.1669121422114066, 37.038142336410644], [-2.168018403491137, 37.03852932702833], [-2.168557182785084, 37.03880190459472], [-2.1689598705993616, 37.038933537466285], [-2.1695915974122153, 37.03896292973659], [-2.169939588212622, 37.03890307735436], [-2.170887454528427, 37.03843115041922], [-2.1705287740725483, 37.03788211788709], [-2.170272493676541, 37.038018688008506], [-2.1700032673173095, 37.038063588157364], [-2.169272685400533, 37.03804684688227], [-2.168164618157916, 37.03722763322864], [-2.168021011704307, 37.036806839212204], [-2.167742744947902, 37.036413675235124], [-2.1671336747014758, 37.03605172144049], [-2.166281031250335, 37.035631354488096], [-2.1659444210969734, 37.035700380488436], [-2.1658341317302665, 37.035678602268796]], [[-2.17061272063923, 37.038672155967895], [-2.1703765600476834, 37.03889135053075], [-2.1698624146348853, 37.039071732224016], [-2.169379801773781, 37.03912361097291], [-2.1691562862888745, 37.039111138886625], [-2.1688912039350474, 37.03904365957815], [-2.167938266941222, 37.03861881148711], [-2.167140071662346, 37.03834747517583], [-2.1675139145084548, 37.0386591926014], [-2.167859540618193, 37.03902209135904], [-2.1691135270756576, 37.03956794482675], [-2.1694051649829382, 37.0395306853471], [-2.1699639376424216, 37.03938288839699], [-2.171018344356738, 37.038575389366294], [-2.1709706275366014, 37.03851709523278], [-2.17061272063923, 37.038672155967895]], [[-2.1728674524380263, 37.030785057942964], [-2.1730918080657773, 37.03069711145598], [-2.173516344346808, 37.0306665367575], [-2.173653514603328, 37.030603942560205], [-2.173011599150683, 37.03028649999947], [-2.1723827880610864, 37.0300984980483], [-2.171434533442858, 37.030016882732916], [-2.1714595913669905, 37.02996022366441], [-2.1708089912639, 37.02994450141095], [-2.1706188951370664, 37.02994797735566], [-2.1702674625658913, 37.03001487504459], [-2.170052514115061, 37.030178956672344], [-2.170000862924472, 37.03028076143426], [-2.1699993233454418, 37.03037161300738], [-2.1702068909670795, 37.03073874512968], [-2.1703092950460188, 37.0310213057417], [-2.1703471843469324, 37.031174824243344], [-2.170323467458004, 37.03133495650607], [-2.1704117776173644, 37.03135770363697], [-2.1704052272883168, 37.03140173688586], [-2.170281259163639, 37.03147974362069], [-2.169726045027323, 37.031605573021274], [-2.1692049144162584, 37.03162652933154], [-2.169017961103754, 37.03149027880842], [-2.1683842850908386, 37.03084105929305], [-2.168197826179571, 37.03081442263613], [-2.1680466195539494, 37.030864652879], [-2.1676233798571762, 37.03113670532191], [-2.1669050560744996, 37.03144490460522], [-2.1668585883669897, 37.03149938417144], [-2.16673780298265, 37.03208841982104], [-2.1667519952928846, 37.03234334405196], [-2.1676917842497656, 37.032543477650066], [-2.1676261417011347, 37.032809564590366], [-2.16760068782213, 37.03313289813274], [-2.167547803174126, 37.03321897247807], [-2.167238690088158, 37.033540229809425], [-2.1666686977352296, 37.03388480371689], [-2.1670276682000535, 37.03380601704765], [-2.1673067675541025, 37.03379274223888], [-2.167716339981374, 37.03384726678323], [-2.168020317065519, 37.033851922605265], [-2.1686202919626614, 37.033984669379485], [-2.1688486080683105, 37.03399888871577], [-2.1701203393408424, 37.03374467284395], [-2.170849502180412, 37.03371236197957], [-2.170979272303727, 37.033741663225825], [-2.1713520622138747, 37.03393239195356], [-2.17148634821198, 37.033929002941335], [-2.1718309612784097, 37.033401924040994], [-2.1719791382008244, 37.03333066497121], [-2.172369860180349, 37.03322630328295], [-2.172643700473657, 37.033023863004544], [-2.172670594056332, 37.03294932348254], [-2.1726437262799, 37.03285565972289], [-2.1727240270190284, 37.032915802955564], [-2.1728671625646205, 37.03288416973642], [-2.1729934025384425, 37.03276200696468], [-2.172687795180691, 37.03163365231604], [-2.1726499226153404, 37.03137247090035], [-2.172638036996057, 37.03113158387889], [-2.1726688071048113, 37.03101055849177], [-2.1728674524380263, 37.030785057942964]], [[-2.17341151646184, 37.030016789653864], [-2.172880120616871, 37.02979314199749], [-2.1726528243008327, 37.02961343826948], [-2.17253902246257, 37.029563698022635], [-2.172165351966294, 37.02953864643972], [-2.171103971699893, 37.02922169171896], [-2.170982245673684, 37.029156390335395], [-2.1707366487386786, 37.02883016571755], [-2.170582167585658, 37.02878915342017], [-2.17047413621157, 37.02879831376422], [-2.1700299380860115, 37.02890085309531], [-2.169414111325762, 37.02914316587013], [-2.1691867634893844, 37.02915491514059], [-2.1687870353895504, 37.02910713517222], [-2.1683557987765276, 37.029164598254084], [-2.1680146283921937, 37.02917004884562], [-2.1681831660296327, 37.02959218993773], [-2.1681833770532917, 37.029675932602736], [-2.1679803848045123, 37.030783331802475], [-2.1682690984203505, 37.03070188970043], [-2.168449138548706, 37.03073974891051], [-2.168736780604069, 37.03096288075625], [-2.169156697139357, 37.03139795421945], [-2.1693572227390234, 37.03148553766302], [-2.1695972810207453, 37.031484243299666], [-2.1701866565164893, 37.03132953780232], [-2.1702487702774658, 37.031273183225395], [-2.170202235090519, 37.03105507665182], [-2.1699411981654806, 37.03057703484381], [-2.1698510125680044, 37.03011361893021], [-2.1699760412767426, 37.02996846482979], [-2.1702009276748186, 37.02981165962292], [-2.1710366499788734, 37.029747105360045], [-2.1721230619988243, 37.0298819697755], [-2.172518795351958, 37.02988400906539], [-2.173149081999812, 37.03003947959066], [-2.173468056807028, 37.030204677290655], [-2.173728676337319, 37.03041183416678], [-2.173633214923363, 37.030173827495844], [-2.17341151646184, 37.030016789653864]], [[-2.1683540783115585, 37.026353626252295], [-2.1684731815708567, 37.026174178417634], [-2.168488511330293, 37.02602663444774], [-2.1682443748021822, 37.025516797075085], [-2.168227954051253, 37.02540400537976], [-2.1682657195781587, 37.025322331676875], [-2.1683945674894782, 37.02520794855544], [-2.1687064544991257, 37.02508195301726], [-2.168782173826015, 37.02499405485195], [-2.1688060242845335, 37.02487902135762], [-2.16873671261141, 37.02476063102412], [-2.1686193944788505, 37.024714648331106], [-2.1683962233753014, 37.02468478015425], [-2.1680224745901704, 37.02471046463172], [-2.1679079769397966, 37.02477699733421], [-2.1675013476850578, 37.02535347870271], [-2.167381133669726, 37.025438900443774], [-2.167230817878836, 37.02549084868065], [-2.1672118404248084, 37.02628125435677], [-2.1673374248322617, 37.02637344876736], [-2.1680046277598293, 37.02666585969106], [-2.16816887450564, 37.026759315857284], [-2.1682246390574336, 37.02683136906395], [-2.1683540783115585, 37.026353626252295]], [[-2.1644229774823813, 37.02399693970165], [-2.1644946361728667, 37.02380796731573], [-2.164617120878618, 37.023607634336166], [-2.1646769970390527, 37.02331392935216], [-2.1646589595465384, 37.023133700090035], [-2.164467954467969, 37.022764398606604], [-2.1645463747286, 37.022502459304626], [-2.1646255680846385, 37.022415760062295], [-2.164744775347949, 37.02235025520233], [-2.1654399230461574, 37.02215990009964], [-2.16555020638719, 37.02208793162737], [-2.1656205817335334, 37.02196448218514], [-2.165610320130361, 37.02175149625425], [-2.165309323967026, 37.0211093805974], [-2.1653040102387378, 37.020968272052635], [-2.165374122587151, 37.02077631347313], [-2.1655307652843803, 37.020628231198955], [-2.1656931848287666, 37.02053778963739], [-2.166389123147569, 37.02029443126563], [-2.166678162439925, 37.02027230347389], [-2.1673489115751323, 37.02036859542039], [-2.167558042043616, 37.02022105899626], [-2.1678223153098917, 37.01974903946696], [-2.1679502472346672, 37.01963536687601], [-2.1682000768587124, 37.019497403710915], [-2.1682461692402035, 37.01941470658908], [-2.1682793397612756, 37.018929257387065], [-2.1681923367625378, 37.018722494252074], [-2.1679146347318405, 37.01836530021971], [-2.1678928191161764, 37.018253101517374], [-2.1679339244114937, 37.018101952219624], [-2.1680157807137386, 37.01799706071794], [-2.1681262945277404, 37.01793410551056], [-2.16843958130429, 37.017893574214305], [-2.168771131086848, 37.017930781751346], [-2.169050937230627, 37.018156922974036], [-2.1692083562926854, 37.018163523775115], [-2.1693172697743623, 37.0181132661885], [-2.169457268889358, 37.017685713903674], [-2.1694620363243713, 37.01749608976552], [-2.169412881986137, 37.01727165872055], [-2.1692379108893434, 37.01697756452793], [-2.169246408885749, 37.016878468469656], [-2.169353314657955, 37.01678528946309], [-2.1698710406753916, 37.016664967744276], [-2.170110198190314, 37.01656649334057], [-2.1705599156324813, 37.016539530203666], [-2.1707348165435625, 37.01645773227203], [-2.170801739531198, 37.016340385060936], [-2.1708433475153277, 37.01590439126128], [-2.1710369013570854, 37.01529584647754], [-2.1710394834345688, 37.015151277636924], [-2.1709798028665888, 37.01499528110935], [-2.1707608190318766, 37.01504810192971], [-2.1704923654140265, 37.01535982785934], [-2.170313445347974, 37.01549099486827], [-2.1702563327172184, 37.015502133662075], [-2.1701869117627615, 37.01544603099422], [-2.1702159454153245, 37.01524666086418], [-2.1700645260793396, 37.01516438457904], [-2.169900897753267, 37.01501612930948], [-2.1696334859148507, 37.015077357515715], [-2.1694421710811125, 37.015076920129914], [-2.1691771741757475, 37.01528797926692], [-2.1688693202051104, 37.01540868636687], [-2.1685670222949747, 37.01557648541018], [-2.168452118305805, 37.01555783232323], [-2.1679416126557043, 37.015140144376794], [-2.1675450594388743, 37.0150245062785], [-2.167442449638862, 37.01503253017733], [-2.1672949739265848, 37.01517635272919], [-2.1672393221890767, 37.01533172659292], [-2.167275366581067, 37.015417704009955], [-2.167426356649481, 37.01550818369509], [-2.1674926705896174, 37.015591308595866], [-2.1675086451172016, 37.015981732980485], [-2.167471484177522, 37.01610108993943], [-2.167272282304117, 37.01629782310707], [-2.167140715946555, 37.01664141575275], [-2.1666436139317766, 37.016982987202475], [-2.1663176658038563, 37.01708174630779], [-2.1661103880732706, 37.01719404839357], [-2.1656793313318374, 37.01758033922147], [-2.165589792415969, 37.017935227249104], [-2.1655021065801447, 37.018038363380796], [-2.1653169213825745, 37.018083213373465], [-2.1650876272099158, 37.018070332701534], [-2.1644859163948036, 37.01792277301246], [-2.1643793966326546, 37.01781628717617], [-2.164376062576034, 37.01759722018158], [-2.1641190186960984, 37.01741882297426], [-2.163912934900511, 37.017083217143195], [-2.163702402940119, 37.01699979516114], [-2.1635287349854546, 37.01702985021616], [-2.163438783579814, 37.01709339679907], [-2.1634762743061815, 37.0174260122986], [-2.1633923303099145, 37.01767979945762], [-2.1634092960847013, 37.017772854803745], [-2.1635286500535407, 37.01800103265944], [-2.1635366222986825, 37.018114662453264], [-2.1634813099788506, 37.018217664693225], [-2.1631701710798796, 37.01850275149579], [-2.1630000003110696, 37.01858258843298], [-2.162676794832553, 37.01854253912706], [-2.1625784788483577, 37.0184871295788], [-2.1623243537642614, 37.01822780218661], [-2.1619863806724093, 37.01809957867097], [-2.1618011580391108, 37.01827044049461], [-2.161590561688871, 37.018765721698784], [-2.161513345084127, 37.01882602152701], [-2.161286432952742, 37.01888264929712], [-2.161117380325876, 37.01918721373747], [-2.1609103510158416, 37.019275711075046], [-2.1608117638033524, 37.01948008092497], [-2.160767370888235, 37.01968348635189], [-2.1608291104353152, 37.020192410091894], [-2.1607567903921074, 37.020318366898195], [-2.1605785680932947, 37.020444836553665], [-2.1609108014351746, 37.020736900369805], [-2.1615181605887335, 37.02103676676805], [-2.1622103638796317, 37.02154365267217], [-2.1624373009789983, 37.02161853952548], [-2.1628775215929017, 37.02167113344032], [-2.1630203144596423, 37.021873606480504], [-2.1631536329726386, 37.02196676128434], [-2.1633330868788545, 37.02218923342294], [-2.163347440006692, 37.02222331788828], [-2.1632678868704516, 37.02247596384847], [-2.1633251172281343, 37.02260842436473], [-2.1637914810807635, 37.02304519660749], [-2.164091179612721, 37.02322092027668], [-2.164093299068896, 37.02331477227995], [-2.1639811783307255, 37.02350282838647], [-2.16398287612339, 37.02367618201995], [-2.1642334987356073, 37.02411369037707], [-2.164314097902268, 37.024196466864616], [-2.164485757025619, 37.02428970989325], [-2.164427278559045, 37.0241687792498], [-2.1644229774823813, 37.02399693970165]], [[-2.155647676809772, 37.02930550631225], [-2.155283962723627, 37.02920439332245], [-2.1548529012978497, 37.029255769052895], [-2.154337550420032, 37.02901006833523], [-2.1539324596409766, 37.02887909002535], [-2.1536075886084554, 37.02859102573872], [-2.1538616937864514, 37.02781924674742], [-2.1543600513821257, 37.026575340437695], [-2.154023233099331, 37.02633127111304], [-2.1537440520090443, 37.0262021813321], [-2.153384223812418, 37.02610703959092], [-2.1529675622462943, 37.02626028070076], [-2.1519713454043434, 37.02549336532489], [-2.1519676574282283, 37.025632967638266], [-2.1519130673115985, 37.02577022304669], [-2.151485737825749, 37.026012712597534], [-2.1512272300711826, 37.02636015624554], [-2.1510789426833608, 37.02645094928487], [-2.1509850972161977, 37.02646848636501], [-2.150514476137266, 37.02641878556434], [-2.1501438987375066, 37.02644110111332], [-2.14998570899119, 37.02629042387309], [-2.149827459336774, 37.02606447813485], [-2.1497392304726954, 37.02602193032821], [-2.1495335042252957, 37.02606128995306], [-2.1491164621688568, 37.02604640154122], [-2.1481494332434554, 37.026152319958534], [-2.1477344882709883, 37.026261656221855], [-2.1476191401125844, 37.02632203351206], [-2.147563745448243, 37.02638969212828], [-2.1475205650937306, 37.02668224592688], [-2.1474350358581917, 37.02686092212124], [-2.1473672375798674, 37.02688152799301], [-2.1471974715645374, 37.026730944170595], [-2.1470118716005646, 37.026709508649766], [-2.1468504565538966, 37.02676730048966], [-2.146627596475197, 37.02691037442321], [-2.146326905412873, 37.02719738420925], [-2.1462045707419177, 37.02739959193628], [-2.1456620448431307, 37.0278271879241], [-2.1454354866850536, 37.02814934328152], [-2.145333740201508, 37.02822955716074], [-2.1451117439324787, 37.02831548494834], [-2.1448852428721135, 37.028502337861596], [-2.1445383245501497, 37.02894026202682], [-2.1444278373423673, 37.029158057499984], [-2.144285609286164, 37.02930882942954], [-2.144691878334179, 37.029313381172564], [-2.145341474133508, 37.02942569031058], [-2.146882015881186, 37.03023713914846], [-2.1475670965253357, 37.03066617655528], [-2.147914531331666, 37.03094603612805], [-2.1488178125960813, 37.03192243719149], [-2.1489736311010152, 37.03204461432015], [-2.1493758068558813, 37.03222597749076], [-2.150230313295466, 37.03244762765577], [-2.150974453873345, 37.03252380560713], [-2.1518124443897593, 37.03235032808558], [-2.152706756084321, 37.03221772466783], [-2.1531671347641756, 37.0321806281108], [-2.1535608550466296, 37.032203448783335], [-2.1551272897871607, 37.03260879996149], [-2.155435583280619, 37.03281200940456], [-2.1556583061024286, 37.03310745446118], [-2.1563335352983004, 37.03312271392313], [-2.1571284856399116, 37.03301794537665], [-2.1572528617754605, 37.03302604013321], [-2.157993140209066, 37.03326989926258], [-2.1582143709208172, 37.033314466312625], [-2.1584438924639224, 37.033310776128914], [-2.1585952104425923, 37.03324126880129], [-2.1586441276332224, 37.033189604268394], [-2.1586737969021983, 37.033129690535716], [-2.158692655230171, 37.03306113673525], [-2.158679064945566, 37.033110539554], [-2.15852500075403, 37.03306075011048], [-2.157896155034848, 37.03063853637755], [-2.1581164585439834, 37.03008299546248], [-2.157392681918335, 37.02921090925173], [-2.157051088574257, 37.029157106627274], [-2.156799072499949, 37.029162707583275], [-2.1564037923305714, 37.02919126708843], [-2.155647676809772, 37.02930550631225]], [[-2.1526792399844648, 37.023523613643505], [-2.152434702520898, 37.024031525590686], [-2.1521766457506684, 37.024116848630634], [-2.152146794868585, 37.024152511541054], [-2.152155693159291, 37.024272372761295], [-2.152282765819351, 37.02458228462222], [-2.1527312735490867, 37.024405836514774], [-2.153360128496223, 37.02479396590397], [-2.153699166732454, 37.02438110394662], [-2.15406384856501, 37.02427102780686], [-2.1534801508751755, 37.02336950953157], [-2.15330359016068, 37.02314245062272], [-2.1531826958598166, 37.02306523833948], [-2.1528593023625064, 37.02340537201535], [-2.1526792399844648, 37.023523613643505]], [[-2.159794765933018, 37.03239631771346], [-2.1595789689548424, 37.03250160212735], [-2.159509461509565, 37.03263632145222], [-2.1595533172498813, 37.03278879029722], [-2.1596815438299655, 37.03290661151118], [-2.1599423030716403, 37.033006621642585], [-2.16033574377145, 37.033095761738664], [-2.161007101671965, 37.03307464484501], [-2.1609514469317532, 37.032808875848424], [-2.1604829839932194, 37.03265088003631], [-2.1602348280357146, 37.03244783885137], [-2.1600301692826243, 37.03246063249796], [-2.159794765933018, 37.03239631771346]], [[-2.166174354469825, 37.031310779925704], [-2.165722868262386, 37.031101273165504], [-2.165651490363214, 37.03126419722093], [-2.1663155130667193, 37.031840539922705], [-2.1665159602110866, 37.03182193679746], [-2.1664876002975033, 37.03195812116549], [-2.1667217535443273, 37.031560981266985], [-2.1664009877408046, 37.03151933647833], [-2.166174354469825, 37.031310779925704]], [[-2.139614346968827, 37.028714187586644], [-2.140183434535135, 37.028985761180785], [-2.141369652215004, 37.02975658357105], [-2.141667277635215, 37.02990440483185], [-2.142114567514247, 37.03005060329722], [-2.142307995838912, 37.030086345376525], [-2.1432808883371095, 37.03011365562419], [-2.143722881798036, 37.0300810646145], [-2.144139065483381, 37.03010416873673], [-2.144503440086002, 37.03016547824112], [-2.1447196089947003, 37.030268895999605], [-2.1450003293819404, 37.03035087425088], [-2.145266929334822, 37.03051910525177], [-2.145717790693315, 37.03090950800691], [-2.145846013688389, 37.03126639359907], [-2.146079299373619, 37.031548591652374], [-2.146864190151934, 37.03199106122291], [-2.147359880371528, 37.03220483319656], [-2.147654089016722, 37.032509370206725], [-2.1479467658191433, 37.03288078013178], [-2.1480010194202737, 37.03290559794088], [-2.1484582260763108, 37.03287120115182], [-2.1489806154651587, 37.03296031265217], [-2.1497649933155434, 37.033017947317916], [-2.1500531284554834, 37.032970709041486], [-2.150444535373, 37.03296882485243], [-2.1508899417001657, 37.032903596097114], [-2.1512068145747425, 37.03290126611999], [-2.1516745957827856, 37.032846019847014], [-2.151880461657104, 37.032795660436065], [-2.1523536291681786, 37.03255917629638], [-2.1527579169328304, 37.03249067659703], [-2.1535162159625707, 37.032476708501804], [-2.1536900012909, 37.03250039331151], [-2.1538934401764287, 37.03257738242356], [-2.154241318956215, 37.03282008859598], [-2.1545655487437516, 37.033228665101284], [-2.1552729003410103, 37.033957626054175], [-2.155582983534212, 37.03453790339351], [-2.155640767643975, 37.034924569044755], [-2.1558769478969926, 37.0352029825941], [-2.156250981155201, 37.03549193101492], [-2.1572414107016997, 37.03609606443781], [-2.157929609490844, 37.03606949148649], [-2.1585605975736235, 37.03628552910192], [-2.158781606951996, 37.036391750030674], [-2.158962857282374, 37.036524550756425], [-2.1594724288722995, 37.0370556671885], [-2.1597505893947653, 37.037424691755916], [-2.1598810020912054, 37.037548928203634], [-2.1606857084771915, 37.037450334790904], [-2.160848441203499, 37.03749871976859], [-2.161178490013896, 37.03766952726079], [-2.1613257487086637, 37.03802076623841], [-2.1613887254131714, 37.03840845278835], [-2.161475204944302, 37.03851993748701], [-2.161537175405759, 37.03893736786812], [-2.1616032209379523, 37.039015446019526], [-2.1618117226444915, 37.03896202331037], [-2.162147201735282, 37.03870082500127], [-2.1623175521392506, 37.038322263652724], [-2.162955035963136, 37.03782702080863], [-2.1631799884807275, 37.037349507883235], [-2.1634738744475275, 37.03705556153976], [-2.1635518527690207, 37.03692738985042], [-2.163570573675471, 37.03681980324466], [-2.163314174476022, 37.03691516750889], [-2.162667312630869, 37.03747740666951], [-2.162224930611925, 37.03767466736557], [-2.1618810235920973, 37.03772100481601], [-2.1614326497826566, 37.03762490123615], [-2.159952291371025, 37.03682416261543], [-2.159370493195798, 37.03655151175634], [-2.158861773158092, 37.03636149014472], [-2.15863390072049, 37.036174634595874], [-2.158484839993514, 37.036100202656634], [-2.158158242611717, 37.03598457850847], [-2.1577456072421346, 37.03590106393716], [-2.1574045819481174, 37.03578885080131], [-2.1564237116575167, 37.034443290841345], [-2.156216256406943, 37.034220519385364], [-2.155851592944697, 37.033634171956315], [-2.1551416291813554, 37.03286724640682], [-2.1549685908509404, 37.03274558568399], [-2.1535998593271954, 37.03234569922321], [-2.153202136635648, 37.03228886692665], [-2.152909163051569, 37.03228623483207], [-2.1521051986307356, 37.032423271355306], [-2.1509891582041196, 37.0326876069843], [-2.149393582887921, 37.03235599818179], [-2.1491807267085994, 37.032277040888], [-2.1488161004624886, 37.03207584498027], [-2.14838052491045, 37.03165365373045], [-2.147937650804259, 37.031130901186444], [-2.147558186706386, 37.030799431177655], [-2.14618963171445, 37.02997913298807], [-2.145331555971953, 37.02952819940593], [-2.1447154207568286, 37.029399635588184], [-2.1433431456674583, 37.02935548254724], [-2.142935911378154, 37.02929674443906], [-2.1426277131480274, 37.02916931196977], [-2.141773402815643, 37.028406401763775], [-2.1413180437478734, 37.028138994050785], [-2.1410541288414855, 37.028083269684245], [-2.140778658483148, 37.02806532030226], [-2.1403296951829534, 37.02813868831965], [-2.139603332887547, 37.02843476513621], [-2.138841190925072, 37.02867252245701], [-2.1394517939440902, 37.02867217490323], [-2.139614346968827, 37.028714187586644]], [[-2.1650122048551945, 37.03741271962311], [-2.1657909722957105, 37.03783437906], [-2.1663934572017576, 37.03801772394817], [-2.166585052009534, 37.03815211816212], [-2.166713029402365, 37.03814021702137], [-2.165897404493206, 37.037530630783046], [-2.1653900561415185, 37.037202915655776], [-2.165006037975039, 37.03704147526243], [-2.1645317897553116, 37.03694655340588], [-2.1646843043695303, 37.0371580165326], [-2.1650122048551945, 37.03741271962311]], [[-2.1490664733739964, 36.96484321506402], [-2.1493893441261975, 36.96447783913375], [-2.14958342687213, 36.96447048562377], [-2.1496164867189136, 36.964255373017096], [-2.1499931528949956, 36.96425437434331], [-2.1500270454340638, 36.963883411924414], [-2.1473526037798467, 36.96370225102684], [-2.146506400808806, 36.967385508629356], [-2.1462257056867555, 36.968408044349765], [-2.145922967202541, 36.96959294658242], [-2.1460546308695423, 36.969077625818706], [-2.1468302029907136, 36.968911464461584], [-2.1475410674288815, 36.96863974889204], [-2.147746565568942, 36.96841833566036], [-2.147789134321267, 36.968257827904395], [-2.1479643697315414, 36.96795674932763], [-2.148080521331453, 36.96759449082494], [-2.1482435974321614, 36.967426644574715], [-2.147931569700492, 36.96730136184672], [-2.1500233692145336, 36.9656089705832], [-2.1490664733739964, 36.96484321506402]], [[-2.1333764893644074, 37.01951030219933], [-2.133585484439585, 37.01903372418889], [-2.1340027397119035, 37.018620047364784], [-2.134014709866391, 37.01852611749282], [-2.1340934807206495, 37.01842979055434], [-2.1340904890649273, 37.018307086607315], [-2.1342241464896063, 37.017911445199026], [-2.13421243949026, 37.01743730737411], [-2.1341496260201387, 37.0172171750415], [-2.1340499414606926, 37.01713577131949], [-2.1338068119790115, 37.017035292336985], [-2.133622914621472, 37.01688611836754], [-2.133393832244916, 37.01643969361022], [-2.132954574092473, 37.01614911498066], [-2.1328005871427873, 37.01589063672429], [-2.1326023640974427, 37.01568691120681], [-2.1325710848744786, 37.015462050729354], [-2.132496180230588, 37.015346933737135], [-2.1324992602091606, 37.015273761602536], [-2.1325620401427043, 37.015179842679025], [-2.1327198019776756, 37.01509608272912], [-2.132755537354003, 37.014849722066586], [-2.1325612767174387, 37.014505314996455], [-2.1324966339170413, 37.01455550183118], [-2.132365846201667, 37.014837408789845], [-2.1321770524642245, 37.01508986144398], [-2.132161722313987, 37.01523199214131], [-2.132217247490829, 37.01541033689112], [-2.1321487968896955, 37.01564699779683], [-2.1322914101932358, 37.01575873402485], [-2.132290329954072, 37.01582407848572], [-2.132245992687162, 37.01598645912572], [-2.1321242386864974, 37.01616512999913], [-2.1321200515470333, 37.01632573095566], [-2.132321448312179, 37.01675455846651], [-2.1324650405372587, 37.01681005354526], [-2.132594835777378, 37.0169124111546], [-2.132846967819102, 37.0173086214293], [-2.1328975298434623, 37.01744916040187], [-2.1328019655491186, 37.01776693081323], [-2.1327673839959314, 37.01803033647483], [-2.1326761336489874, 37.01817614895711], [-2.132471011653899, 37.01829201336681], [-2.13219391779551, 37.01835092276054], [-2.132223136993581, 37.01881572388577], [-2.132493439940577, 37.01898842752597], [-2.1326175065871382, 37.01901159929623], [-2.132715454801411, 37.019305179242295], [-2.1327974693083944, 37.01935887174821], [-2.133269665727101, 37.01960146598012], [-2.1333830592574454, 37.0195949927062], [-2.1333764893644074, 37.01951030219933]], [[-2.1265275478624774, 36.998922201939386], [-2.126970984054806, 36.99848278000873], [-2.1273878470510783, 36.99814520108325], [-2.127692253500532, 36.99806018176302], [-2.128369525156079, 36.99799673546826], [-2.1288885580466146, 36.997844330811155], [-2.1289941071570575, 36.99779318394846], [-2.1291947655974046, 36.99760112261779], [-2.129429416321048, 36.99746348526693], [-2.12959068852206, 36.99726599629325], [-2.1296271088234686, 36.99678211365619], [-2.1299511928135524, 36.9960641693058], [-2.1299021804736977, 36.99601612519431], [-2.129677554767874, 36.99595498498675], [-2.1292443801420893, 36.995772606745], [-2.1290396937730605, 36.99561867576074], [-2.129020135062909, 36.9955205484696], [-2.1291858687368674, 36.99543414699257], [-2.1293514131439535, 36.99528545613638], [-2.1296750231006842, 36.995220133171735], [-2.129921040005682, 36.99502119174272], [-2.1304381659813654, 36.99485704773035], [-2.1306569561706312, 36.99465069396264], [-2.131026518863624, 36.994388384106884], [-2.131127372665524, 36.994225876158815], [-2.13113532872367, 36.9940994658739], [-2.1310944941914145, 36.99393519956638], [-2.130952382134759, 36.993674461499374], [-2.130780290159419, 36.993441267302934], [-2.13078901506276, 36.992999998356076], [-2.1306317420804683, 36.992560939076284], [-2.1305458098234857, 36.99247891187186], [-2.130148823709656, 36.99236729266521], [-2.1298369233741616, 36.992333096488366], [-2.1290570175649424, 36.992443122776905], [-2.1292513675327056, 36.99260599208995], [-2.129447055147788, 36.99260228487761], [-2.1297699909062424, 36.99279286837027], [-2.1298232737225633, 36.99294920380965], [-2.129734773389639, 36.99297424531132], [-2.1292802916277185, 36.9927800827311], [-2.1289042308855515, 36.99285313703408], [-2.128529042304961, 36.9928014361987], [-2.1285214970759965, 36.99283238947897], [-2.1289058936693133, 36.992884698763156], [-2.1288932580457294, 36.99299791390214], [-2.1289622327652293, 36.9930689963647], [-2.12891588199935, 36.993132661194345], [-2.1288240825649583, 36.99313162690896], [-2.128643109789743, 36.993253972669514], [-2.1285521668751537, 36.99344377400426], [-2.1282993657220386, 36.9934003625078], [-2.1280412514862945, 36.99339909766172], [-2.128017325342747, 36.99359506977614], [-2.1279262761835747, 36.99366606335229], [-2.1278237036255927, 36.99362429532887], [-2.1277049235846244, 36.993653619884256], [-2.1276343601221788, 36.993524920108854], [-2.127451547153525, 36.99354251060721], [-2.1274205021880284, 36.99370291451333], [-2.127695648352332, 36.99376712999017], [-2.1279156113344855, 36.993763518083306], [-2.128007314641688, 36.99387146016913], [-2.1282488307448033, 36.99399789985929], [-2.128683666308639, 36.99402326744544], [-2.1290791479909497, 36.99384362886487], [-2.1293239731428124, 36.99364053335917], [-2.1300473938694493, 36.99323154727719], [-2.130104840587882, 36.99311117867749], [-2.13014225354914, 36.99311190356488], [-2.130118348759643, 36.99320781922777], [-2.130072103172186, 36.99325246091853], [-2.1293909585009736, 36.99363976271355], [-2.1291606317012217, 36.99383286888154], [-2.1289106213476576, 36.993978145291905], [-2.1286451570825875, 36.994059492056934], [-2.128175318690237, 36.99400925861514], [-2.127856157105226, 36.99411886967605], [-2.1277373933119827, 36.99437300721624], [-2.1275882384020286, 36.99446412575821], [-2.1275036757909462, 36.99473446945372], [-2.1273927188450115, 36.994885452021364], [-2.1273895279337296, 36.99537174174053], [-2.127660141980409, 36.99547955696938], [-2.1276882706981852, 36.9957619064489], [-2.1278333888033223, 36.995847345260046], [-2.1281464864624264, 36.99580736913647], [-2.1281525919467628, 36.99597147142925], [-2.1278496669548463, 36.9962030728901], [-2.127986277579167, 36.996275829199114], [-2.1281919889874183, 36.99627103042178], [-2.128279369228674, 36.99666937174881], [-2.128171351931096, 36.99680883847428], [-2.128102568691571, 36.996848716593306], [-2.12809587747174, 36.99677529230891], [-2.127997603877596, 36.99674050141045], [-2.127828780725414, 36.99678216833067], [-2.1277505043195273, 36.9969447491245], [-2.1273621198360377, 36.99716102816951], [-2.1267907164362176, 36.996998632118505], [-2.1265559295559444, 36.99687277985121], [-2.1263028284639622, 36.99687434243336], [-2.1262228534084215, 36.99691008070955], [-2.1262029777952605, 36.99694797407279], [-2.1263374984895744, 36.996997099830566], [-2.126806696331024, 36.99709501621668], [-2.126947736513514, 36.997183400767724], [-2.127120605163741, 36.997397496089384], [-2.1264011883463128, 36.997854903652524], [-2.126380451940615, 36.99855740329969], [-2.1265275478624774, 36.998922201939386]], [[-2.1253864207573034, 36.99167635563382], [-2.1248353470278465, 36.99145992052267], [-2.124463519344929, 36.991478095822], [-2.1242588998433574, 36.9916337931257], [-2.1241880782025238, 36.99179336188348], [-2.1241373950477875, 36.99204835874281], [-2.1240515859790654, 36.992191411064105], [-2.123887546100169, 36.99225762623433], [-2.123665759222, 36.992273656757845], [-2.123408839376356, 36.9921784632572], [-2.1233316981612624, 36.99237881889425], [-2.123499196315124, 36.99247154945478], [-2.123559183790252, 36.99242439770322], [-2.123694961260445, 36.99240232395242], [-2.123838233079214, 36.99250082451855], [-2.124099645807498, 36.99243956464361], [-2.1242870060972776, 36.992456446888575], [-2.1243067586256927, 36.99235085665714], [-2.1242135457790083, 36.99224777273401], [-2.1246929685443012, 36.99185224817231], [-2.1249089087947506, 36.99184617832237], [-2.125112359306867, 36.99199848476715], [-2.1251929215956986, 36.992225513957166], [-2.124837452793373, 36.99241426400877], [-2.1248674865942236, 36.992450902602336], [-2.1252707070669676, 36.992429626686075], [-2.125406659487156, 36.99247074144573], [-2.1255553346653135, 36.99247048018726], [-2.125688222741482, 36.99244504763223], [-2.1257696129859642, 36.9923932749028], [-2.1256764205351164, 36.99231768091575], [-2.125464848795746, 36.99232487054534], [-2.1254589122804672, 36.99222504017782], [-2.1252684937273214, 36.99214160832028], [-2.125253916013844, 36.992021162000945], [-2.1251922494793014, 36.99195012674966], [-2.1252177802820964, 36.991869728412176], [-2.125392017716437, 36.991796014640514], [-2.1253864207573034, 36.99167635563382]], [[-2.121560918997248, 36.990715696658285], [-2.1215190832586304, 36.99058179736339], [-2.121385328104176, 36.9907408986742], [-2.1213435432844214, 36.990837040766735], [-2.121461495073044, 36.99124102652521], [-2.1215925964900295, 36.991244340455076], [-2.1216920226314935, 36.99131484569346], [-2.1218277503532565, 36.99130674562809], [-2.121484963855719, 36.99079310691717], [-2.121516000573308, 36.99073258125731], [-2.121560918997248, 36.990715696658285]], [[-2.1421523060631547, 36.971356345519574], [-2.1420400946395612, 36.97108429766059], [-2.141940224879372, 36.970963867448084], [-2.1412155348087154, 36.97040001822128], [-2.141052922699073, 36.970144731800765], [-2.140594564400785, 36.969734694462275], [-2.14041982908169, 36.969528807329226], [-2.139919792900797, 36.96963903525241], [-2.1396311017236136, 36.969776397609216], [-2.13962211928803, 36.970384790434565], [-2.1397733509343637, 36.97068262893864], [-2.1398001459358396, 36.97080730905116], [-2.1397879483458024, 36.970912866985664], [-2.139682956941455, 36.971108074721414], [-2.1396822656970977, 36.971219394956634], [-2.13971772315461, 36.97136297750412], [-2.139782539877715, 36.97144385372338], [-2.139959932769171, 36.971503640986086], [-2.1402634634171296, 36.97145581063261], [-2.141576577849858, 36.971413210236946], [-2.1421523060631547, 36.971356345519574]], [[-2.1417029590663472, 36.97310500562736], [-2.1408391946086276, 36.973718483298796], [-2.1409721509763595, 36.97387403870439], [-2.1410716115372135, 36.97394110274136], [-2.1411317990708385, 36.97391386462073], [-2.1416132932479868, 36.973526311492165], [-2.141885874095586, 36.97324379423623], [-2.1417029590663472, 36.97310500562736]], [[-2.1469691976040823, 36.971346152824594], [-2.1470658230167037, 36.970892261196624], [-2.1467455443516608, 36.97089113168536], [-2.1461026889369768, 36.970812507821734], [-2.146035748399971, 36.9712233440321], [-2.1469691976040823, 36.971346152824594]], [[-2.144034456633086, 36.973540362531516], [-2.1442913245569697, 36.97328576054398], [-2.1443132749202176, 36.97322173772205], [-2.1441931810003374, 36.97287012995364], [-2.143186608128846, 36.97309561620247], [-2.1434211043842035, 36.973393785005385], [-2.1436119670443676, 36.97349539971082], [-2.1440030529222946, 36.97362586104897], [-2.144034456633086, 36.973540362531516]], [[-2.145115501269603, 36.97105545735981], [-2.1448980326194245, 36.96986789371856], [-2.145221450279465, 36.96984912941873], [-2.1453136003862774, 36.969886660885855], [-2.1453961693281416, 36.96999740872392], [-2.1457734574053395, 36.969953340219604], [-2.146451456060309, 36.967376460009184], [-2.1472968360896507, 36.9636967124372], [-2.1473507630821858, 36.96284994457537], [-2.1472642517970204, 36.962397625861676], [-2.1476913305420355, 36.961803406344934], [-2.147981521660416, 36.96157833096871], [-2.148119118236427, 36.96140759755263], [-2.1472287852276786, 36.96122660571621], [-2.1466034283633095, 36.96116748660467], [-2.144687377391346, 36.96107122434966], [-2.144928970393163, 36.95896363930609], [-2.143838535007224, 36.95916157619519], [-2.143724702010137, 36.95933626202284], [-2.142706753961505, 36.96008124264807], [-2.1425495215455537, 36.960339355935695], [-2.1422601914106463, 36.960551877381015], [-2.142425216457268, 36.96106174918183], [-2.1424922618238327, 36.96153936435516], [-2.142592783670017, 36.96177094409287], [-2.1425563815329505, 36.96201199150296], [-2.1424165858584114, 36.9623775896042], [-2.1423438488683706, 36.96248298112897], [-2.142031810871173, 36.962771705279636], [-2.141514971952907, 36.96350217633057], [-2.141267779356113, 36.96370762979455], [-2.1408705059709257, 36.96395327740162], [-2.1406230408754285, 36.964172695022356], [-2.140234020931201, 36.96493266029333], [-2.1397992738255645, 36.96558268021856], [-2.1392630205837415, 36.966906404784766], [-2.1390066461411488, 36.967207422869606], [-2.1386681420299682, 36.967349645465326], [-2.1386051305174707, 36.96744843460767], [-2.13866952944463, 36.96770508522181], [-2.139051889398481, 36.96804787389634], [-2.1393906945264303, 36.9687477584067], [-2.1394960384959734, 36.96906987794198], [-2.139632764493487, 36.969738459910985], [-2.1399050699162876, 36.96960963697691], [-2.1401959504453583, 36.96954719773946], [-2.1400356498705286, 36.96922800250966], [-2.1400755089354955, 36.96922261677712], [-2.1402341578207, 36.969536206686904], [-2.1403762408248523, 36.96948882929326], [-2.1404660827857325, 36.9695215702761], [-2.1406262323545677, 36.969715813600324], [-2.1410850339697864, 36.97012639487681], [-2.141246647299356, 36.97038059232716], [-2.1419710024423604, 36.970944258661696], [-2.1420753018739824, 36.97107039979921], [-2.142223853580819, 36.971397786896695], [-2.1428612950769206, 36.971257983323376], [-2.1434178048411785, 36.97105124346232], [-2.143644181093042, 36.97100077448966], [-2.143500737745479, 36.97098901286195], [-2.143457329064999, 36.970942817455985], [-2.1432014893346185, 36.9692022920898], [-2.1432518270643146, 36.969204498296826], [-2.143506384095169, 36.97095633207636], [-2.144279908237519, 36.97088312580587], [-2.1450151995550617, 36.970862732763216], [-2.145086929810962, 36.971149089379374], [-2.145115501269603, 36.97105545735981]], [[-2.1474120620645936, 36.9688826022669], [-2.147396879175579, 36.96892954419634], [-2.1474166591570665, 36.968868389690584], [-2.1474120620645936, 36.9688826022669]], [[-2.147799929096371, 36.968670575424866], [-2.147779182707036, 36.96872775681417], [-2.147785852844179, 36.968709372909075], [-2.147799929096371, 36.968670575424866]], [[-2.146913230035368, 36.972445121721904], [-2.1468405654907206, 36.9725235638932], [-2.147013528977138, 36.9725184066315], [-2.146913230035368, 36.972445121721904]], [[-2.1417484267516484, 36.9721469457514], [-2.1417035762391263, 36.97217916274246], [-2.141740392126819, 36.972212150401816], [-2.141785242643733, 36.97217993339707], [-2.1417484267516484, 36.9721469457514]], [[-2.14286797937769, 36.975341274286805], [-2.141501583256678, 36.976070478770154], [-2.1412626543002347, 36.97618674640556], [-2.1417249616258323, 36.97604829194106], [-2.1419214212623707, 36.97596200407137], [-2.142061882637895, 36.9758498912065], [-2.142288412148783, 36.975787617469344], [-2.142611298937631, 36.975578116452105], [-2.14286797937769, 36.975341274286805]], [[-2.1401211669500975, 36.97636588893698], [-2.1400818151233127, 36.976381928588204], [-2.1400544612609784, 36.976393079306625], [-2.1401211669500975, 36.97636588893698]], [[-2.1382173899957793, 36.97765941110669], [-2.1381377825229424, 36.977723122321756], [-2.1380215822470316, 36.97769711108217], [-2.138010165120952, 36.977863628157884], [-2.1382173899957793, 36.97765941110669]], [[-2.1390823831828034, 36.97501741063375], [-2.1390954055931757, 36.97498838925403], [-2.1390442275410146, 36.97497368556958], [-2.1390312051139366, 36.97500270694353], [-2.1390823831828034, 36.97501741063375]], [[-2.1386997032189736, 36.97969515774327], [-2.1391465747202982, 36.979891933436136], [-2.1392683616948247, 36.98007264933076], [-2.1393033054622195, 36.98017232904862], [-2.139313107426832, 36.98056893371106], [-2.139385773869765, 36.9806812363074], [-2.1398040073685727, 36.98100724096987], [-2.1402735086898206, 36.98111151068806], [-2.139858328659672, 36.980862866914606], [-2.139717840494372, 36.980736736666145], [-2.1395728624616615, 36.98040071918834], [-2.139482945086265, 36.97997450817744], [-2.139107173512752, 36.97971920651403], [-2.1386997032189736, 36.97969515774327]], [[-2.1406196262133315, 36.97644025957925], [-2.1401425628468194, 36.97638851686787], [-2.140142562846817, 36.97638851686787], [-2.1406196262133315, 36.97644025957925]], [[-2.1382072149100235, 36.97948212073294], [-2.138211969752286, 36.979485463903515], [-2.1381744036759347, 36.97945905008097], [-2.1382072149100235, 36.97948212073294]], [[-2.1381499516079714, 36.97775140701868], [-2.138174978755467, 36.97773144652347], [-2.138242124062147, 36.977677889436436], [-2.1381499516079714, 36.97775140701868]], [[-2.1380057059234323, 36.9781384201351], [-2.1379950214537424, 36.97808460002348], [-2.137994861883996, 36.97808380561714], [-2.1380057059234323, 36.9781384201351]], [[-2.1369529845629573, 36.98069178914976], [-2.1372226268526315, 36.98037482766664], [-2.1368623425102142, 36.9801619079788], [-2.1369529845629573, 36.98069178914976]], [[-2.1369179621077574, 36.980967368242695], [-2.1369215453716213, 36.98094159122278], [-2.1369217534184286, 36.980940082861295], [-2.1369179621077574, 36.980967368242695]], [[-2.1387396352907992, 36.98040882933976], [-2.1390229889033914, 36.980549973448774], [-2.139444126668196, 36.98100698090871], [-2.1396746378232367, 36.9811409752586], [-2.139747890307304, 36.981151421699124], [-2.139244151987736, 36.98067579258415], [-2.139212631080061, 36.98024234274742], [-2.1389743496545304, 36.980329584653525], [-2.1387707035317205, 36.98025419119814], [-2.1386517209148317, 36.98032363852629], [-2.1387396352907992, 36.98040882933976]], [[-2.136524243335572, 36.983803247860834], [-2.1365355532717176, 36.98421428607505], [-2.1365869893534546, 36.98436573765961], [-2.1372305235873115, 36.98486105775893], [-2.1374742669367377, 36.98517723869783], [-2.1374952630326645, 36.98546728687348], [-2.1373134531999893, 36.98600492275838], [-2.137288986682757, 36.98624163723041], [-2.137342783406231, 36.986403201474424], [-2.137561932886102, 36.98676833515987], [-2.1375701886607468, 36.98709209380452], [-2.137538594509247, 36.98711367853807], [-2.1375400856604934, 36.98677259337129], [-2.137322030326299, 36.986410081705806], [-2.1372666006940917, 36.98624336751067], [-2.1372913525771873, 36.98600178746791], [-2.1374794802837274, 36.98542210136243], [-2.137478130263091, 36.98528291281088], [-2.137431594744257, 36.98513510289828], [-2.1372133133387794, 36.98487265109183], [-2.136842369880337, 36.98457645314055], [-2.1368068275292207, 36.98461937256249], [-2.1367023348562335, 36.98464872001362], [-2.136436009611421, 36.984561328573726], [-2.1363590714116896, 36.98470769978058], [-2.136751674293248, 36.984916168607505], [-2.1369731300615595, 36.985086974757394], [-2.1370375129188623, 36.98526619375089], [-2.13721030907969, 36.985447097635294], [-2.1371401007516373, 36.98565427372742], [-2.1370627073165287, 36.98569175092638], [-2.1370234612867547, 36.98577403538622], [-2.137007426938513, 36.985999813822175], [-2.1368434221377646, 36.986144650886494], [-2.1367724200106797, 36.98627276672592], [-2.1369908791651677, 36.9864699625397], [-2.136909085923314, 36.98651885563088], [-2.137141573622882, 36.986927084620966], [-2.1372726596434157, 36.9869610292418], [-2.1373066562533185, 36.98717446130967], [-2.137036729782305, 36.98753432784909], [-2.136709641855187, 36.98754294680752], [-2.1346785967433877, 36.98716462183545], [-2.134559012473212, 36.987295807527374], [-2.134612450450688, 36.9873993191322], [-2.1350889151356753, 36.987427310238225], [-2.1354655255116475, 36.98751082060659], [-2.135703391004096, 36.987641450776614], [-2.1361754115333804, 36.98763533163593], [-2.1365080705752666, 36.98776016429286], [-2.136986029352266, 36.98773524552694], [-2.137230621321642, 36.98767852160087], [-2.137678409211535, 36.98717076239258], [-2.1376501535732624, 36.98701605434505], [-2.137598437453071, 36.98694879353251], [-2.1375986622367247, 36.986689998484124], [-2.1373952470652013, 36.9862549391315], [-2.137446505368762, 36.98597406961728], [-2.1375916196640774, 36.985501790069854], [-2.137567835253671, 36.98519991309379], [-2.1374256701451153, 36.98495324859316], [-2.137128280297794, 36.984711130133064], [-2.136600457381024, 36.98412849256516], [-2.136548172687467, 36.984012370349866], [-2.136563267568712, 36.983800196469076], [-2.136524243335572, 36.983803247860834]], [[-2.1354022300838165, 36.98397815893391], [-2.135240588659779, 36.98400366347193], [-2.13539439510109, 36.984054902579025], [-2.1354022300838165, 36.98397815893391]], [[-2.1307973149028836, 36.992547188148535], [-2.130825896161779, 36.991971122664744], [-2.13066394921365, 36.99187375569018], [-2.1306876281808735, 36.99148163766207], [-2.130342890702425, 36.9909460153855], [-2.1303012350461508, 36.99070611396666], [-2.1303880436138143, 36.990493835628854], [-2.1302935198451314, 36.990475745786135], [-2.130202914105412, 36.99057739255322], [-2.1303099362623494, 36.99102753231917], [-2.130102694610891, 36.991049540672044], [-2.130087958192383, 36.99112983892739], [-2.1303550093512493, 36.991125215413284], [-2.130371856694042, 36.99116545182706], [-2.130345853402048, 36.9912088898225], [-2.130188886294902, 36.99118754800095], [-2.1301597483269674, 36.99127927884797], [-2.1302153869027505, 36.99129780500507], [-2.130117483024985, 36.99140868278716], [-2.129957452297537, 36.99141949873394], [-2.130126848874442, 36.99150394088233], [-2.1300848262117666, 36.991819218414435], [-2.130151091322919, 36.99216818666262], [-2.1300104944309917, 36.99220907206859], [-2.130554202249449, 36.99238333319083], [-2.1306397890597024, 36.992446337998786], [-2.1307588142052647, 36.992612439096554], [-2.1307973149028836, 36.992547188148535]], [[-2.128612421673988, 36.99029890842011], [-2.1275313934541185, 36.989621040264836], [-2.1275005064680546, 36.989550863402016], [-2.127554686396911, 36.98955919408508], [-2.127570749060628, 36.9895007201383], [-2.1273236960702953, 36.98928978023375], [-2.127338714962774, 36.989175140458514], [-2.1272424719838208, 36.989052020651705], [-2.127488282488729, 36.98901749615497], [-2.127472988086431, 36.98894969193579], [-2.127253337158766, 36.98870099919103], [-2.127136762450781, 36.98863632181681], [-2.126481910061554, 36.9886626035106], [-2.125816613049479, 36.98880617346801], [-2.125722148246256, 36.98885224688064], [-2.126480740646781, 36.989236526128224], [-2.1267551637803392, 36.98919590830882], [-2.1274995877652922, 36.9896804801879], [-2.128575384865023, 36.990501725413054], [-2.1287003359611574, 36.99038410653098], [-2.128612421673988, 36.99029890842011]], [[-2.124828641553828, 36.98906319297909], [-2.124344665057064, 36.98896506526869], [-2.1241688491471233, 36.988990720486186], [-2.123910167293783, 36.98915782692314], [-2.1238705745013355, 36.98926894962481], [-2.123741337468142, 36.989309104712895], [-2.123412332243619, 36.989523195477304], [-2.1230540026490208, 36.98970786282306], [-2.123005858456757, 36.98975131590842], [-2.122968911033259, 36.98986678462612], [-2.1225973174959454, 36.99003152143459], [-2.1223601472557543, 36.99026224755214], [-2.121811097924318, 36.99037032280702], [-2.121592113818874, 36.99053393184491], [-2.1218983974128305, 36.99111436550031], [-2.122283297052817, 36.99149381883008], [-2.12242041738094, 36.99174596683631], [-2.122748100447567, 36.9918633194215], [-2.1230864912082876, 36.99190944830123], [-2.123731894862249, 36.99216074702671], [-2.1239218986865773, 36.99217242566095], [-2.123993512701661, 36.992130497560076], [-2.12408755383431, 36.9918379613012], [-2.1239935781426786, 36.99173288395278], [-2.1237405213661216, 36.991751658518496], [-2.1232798078332267, 36.99164225018002], [-2.123208135131483, 36.99156204021628], [-2.1231138051162697, 36.99155647575784], [-2.123013537555614, 36.99150038812518], [-2.122838801389136, 36.9913629833578], [-2.122840002345404, 36.99129754951356], [-2.1230183144374988, 36.991113716435585], [-2.1230669270381597, 36.991127416525664], [-2.12311597543263, 36.991289132141425], [-2.123201704644358, 36.99127056528794], [-2.12373262155818, 36.99147053904103], [-2.123838110509551, 36.99134529992954], [-2.123963794798533, 36.99126248612899], [-2.1243053202562203, 36.99121146212787], [-2.124440281171261, 36.99082908590019], [-2.124687246139006, 36.990694428555834], [-2.1249146059247903, 36.990691778119945], [-2.1249961990730215, 36.99073988418745], [-2.1250347027759644, 36.99072376225656], [-2.124866921207697, 36.99051862529401], [-2.124873931038789, 36.99046585404811], [-2.1248050950896853, 36.99039251219194], [-2.1246958939409195, 36.990174650732996], [-2.1246656319880453, 36.990059947851854], [-2.124729522380847, 36.98988770782719], [-2.1248921429268917, 36.9897290859093], [-2.1251324108106413, 36.9897470779618], [-2.1251519851381016, 36.98957838714942], [-2.125532526075647, 36.98967187354478], [-2.1255752569889634, 36.98962017666914], [-2.125243176997024, 36.98945547517136], [-2.125076970118637, 36.98933868878067], [-2.125019485920855, 36.98920684322117], [-2.124828641553828, 36.98906319297909]], [[-2.124936382275909, 36.99139026489292], [-2.1252873643519727, 36.99157322497489], [-2.1259209563053765, 36.99175726937407], [-2.125635900206689, 36.99152828829083], [-2.12528232956059, 36.991375056854956], [-2.124936382275909, 36.99139026489292]], [[-2.1258029589773266, 36.988771909267406], [-2.1264751261621813, 36.98862694767639], [-2.1271501478817245, 36.98859531569405], [-2.1270689784197865, 36.98833321815403], [-2.1267880230434337, 36.98835576035948], [-2.126451777606155, 36.98821212921498], [-2.1263956618556925, 36.98827490547358], [-2.1262628592393296, 36.98825373632607], [-2.1259793173349166, 36.98813897199286], [-2.125872665252784, 36.98806165648278], [-2.125944310360814, 36.988026397852465], [-2.125737521045075, 36.987753729214575], [-2.1254558503219947, 36.98779032509251], [-2.125455300077222, 36.987858017347065], [-2.1252683538837984, 36.9878353709883], [-2.125003105408036, 36.98774246324931], [-2.124995319908663, 36.9878433644], [-2.125036160324474, 36.987927226658684], [-2.125147035421702, 36.98801836569749], [-2.1254274858486446, 36.98816744865864], [-2.125696998849375, 36.98825119242577], [-2.125797940200057, 36.9883365787744], [-2.1259386206634603, 36.98865130733327], [-2.1254843320626815, 36.98862984290065], [-2.12494657494505, 36.98848877912155], [-2.1248507967867574, 36.98850204496868], [-2.1248576003709307, 36.98854572363439], [-2.125159760963206, 36.98865368245381], [-2.125665269985825, 36.98870635382328], [-2.1258029589773266, 36.988771909267406]], [[-2.127962702534082, 36.98842694949876], [-2.1285312809841375, 36.98803378106485], [-2.128671647353575, 36.9878942807685], [-2.128839999936713, 36.98790146575616], [-2.129005363955886, 36.987855891245964], [-2.12920917439753, 36.98784828223294], [-2.1296659764132455, 36.98767892108301], [-2.1298879226080873, 36.98769695393909], [-2.130151472708799, 36.98761388196665], [-2.1302068596088852, 36.98747664160943], [-2.1303052696236255, 36.98748863035352], [-2.130428452187112, 36.98726904644777], [-2.13044549244609, 36.98709483742273], [-2.13030998391396, 36.986896885304404], [-2.1301789916149074, 36.98684463495227], [-2.130073773307472, 36.986966817056064], [-2.130016939178965, 36.98711324119971], [-2.129857027978602, 36.987094130935596], [-2.1298092088580116, 36.98700102469563], [-2.129818066908068, 36.98696323015986], [-2.1298883865780005, 36.986925705869815], [-2.1298564289717357, 36.98682117778564], [-2.129941171964518, 36.986750496937525], [-2.129928733373331, 36.9867080392147], [-2.1297187325431675, 36.98670695501169], [-2.1295754997040044, 36.98675322916526], [-2.129207390126669, 36.98671348118734], [-2.129140071798647, 36.9865468563739], [-2.129262411065417, 36.98644084588738], [-2.1295009554799473, 36.986431778436604], [-2.129796621110624, 36.98643899418318], [-2.130114152501474, 36.986558771505614], [-2.1302884803201008, 36.98654472479185], [-2.1303245551347834, 36.98650478593529], [-2.130391186136808, 36.986198977389265], [-2.130465268312476, 36.986047992017006], [-2.13049846115665, 36.98582684733991], [-2.1304346849629283, 36.98576346132566], [-2.130366094541073, 36.985767646223444], [-2.130324019074279, 36.98567341040788], [-2.1302238454568494, 36.985698096406026], [-2.129843652783305, 36.985910658410305], [-2.129603121965766, 36.98597587021906], [-2.1294803136283704, 36.985975240108], [-2.129415105187198, 36.98591878395229], [-2.129246415884869, 36.985576270535546], [-2.129186910455537, 36.98551291518252], [-2.1287766213213097, 36.985378928905135], [-2.1281665976835606, 36.985388426672685], [-2.1279478151083575, 36.98542855520911], [-2.1275784206720796, 36.98554131236778], [-2.127328671468689, 36.98569587228468], [-2.127281735270781, 36.98566352695682], [-2.1272538926720728, 36.98557291023279], [-2.1273585121917713, 36.98500119001868], [-2.1272755924112237, 36.985000760714726], [-2.1271066929566813, 36.9854058772255], [-2.127096939916833, 36.98573824772969], [-2.1270600021151735, 36.9858929295084], [-2.1271110306453687, 36.98593098393583], [-2.1273970640209523, 36.98606316121274], [-2.127484553768834, 36.986017741956196], [-2.127476458714784, 36.985791877753016], [-2.1275486750235464, 36.98568667244075], [-2.1278964927374053, 36.985593407736076], [-2.1280651083289466, 36.985587435054306], [-2.128151828181884, 36.98562908643438], [-2.1281670112047277, 36.98569680415032], [-2.1281364852250415, 36.98577229889887], [-2.127916363146843, 36.98596953434083], [-2.127271899688234, 36.986357274502794], [-2.1271559357045624, 36.986396805309724], [-2.127241115199249, 36.9868192040832], [-2.127366798626594, 36.98681417873457], [-2.1276332746949187, 36.98654372948839], [-2.127734733943355, 36.98671168771405], [-2.127993730768227, 36.98700771806672], [-2.128156072438253, 36.98706930537571], [-2.1282312033624042, 36.98714197042736], [-2.128252012067296, 36.98721892387396], [-2.12802506222872, 36.98720625970676], [-2.1277149850998605, 36.987752858124445], [-2.127635106638919, 36.98827301444951], [-2.1276848218162794, 36.98831799987434], [-2.1277607300137746, 36.98829313775346], [-2.127923328170273, 36.988322636869796], [-2.127962702534082, 36.98842694949876]], [[-2.1321601509898955, 36.98751644808305], [-2.1325732805350173, 36.98757995273412], [-2.1333423219635645, 36.98747190138565], [-2.1340939112343604, 36.987475313059164], [-2.133730852018421, 36.98725722566178], [-2.1332486270672177, 36.987192859980205], [-2.1333489112679818, 36.987148611516744], [-2.1334584544612105, 36.98703105527899], [-2.1342234078663034, 36.98711406857844], [-2.134230984932049, 36.98706021914959], [-2.134081278422193, 36.98701360566126], [-2.1337143714630566, 36.98681793540618], [-2.1330660121679315, 36.986807793567], [-2.1329960688783207, 36.98679249950907], [-2.132989402960888, 36.9867362925919], [-2.1329341455121678, 36.986684418119886], [-2.1327790666194, 36.98659647888972], [-2.1325650308093413, 36.986574723308074], [-2.1324763171186105, 36.98659949494324], [-2.13220117197692, 36.98670475234088], [-2.132290463851525, 36.9870346923975], [-2.132306791726923, 36.98725917422068], [-2.132290491821845, 36.98732900496174], [-2.1321601509898955, 36.98751644808305]], [[-2.1264412255908196, 36.98809279428103], [-2.126568640835537, 36.98805442565142], [-2.1266238320715454, 36.98813145206457], [-2.1267172115184803, 36.988052724361665], [-2.126770133676536, 36.98784659936761], [-2.126656975392365, 36.98767981626156], [-2.1267752437791305, 36.98751753009887], [-2.126685476535799, 36.987476936997126], [-2.126610943218154, 36.98729313532487], [-2.126493496222748, 36.98734428281947], [-2.1258070034109893, 36.98700408283219], [-2.1257491473710797, 36.986894946008775], [-2.125717702454105, 36.98668720851571], [-2.125976488686375, 36.986676854972764], [-2.1259982552971177, 36.98662076689314], [-2.125932757585498, 36.98658044205409], [-2.1257800048617783, 36.98656489453826], [-2.125684737140787, 36.98649451345326], [-2.1255199098646176, 36.9865718171408], [-2.124867170857282, 36.9865230176712], [-2.124866830764062, 36.986572322603216], [-2.1249649862362325, 36.98663578472624], [-2.125266273695856, 36.98666234349842], [-2.125526513410694, 36.986642807206564], [-2.125554985737351, 36.9868745906506], [-2.1254832818119387, 36.986905251404295], [-2.125736947260303, 36.987214768584785], [-2.1258483734266473, 36.9876406968041], [-2.1261380488687047, 36.98770043010692], [-2.1262140534179896, 36.987863604979225], [-2.1264412255908196, 36.98809279428103]], [[-2.1246381874031757, 36.98699204857874], [-2.1241140790068527, 36.98673975688245], [-2.1239981565814103, 36.98676567351963], [-2.1246738197929083, 36.987217034247685], [-2.1247826840205684, 36.987375674828485], [-2.1248110882244133, 36.98761322696892], [-2.1250063634071634, 36.987477651373155], [-2.124916250067119, 36.9872903039292], [-2.124736112705866, 36.98708543618997], [-2.1246381874031757, 36.98699204857874]], [[-2.131320467742901, 36.98232329048748], [-2.131242913537707, 36.98237446427309], [-2.1312420038060793, 36.982484610741885], [-2.1312834124726536, 36.98266709009541], [-2.1313675212300494, 36.982681316961035], [-2.1314483925388155, 36.982575090805184], [-2.1314566248052147, 36.982434079315304], [-2.131320467742901, 36.98232329048748]], [[-2.134411696318265, 36.98442949108407], [-2.134867779578509, 36.984369896950774], [-2.1346378667547157, 36.98418298002293], [-2.134411696318265, 36.98442949108407]], [[-2.1343479939731025, 36.981998175785336], [-2.1344836664645275, 36.98218233297851], [-2.134616135358768, 36.98223224567118], [-2.134652127250345, 36.982199245753065], [-2.1345733701568506, 36.98203939123868], [-2.1344184886110975, 36.98194460479496], [-2.1343479939731025, 36.981998175785336]], [[-2.12528391181047, 36.98680002950838], [-2.1252718283102614, 36.986687533928375], [-2.12507419729442, 36.98675431461204], [-2.12528391181047, 36.98680002950838]], [[-2.131454271534957, 36.98633854302938], [-2.1314402335490064, 36.98629832729578], [-2.131244139412157, 36.98617123492014], [-2.131201474079983, 36.98615839298008], [-2.131106665309176, 36.9862152093999], [-2.1311133810600738, 36.98626690970353], [-2.1311830719200437, 36.98631420329391], [-2.131454271534957, 36.98633854302938]], [[-2.130299503959526, 36.98678106670504], [-2.1304003465145898, 36.98684580602698], [-2.1304637411452103, 36.98677496841012], [-2.1304374919793974, 36.98666245968776], [-2.130256079793931, 36.98667645471262], [-2.1301850461942906, 36.9867964535601], [-2.130299503959526, 36.98678106670504]], [[-2.13071498005112, 36.98607451520887], [-2.130847187049737, 36.98615769243911], [-2.130936213468456, 36.98610543111611], [-2.130817330329791, 36.985967184873104], [-2.1306225680972495, 36.98602930848354], [-2.130641970618422, 36.986101654016124], [-2.13071498005112, 36.98607451520887]], [[-2.1324158655138303, 36.98803446813107], [-2.132523564046402, 36.9881587492186], [-2.1324483059310246, 36.98831450474465], [-2.1325310349304973, 36.988332055963696], [-2.132608340281758, 36.988520475956776], [-2.1325022782082503, 36.98857856335187], [-2.1329095637161615, 36.98876146175611], [-2.1329391640004367, 36.988846411068764], [-2.1335203823755977, 36.98816909448719], [-2.1339382121383967, 36.987858090329716], [-2.1343041656164594, 36.98748396778475], [-2.1337704992525293, 36.98752640743242], [-2.133344609531712, 36.98750797473238], [-2.132573768980165, 36.98761610308767], [-2.132364863809803, 36.98756779285097], [-2.1321004915830852, 36.987555313643256], [-2.132105329505882, 36.98768335009177], [-2.1323459261381568, 36.9878104959111], [-2.1324158655138303, 36.98803446813107]], [[-2.1324725501709603, 36.988979836727445], [-2.132394788184978, 36.98906904940571], [-2.1323974149954767, 36.98916425811667], [-2.132493558361178, 36.989029748416456], [-2.1327574390682695, 36.988907822076776], [-2.13270744028729, 36.98887761991069], [-2.1324725501709603, 36.988979836727445]], [[-2.1301205294722907, 36.988535262762795], [-2.1301319000909085, 36.98831630205322], [-2.1299985016623393, 36.988189486782005], [-2.1301541845892937, 36.98819477421908], [-2.1301369287108933, 36.98777603024992], [-2.130221290216858, 36.98774879466784], [-2.130164226597262, 36.98764840951183], [-2.1298536046900693, 36.98774042105116], [-2.1296468463162848, 36.987720786799805], [-2.129218103034595, 36.98788368323074], [-2.1295975184921425, 36.98815454697114], [-2.1298313199717023, 36.98820719109318], [-2.1298073059925873, 36.98839171514735], [-2.1296737338630787, 36.98850701851378], [-2.1296801280392565, 36.988626322696334], [-2.1297182477812737, 36.988693036518164], [-2.1300662505418986, 36.98898016435473], [-2.130070045249764, 36.988834433245216], [-2.1298112668726668, 36.988655588572286], [-2.1299161368545545, 36.988564232616184], [-2.129924095736503, 36.98842781660806], [-2.1301205294722907, 36.988535262762795]], [[-2.1323218175588687, 36.98842977274635], [-2.13219511953028, 36.988157430226565], [-2.131965681695035, 36.98808652391834], [-2.131950514295067, 36.988214864776324], [-2.132047412904178, 36.98847914734453], [-2.1321906217903486, 36.98862306881097], [-2.132215973586707, 36.9886862631188], [-2.1322225371535755, 36.98877122447714], [-2.132172251567958, 36.98881574736505], [-2.1323383908048044, 36.98896903073121], [-2.1323650947675903, 36.98881427253472], [-2.132425211397244, 36.988784694779675], [-2.1322682258676475, 36.98854773690934], [-2.1323218175588687, 36.98842977274635]], [[-2.1314566988942665, 36.98905137217519], [-2.131356850476845, 36.98902684417146], [-2.1312622875397302, 36.98908149907045], [-2.131340526067487, 36.98912885511794], [-2.131300161950254, 36.9891803009934], [-2.131328483528745, 36.98921944941527], [-2.1314152960306387, 36.98926335263642], [-2.1315912271704467, 36.98922741137783], [-2.1314566988942665, 36.98905137217519]], [[-2.1324513536478467, 36.98894650970982], [-2.132482898795417, 36.98892943307059], [-2.132389165749261, 36.98884185151617], [-2.1324513536478467, 36.98894650970982]], [[-2.1280412419611827, 36.98842752645001], [-2.1279094336947195, 36.988476676864856], [-2.1280655496033503, 36.98874923995498], [-2.12803863551983, 36.988931488768], [-2.1282548702719533, 36.98928336705886], [-2.128231402310081, 36.98937045173164], [-2.1285084097224796, 36.98960559184268], [-2.1284441250090627, 36.98938968155133], [-2.1285695039928414, 36.98920436960973], [-2.128469573364528, 36.988990631449376], [-2.128308755217766, 36.9888936301196], [-2.128247640418906, 36.98863636800408], [-2.1283279084535573, 36.98858395422238], [-2.1283509557430063, 36.9883466004372], [-2.1283298083279614, 36.988220517377734], [-2.1280412419611827, 36.98842752645001]], [[-2.1298542848211435, 36.99191343920345], [-2.1300499820053433, 36.99169168320881], [-2.1299655533164814, 36.991497530537195], [-2.1297878762170988, 36.99137057079244], [-2.1294205445675845, 36.991418356508035], [-2.1291960512191235, 36.99167208074199], [-2.129368603507145, 36.9919331343604], [-2.1293747953534283, 36.992080020311654], [-2.129601977291476, 36.9920637482445], [-2.1297298710322483, 36.992151492278076], [-2.129875240128768, 36.99197777358283], [-2.1298542848211435, 36.99191343920345]], [[-2.129967534709998, 36.99118547507067], [-2.129998301971294, 36.99107897300007], [-2.1298953233318376, 36.99110264654231], [-2.1297986267646825, 36.99124562329979], [-2.129858490311517, 36.99127797225189], [-2.129967534709998, 36.99118547507067]], [[-2.127769721626933, 36.99298831101837], [-2.1278912162287105, 36.99291799195287], [-2.1278241920423167, 36.99284349332068], [-2.127702697448643, 36.99291381682588], [-2.127769721626933, 36.99298831101837]], [[-2.126108867871345, 36.99594986627343], [-2.1260365701620043, 36.99617946504818], [-2.1260782592090517, 36.99627802616706], [-2.1261369231578326, 36.99627791723424], [-2.1260965270218777, 36.99614493162616], [-2.126171830436988, 36.99596691584396], [-2.126108867871345, 36.99594986627343]], [[-2.126913668999182, 36.99671297247978], [-2.126906068301739, 36.9967978298001], [-2.1270283150674474, 36.99687859427524], [-2.126913668999182, 36.99671297247978]], [[-2.1294868551487784, 37.00042035574034], [-2.1294676253894287, 37.00017493995906], [-2.1295144459297464, 36.99997183421409], [-2.1295806123440544, 36.99992508537173], [-2.129492890281526, 36.999782563963215], [-2.1294069668503433, 36.99978788307908], [-2.129339722066126, 36.999574385678784], [-2.1293189306019604, 36.99925900865209], [-2.1292711116763683, 36.99912587955696], [-2.1291529178178226, 36.999043975286746], [-2.1290977403737967, 36.99894513600834], [-2.1291204055544433, 36.99877096881385], [-2.129085517237693, 36.998627478107636], [-2.129100660319944, 36.99851175749565], [-2.1289909689735267, 36.998433340822935], [-2.128967011850921, 36.99837592521057], [-2.1289433785225453, 36.99805368096959], [-2.1291137701214575, 36.997844631357516], [-2.129205109751954, 36.99787712143625], [-2.1292538792225324, 36.99785782839411], [-2.129339184007184, 36.997739016772414], [-2.1295865853447755, 36.997567309039994], [-2.1295952692321514, 36.99729793995548], [-2.1294278000131053, 36.99749682574422], [-2.1289108302056747, 36.99786225213106], [-2.128468909331835, 36.99801314987286], [-2.128170418765465, 36.99806242850172], [-2.1277026365997607, 36.99808585823413], [-2.1274089747040175, 36.99817474251091], [-2.127025192908642, 36.998489128058544], [-2.1266637866741362, 36.99890986354224], [-2.126529737401888, 36.999143425039286], [-2.126893236225711, 36.99925733402381], [-2.1270044880407823, 36.99944492081839], [-2.1274495982556134, 36.99945846998416], [-2.127501381352073, 36.99941161656255], [-2.128026081580501, 36.99929585484752], [-2.128202132314634, 36.99950753361574], [-2.128325234679137, 36.999513846238514], [-2.1283526415043985, 36.99989913156794], [-2.1284362786638247, 37.000035047994544], [-2.128324379630186, 37.00023848663972], [-2.128233660042421, 37.000319308162574], [-2.1286273572984147, 37.00042702911469], [-2.1286342766451414, 37.00046034208631], [-2.128597815664993, 37.00053344949056], [-2.128609388178935, 37.000681456469614], [-2.1284825123383526, 37.00096618294912], [-2.1287480268091574, 37.00085302174419], [-2.128884436304835, 37.00096390534406], [-2.129075984493521, 37.00064512884776], [-2.129296026895539, 37.00066585325596], [-2.1294868551487784, 37.00042035574034]], [[-2.127109360597371, 37.00034737643028], [-2.1271908713981666, 37.00051184838685], [-2.1277293457201414, 37.00042079793802], [-2.1276067373657908, 37.000213743457834], [-2.1273297708705603, 37.000168624301914], [-2.127109360597371, 37.00034737643028]], [[-2.1271198421984363, 36.999961377969626], [-2.1273597022678055, 36.99984091000201], [-2.12731468571377, 36.999728352989415], [-2.127238970636093, 36.99969597634992], [-2.1269680100716406, 36.9999710782227], [-2.1269747457241635, 37.00003071122245], [-2.127153655675967, 37.000031486212904], [-2.1271198421984363, 36.999961377969626]], [[-2.130924590125087, 37.01221863139112], [-2.1307048756852627, 37.01226434633992], [-2.130567901515142, 37.0123293263077], [-2.1309260664935543, 37.01263139887856], [-2.130797420224527, 37.012873116882396], [-2.1307617104597742, 37.013037813758565], [-2.130549721050562, 37.01322465598065], [-2.1305920814187913, 37.01342345275872], [-2.1305137384116195, 37.013847353729936], [-2.1309488218218426, 37.013910304271285], [-2.131323124198454, 37.01389159109936], [-2.1315632869261156, 37.013955275826206], [-2.132162988533052, 37.0138652849876], [-2.1324103386195645, 37.014107590305194], [-2.132737754564665, 37.01471320847029], [-2.132607621932186, 37.01421557933692], [-2.1324428969564484, 37.01408141695067], [-2.132392371985618, 37.013849384661825], [-2.1322114308331757, 37.013609191975206], [-2.132124363421158, 37.01342710100271], [-2.1320730228301006, 37.01277221010612], [-2.132021109699995, 37.012622376270976], [-2.131876559040513, 37.012513510042766], [-2.131803503353237, 37.0124041751435], [-2.130924590125087, 37.01221863139112]], [[-2.1274960246557884, 37.004639397373275], [-2.1277860305350456, 37.00491204308217], [-2.1281281485664025, 37.005060310828476], [-2.1283248159180954, 37.00526890016103], [-2.1288109903783394, 37.00543012704393], [-2.1288483478893823, 37.005258952471394], [-2.129034120726573, 37.005063176846136], [-2.129137468613719, 37.00486102709784], [-2.129016228242689, 37.00466119550804], [-2.1288614451613754, 37.00425893058569], [-2.1286376652875756, 37.00403302071617], [-2.128446588572457, 37.00401422044034], [-2.1280516957318576, 37.00407847522154], [-2.1279693909392603, 37.00405190981878], [-2.1278137650058717, 37.00390158236429], [-2.127720999473562, 37.00386593029033], [-2.127323944229609, 37.003863732599754], [-2.126876632357785, 37.00381392981726], [-2.126878746371839, 37.003992695619196], [-2.1270649465570313, 37.00417254509761], [-2.127009764329154, 37.004388568529755], [-2.1274960246557884, 37.004639397373275]], [[-2.1277032578500497, 37.00739472836747], [-2.126972367266015, 37.00718645063411], [-2.1259364777215706, 37.007720124368554], [-2.1261806352685073, 37.00795313463301], [-2.1265116700606095, 37.00811809169554], [-2.1268785661955665, 37.00839022371435], [-2.1272727289952855, 37.008224739006685], [-2.127368794925464, 37.008129444949304], [-2.127479617564606, 37.007923115115624], [-2.1276069722117295, 37.00783391006472], [-2.1276844879370516, 37.00781762341985], [-2.1278566190327344, 37.00787224760193], [-2.1279212536273575, 37.007940598940216], [-2.128026375139118, 37.00840046082818], [-2.1284995319173623, 37.00850200548232], [-2.128689434102857, 37.0084375967069], [-2.128723863151513, 37.008267121898704], [-2.1288256156211505, 37.0080870499654], [-2.1287303621102995, 37.007885335669414], [-2.128747208346039, 37.00773879947773], [-2.128539596314117, 37.007503719126994], [-2.128438258341781, 37.00748999462794], [-2.1282506472057, 37.00733429483954], [-2.1280207394454282, 37.00739823323893], [-2.127857592939196, 37.00740334434162], [-2.1277032578500497, 37.00739472836747]], [[-2.1250583028930117, 36.99406962307238], [-2.1253032279008948, 36.9934462070041], [-2.125078827805278, 36.993336928753514], [-2.1242886335964557, 36.993039764379176], [-2.123647754460207, 36.99291289729728], [-2.1235324361475754, 36.99309097665347], [-2.1231536717326573, 36.99308619613748], [-2.1230830418279205, 36.99294442268715], [-2.1228912769818638, 36.99290001284429], [-2.122634002869885, 36.99302142498312], [-2.122632829140741, 36.993094250606376], [-2.1228003531261397, 36.99313587213029], [-2.123906491730904, 36.99321236426298], [-2.124143757185124, 36.9932579194958], [-2.124526544352249, 36.993411820514716], [-2.1247329083564663, 36.99345679059236], [-2.124813019965005, 36.99356627219397], [-2.1248759435634548, 36.99409649750484], [-2.1250583028930117, 36.99406962307238]], [[-2.1229923742507357, 36.99489062783024], [-2.12276029496001, 36.99491171862378], [-2.1229073494825035, 36.99533674050718], [-2.123300873610693, 36.99530981096412], [-2.123292635499447, 36.9951170277356], [-2.1233722862549906, 36.99498222358887], [-2.123218906540359, 36.9947164354472], [-2.123069791658619, 36.994793756926434], [-2.1229923742507357, 36.99489062783024]], [[-2.1233890242141857, 36.993885776542854], [-2.1232342791098713, 36.99394466781287], [-2.123314099991024, 36.99418701675498], [-2.12367947025444, 36.994095697258615], [-2.123463621251063, 36.99400513387205], [-2.1233890242141857, 36.993885776542854]], [[-2.1235412951464334, 36.99376827485464], [-2.123645010180391, 36.99366132159926], [-2.123582454521566, 36.99360902839031], [-2.1234918348570777, 36.9936911992523], [-2.123388772149298, 36.99372171723664], [-2.123409571010941, 36.99380903762574], [-2.1235412951464334, 36.99376827485464]], [[-2.1234607680259154, 36.9938424976229], [-2.123416461718959, 36.99385488037213], [-2.1234458984731117, 36.99394352652459], [-2.123558013553422, 36.99402512115961], [-2.123558597321396, 36.993964460273276], [-2.1234607680259154, 36.9938424976229]], [[-2.12383371870263, 36.99426620722872], [-2.123790955976237, 36.99459508812812], [-2.1240327544234, 36.99476507675853], [-2.1241348944466476, 36.99455985729667], [-2.1243908593385794, 36.99435685427955], [-2.124278398018479, 36.99418773052296], [-2.124080454624496, 36.99413299637223], [-2.1239553182472264, 36.9940304834493], [-2.1237876836505754, 36.99409622570739], [-2.12383371870263, 36.99426620722872]], [[-2.122575925174346, 36.99311744704405], [-2.1223479276559774, 36.99299893812302], [-2.122307862934282, 36.99334631747126], [-2.122319310801472, 36.99338669534943], [-2.122602540206241, 36.99354942134979], [-2.122848024273827, 36.99339799070442], [-2.122841684103226, 36.99329446145992], [-2.1228295168855866, 36.993179711611184], [-2.122575925174346, 36.99311744704405]], [[-2.124509234512621, 36.995902571472335], [-2.124716616497121, 36.9962716030321], [-2.1250146735901616, 36.99635781241862], [-2.1251541028285716, 36.99668461128336], [-2.1253073261918667, 36.99675893536859], [-2.1253985131921005, 36.99663719526662], [-2.1253506168468848, 36.996325133278106], [-2.1252044062301985, 36.99621750860457], [-2.125208538668915, 36.996131453995496], [-2.125085395891221, 36.99606050646476], [-2.125245283720922, 36.99596496315529], [-2.1254133238844912, 36.99571687024326], [-2.1254231887074466, 36.995650328407066], [-2.125593437400937, 36.99569016325849], [-2.125597405899584, 36.99552956044576], [-2.125411406001741, 36.99550114764616], [-2.12513585728606, 36.99568751259232], [-2.124629353908321, 36.99576661821049], [-2.124509234512621, 36.995902571472335]], [[-2.1246152822706326, 36.99734759494533], [-2.1248988171041385, 36.99749517396602], [-2.125214327708971, 36.99730414641996], [-2.12507542068687, 36.99719648528218], [-2.1246152822706326, 36.99734759494533]], [[-2.12270323446053, 36.99387232666139], [-2.122931153130099, 36.99377242158744], [-2.1228629613466308, 36.99371188348425], [-2.122687068248824, 36.993733479485876], [-2.122606604402695, 36.99379283330629], [-2.12270323446053, 36.99387232666139]], [[-2.123797061092491, 36.99338661124157], [-2.123708473286117, 36.993370092373816], [-2.1234988999928257, 36.993496636018264], [-2.1236013971653063, 36.99355454253072], [-2.123797061092491, 36.99338661124157]], [[-2.1240176441611274, 36.99390690878829], [-2.1241644669771076, 36.99399002097187], [-2.124174012967647, 36.99389255835322], [-2.1240713408219105, 36.993830234110895], [-2.1240176441611274, 36.99390690878829]]], [[[-2.048171471142947, 37.0082845722294], [-2.0476760329082593, 37.00866457048817], [-2.049046638781926, 37.00802960350082], [-2.050523472492487, 37.00756712945039], [-2.0509321440005444, 37.007521461751075], [-2.050828496575061, 37.00687067929241], [-2.051159027785879, 37.00650949034057], [-2.0512375232128126, 37.006557206059504], [-2.0511188024873794, 37.006746453016255], [-2.0512331138669824, 37.00748334767517], [-2.053009421565778, 37.007269266411136], [-2.05340549276537, 37.00721008930201], [-2.053584383964601, 37.00714886501934], [-2.0542250298261107, 37.00684721405627], [-2.0546938120770126, 37.00652148027837], [-2.054978106125003, 37.006362995852434], [-2.0551756490519497, 37.006149193463585], [-2.055230242336382, 37.00600921394785], [-2.0552339949262883, 37.005875418987934], [-2.055289474923046, 37.00578582573888], [-2.0554155616958365, 37.00573352501445], [-2.055698332904655, 37.00571437040992], [-2.0560101587019224, 37.00555430871211], [-2.056072002653223, 37.00548146519055], [-2.0561775456939007, 37.005241848090954], [-2.0562956297265442, 37.00516458723358], [-2.0564305002963845, 37.005135676491705], [-2.0566121100654238, 37.004922358356936], [-2.056875941776344, 37.00510969460925], [-2.056738903573657, 37.00531232379433], [-2.056259099676638, 37.00584890361042], [-2.0550931899873786, 37.00678826390848], [-2.0546382349256844, 37.00708643662563], [-2.05379138481373, 37.007417625652906], [-2.05306587531406, 37.007598525119576], [-2.0524276061029814, 37.00773224746331], [-2.051208527669831, 37.00786105852895], [-2.050672034257893, 37.00795367406799], [-2.048990660920294, 37.008452667145335], [-2.047913995412477, 37.0090122815831], [-2.0470138909921674, 37.00956311813573], [-2.0463633732749997, 37.01009927754849], [-2.0458106061435926, 37.010610348906226], [-2.045123587465092, 37.01145718855784], [-2.0446632073943825, 37.01227276709093], [-2.044221123639592, 37.01177064864194], [-2.0439032248294975, 37.012212206286904], [-2.043796723805709, 37.012467798279594], [-2.043746942887415, 37.01346245486514], [-2.0436494833269703, 37.0139471622665], [-2.0436138194524816, 37.014344304727935], [-2.043592048784649, 37.014610490203715], [-2.043672335909536, 37.01502082168095], [-2.043126593784572, 37.01480639942673], [-2.042787941551074, 37.01475914336442], [-2.041898449879693, 37.01503825174111], [-2.0403769398951446, 37.01521303017823], [-2.0403980796928667, 37.015088253694316], [-2.0405406831994966, 37.01489488341623], [-2.040645012685983, 37.01484894392974], [-2.0406966970915317, 37.01477923238741], [-2.0406977788910687, 37.01468423297904], [-2.0420027160106113, 37.013027354001736], [-2.042207295172997, 37.013071912234125], [-2.0424255759712797, 37.01299200636484], [-2.043027214786111, 37.01208265338589], [-2.043300169110667, 37.01198984592743], [-2.043418580392273, 37.011905076715976], [-2.0435155619171224, 37.01176334607209], [-2.0435166773561098, 37.01162949622893], [-2.0435465688787735, 37.01159422173424], [-2.0435233344029835, 37.011537786721135], [-2.0434464120506934, 37.011531938572], [-2.043408048368478, 37.01148088016791], [-2.0437403236039096, 37.01122754061592], [-2.0438571429959222, 37.01135956438013], [-2.0437416391885312, 37.011229027269565], [-2.0440726324203213, 37.01092853512964], [-2.044205102153114, 37.01069929274445], [-2.0443076647262037, 37.01064441090021], [-2.0447677996094553, 37.010994981024496], [-2.04595802568604, 37.00989241169705], [-2.046809753290936, 37.00921699842213], [-2.0472040538652188, 37.00895143681221], [-2.046524791876205, 37.00875946594611], [-2.0463254375060003, 37.00875624160559], [-2.0476000888847654, 37.007679921512604], [-2.047845371438488, 37.0075186578746], [-2.048507437197432, 37.00807597643621], [-2.048171471142947, 37.0082845722294]]], [[[-2.026101204132018, 37.10755347333154], [-2.0267583231545276, 37.10787164735345], [-2.027210649909802, 37.108028776232004], [-2.027480767648638, 37.10806317186883], [-2.0280345982327415, 37.10802769168806], [-2.028634463462128, 37.10792137619706], [-2.0289054772057553, 37.107832736061766], [-2.02908718248783, 37.10772236157272], [-2.0295819670505084, 37.10726057795069], [-2.0298795006892645, 37.106918956341396], [-2.0299975741022864, 37.10671476575428], [-2.03013483767361, 37.106329466737506], [-2.0306447652529163, 37.10554366199032], [-2.031127307310907, 37.10499857307357], [-2.0318750649531627, 37.10428807923556], [-2.031918425546566, 37.10417053574549], [-2.031946513143216, 37.103687889493926], [-2.031929860134221, 37.10324598588667], [-2.032247243249939, 37.1032434388708], [-2.032337686228803, 37.10396249170458], [-2.0322661947630642, 37.104159403158775], [-2.032106220275634, 37.10433188116969], [-2.0323167510109443, 37.104502340145366], [-2.0317095771045905, 37.10531746019549], [-2.0307179657340657, 37.10652848067537], [-2.030116379844023, 37.10737050373433], [-2.0298342320555833, 37.10767051740134], [-2.0295916025900524, 37.10786332238279], [-2.0290690531534206, 37.10812864579741], [-2.028140439919893, 37.108428501949376], [-2.0275770479535256, 37.10848977409976], [-2.0271891063236036, 37.10844602903989], [-2.0258635917928034, 37.10794767757954], [-2.0256272240795994, 37.10780917548839], [-2.0253188630198973, 37.107562236460794], [-2.025556682780853, 37.106952828378624], [-2.0256067761329137, 37.10696263572181], [-2.0257064677800707, 37.10710537176239], [-2.0258288687285777, 37.10719816481122], [-2.0258249604070824, 37.107341009006255], [-2.0258605314375333, 37.10738301763957], [-2.026101204132018, 37.10755347333154]]], [[[-2.0229354969185818, 37.10806866988035], [-2.0231337723114944, 37.10839250032466], [-2.023510799630655, 37.108708172792575], [-2.024156470476608, 37.109008409436875], [-2.024090597257216, 37.1090210789124], [-2.024073107912925, 37.10905560828679], [-2.024087332137553, 37.109238730616525], [-2.0239134551011637, 37.10936640584373], [-2.023876825893117, 37.10958880088043], [-2.023908726770119, 37.10966026750006], [-2.0237545108375947, 37.10999442897875], [-2.023546739431374, 37.11019358421673], [-2.0233471610410776, 37.110327491384126], [-2.0231947591777164, 37.110502859648804], [-2.0231346530416032, 37.11096448370537], [-2.023192727708396, 37.111121287127865], [-2.0228956599259456, 37.111125546442196], [-2.022878377028513, 37.11116880368052], [-2.0228171436559115, 37.11118840540348], [-2.022778417588198, 37.11094598050039], [-2.0219744076109785, 37.110278636283255], [-2.021882577546552, 37.11033042976051], [-2.021769201759808, 37.11049976693753], [-2.02140313941396, 37.111351980291744], [-2.0212613099966696, 37.1116068898825], [-2.02097309694933, 37.11200689063614], [-2.0207635653895593, 37.11246675734815], [-2.0202500228097264, 37.112979912197815], [-2.0198467044304307, 37.113542195892826], [-2.0187246307722986, 37.114574009513355], [-2.017713748255699, 37.11531703155924], [-2.017339052674501, 37.115639147536996], [-2.0162512861496538, 37.116876016863614], [-2.0158085465361926, 37.1172798554526], [-2.0160316950810206, 37.11672789908865], [-2.0151164432554607, 37.11773029593045], [-2.0147282773537927, 37.11799567977421], [-2.0140532960938473, 37.11831393691064], [-2.0132909593484203, 37.118528790478244], [-2.0128312507604504, 37.11860780092279], [-2.0116055260353747, 37.11880300972825], [-2.0100550346419888, 37.11894808127731], [-2.0094864170169666, 37.11905780792208], [-2.009149178769478, 37.119205066276606], [-2.0089481516917678, 37.119394480101064], [-2.008820998327466, 37.11934816737638], [-2.008848068131382, 37.11917127099774], [-2.008913571755507, 37.11904228920467], [-2.009198802303884, 37.118921277941], [-2.0099872899014337, 37.118765705602826], [-2.0119425125458594, 37.11862265678367], [-2.0123864022065314, 37.11848772658757], [-2.013008701864165, 37.118386725682726], [-2.0138930446134595, 37.11812953206035], [-2.014476450880198, 37.1178769514168], [-2.0147534911105964, 37.11779587573241], [-2.01502398158685, 37.11749138090249], [-2.0153921071699705, 37.1170001218956], [-2.01630898476331, 37.11607074871351], [-2.0171584948318833, 37.1154489900779], [-2.0176671566848112, 37.1150116199545], [-2.0188970562270647, 37.11406868000584], [-2.0195551028944796, 37.11343567424286], [-2.019729608645116, 37.113222766841474], [-2.0202282084786747, 37.11278656413005], [-2.0206478469047053, 37.11230237954338], [-2.0208067823749745, 37.11198667807258], [-2.020880028666167, 37.11166512629285], [-2.02108915578716, 37.1112014701193], [-2.021306683890342, 37.110469629206065], [-2.021428202190783, 37.11018362966887], [-2.0215277169382317, 37.1100681716846], [-2.02174412543763, 37.10992979584962], [-2.022206429983203, 37.10986248981886], [-2.022392823610641, 37.10980002820608], [-2.02247269582124, 37.1097328120968], [-2.0225254219183713, 37.109632291105164], [-2.0225420924856015, 37.10952615463379], [-2.022518878505886, 37.10944087200409], [-2.0218916056950573, 37.10882429471759], [-2.0217957877929527, 37.108652510450504], [-2.021792361010789, 37.108560179805544], [-2.021840379647291, 37.10837939651625], [-2.022063647091273, 37.10788223307557], [-2.0226779751327983, 37.10714185766338], [-2.0231451456368283, 37.10669474640461], [-2.0234433068125477, 37.10654297464879], [-2.0237560039965454, 37.10651201805086], [-2.024090368010201, 37.10656461762173], [-2.024620283198646, 37.10656789656028], [-2.025152372516757, 37.106661899323555], [-2.0249007530613086, 37.10734224614557], [-2.0244796782984382, 37.1072378162069], [-2.024149263385314, 37.107210493671225], [-2.0237965871306187, 37.107278345048265], [-2.0235939959813805, 37.107366996156124], [-2.0233990657259593, 37.10749005299985], [-2.0228166707508777, 37.10797528190408], [-2.0229354969185818, 37.10806866988035]]], [[[-1.9272133429643077, 37.1559429135861], [-1.9266762054784237, 37.156473728544775], [-1.9261170277430557, 37.15708131873798], [-1.925980639650111, 37.157280999362996], [-1.924809007543931, 37.15635710085827], [-1.9244766533200817, 37.15598533658041], [-1.9243093050767617, 37.155882593130166], [-1.9233436447871346, 37.15550024846608], [-1.9235951799993596, 37.15543354217826], [-1.9240762181617173, 37.15519859527564], [-1.9246116677924092, 37.155073386936834], [-1.9252863017654849, 37.15485299125571], [-1.9254660034969155, 37.15483911714798], [-1.9255840624262626, 37.15507499604557], [-1.926121855630545, 37.15490329109476], [-1.9262391835186266, 37.15480880837241], [-1.9263753321558041, 37.154585869658995], [-1.9267105052401874, 37.15447965894767], [-1.9266980340679458, 37.154449499521604], [-1.9268106306448654, 37.15454169255648], [-1.9274342780378668, 37.15529033860079], [-1.9275264303345274, 37.15534372284985], [-1.9273934635673755, 37.155644480432706], [-1.9272133429643077, 37.1559429135861]]], [[[-1.9026998977471141, 37.219604135010776], [-1.9033819087474357, 37.219479033117146], [-1.9038722176156495, 37.21930636381571], [-1.9041533240135193, 37.219157986614164], [-1.905059908307368, 37.21857696919087], [-1.9057073674089864, 37.218408543731904], [-1.9062022279165567, 37.2181930017389], [-1.9065694673264677, 37.21816682807456], [-1.9062781477056818, 37.218765528953476], [-1.9063296771677407, 37.219029023162385], [-1.9066948003727133, 37.21933714591923], [-1.9069148485278506, 37.21944328477301], [-1.9072396417105237, 37.21953939309282], [-1.9073567406394871, 37.21962574264395], [-1.9073757594272953, 37.22007272477551], [-1.9074237268408953, 37.220247491304065], [-1.9071323825194537, 37.22029356699737], [-1.9071674228992233, 37.220435044098856], [-1.907449504626758, 37.220390415194736], [-1.9075525146215115, 37.22129660625498], [-1.9084567275375381, 37.22236518540238], [-1.9086325872631313, 37.22232162570242], [-1.9089891355814945, 37.2221045236115], [-1.90924217019768, 37.222022682247534], [-1.909994286781618, 37.22187652690441], [-1.910898041155355, 37.22187924451557], [-1.9110130483936583, 37.22185444914682], [-1.911217939558824, 37.22174782081977], [-1.9111791671227745, 37.221508452071774], [-1.9108765036778392, 37.22056970810445], [-1.9115534986089364, 37.22009814127541], [-1.9120965859406585, 37.21965921470237], [-1.9126625837602442, 37.21908843999119], [-1.9132862548658853, 37.218252653829346], [-1.913608933506018, 37.2180013389241], [-1.9141134655138705, 37.21773051303342], [-1.914632622929918, 37.217162368199055], [-1.9150722235947233, 37.216451522543395], [-1.9153859161442017, 37.216047969685185], [-1.9154912777293118, 37.215860192929775], [-1.915542204659515, 37.215688047602555], [-1.9155428577942073, 37.21532002569357], [-1.9154367970064132, 37.21492732065656], [-1.915495667545995, 37.21485367728028], [-1.9163498021284835, 37.21447048706803], [-1.9170786012138556, 37.214355198132786], [-1.9173300614594426, 37.21428259800965], [-1.9179293709939484, 37.21390679681682], [-1.919207595569051, 37.21337197827752], [-1.9196337973491326, 37.21311365908645], [-1.9205725032234895, 37.21292960034643], [-1.9208595885064097, 37.21272147678566], [-1.9215282626512291, 37.21190426301968], [-1.9218907236131828, 37.21164157388045], [-1.9225074667009079, 37.21145492451971], [-1.9230337397676462, 37.21141690057563], [-1.9234879173690682, 37.21132115795462], [-1.9237760502672814, 37.21131625228772], [-1.9237892174532971, 37.21135713628383], [-1.9230031113359956, 37.211494410092065], [-1.9224569055747533, 37.2115392832212], [-1.9220408961266369, 37.211669080394636], [-1.9216786408449742, 37.21186191589447], [-1.9214750382740686, 37.21202519255061], [-1.9208947670504162, 37.2127440610747], [-1.9205943653972068, 37.212961347442224], [-1.9203328924938554, 37.213033236841326], [-1.9196520352622148, 37.21314663520725], [-1.919229089660705, 37.2134057954053], [-1.9179545272503327, 37.21393668161453], [-1.9173507919048112, 37.214314605755355], [-1.9170900487397304, 37.21439009555506], [-1.916365093580899, 37.2145045183613], [-1.9155368694674473, 37.21487271283841], [-1.9154813167705294, 37.21493502939928], [-1.9155879949751733, 37.2153161124241], [-1.915586996702121, 37.21569251388196], [-1.915542461288782, 37.215851197258516], [-1.9154259126460251, 37.216064650690996], [-1.9151120998015647, 37.216468743372864], [-1.9146716860329986, 37.21718129432066], [-1.9141030149263034, 37.21779910129726], [-1.9136368159382284, 37.21802971730231], [-1.9133214349164904, 37.21827515022758], [-1.9129251971391565, 37.21882909871217], [-1.9124618243570295, 37.21936457776389], [-1.911678739710347, 37.220100375240264], [-1.9112169394515002, 37.220410271295435], [-1.9114195360406394, 37.22027431718235], [-1.911734005497379, 37.22080295655463], [-1.9118772386623917, 37.22111010589414], [-1.9120426967055082, 37.22125935976418], [-1.912187679777585, 37.22148405438495], [-1.912716723840605, 37.221352806509096], [-1.9135228968716502, 37.221356243645154], [-1.914045703948415, 37.220371339485496], [-1.914620772393611, 37.22080215040369], [-1.9136664601814672, 37.221900272677296], [-1.9138623980529625, 37.221952275882515], [-1.9144873673364717, 37.22182019173461], [-1.914955116077517, 37.2217657091579], [-1.9150159796661024, 37.22135704686659], [-1.9161621414101315, 37.221464709497354], [-1.9162343585706305, 37.220735362952325], [-1.9162521973922955, 37.21980214395789], [-1.9168146301803553, 37.21999440391332], [-1.9175109034005087, 37.22016892890254], [-1.9198904794785534, 37.220998441162955], [-1.9199965859569785, 37.22177702167236], [-1.9201349119937967, 37.221316964004075], [-1.9201927266429377, 37.220954150555926], [-1.9211312676644128, 37.22073304062016], [-1.9211863223421493, 37.22121171681637], [-1.9213141503892053, 37.22182770289109], [-1.9213706249837057, 37.222373002797454], [-1.921238975294702, 37.22235720154797], [-1.920610343732265, 37.22324418627352], [-1.9205055466329202, 37.22352653027807], [-1.9200113412197533, 37.224407435737824], [-1.9200951220892317, 37.224436773035336], [-1.920785966946452, 37.2244364051238], [-1.9212032751659396, 37.22464743124667], [-1.921717017104149, 37.22477560164421], [-1.921180845530653, 37.22519291806574], [-1.921048636118492, 37.22535846619417], [-1.9209952333366966, 37.225530320691085], [-1.9209161390261749, 37.22561495930633], [-1.9207903533929391, 37.22566185585075], [-1.9220248271549683, 37.22571853258654], [-1.922068295067693, 37.226069469243065], [-1.9221273027039039, 37.22619860322559], [-1.9220945912146221, 37.22628284724407], [-1.9219264550358002, 37.22627810606743], [-1.9201939764056963, 37.22664016497257], [-1.9198169848687892, 37.22673420952252], [-1.9193230864052133, 37.22694424635259], [-1.9192489958903753, 37.22583849663739], [-1.9199311911887276, 37.22576114105117], [-1.9181791470844658, 37.22595980475675], [-1.917385790379419, 37.22609598887206], [-1.9170409209686399, 37.22578820581233], [-1.916872773526151, 37.22556515307515], [-1.9170352497870673, 37.2246911295778], [-1.9156768462334137, 37.22495694646086], [-1.9150008200918547, 37.225134268092354], [-1.9153792104074743, 37.224536704099435], [-1.9154733227928338, 37.224183329537205], [-1.9155190449376032, 37.22367492762904], [-1.9152849127442393, 37.22372371048143], [-1.9150690603654834, 37.22381042302679], [-1.9144385790363647, 37.22415257226595], [-1.9142169664283728, 37.22435001269674], [-1.914071244992264, 37.224560407186914], [-1.9138022138884097, 37.22511633546928], [-1.9137028891788166, 37.22520420884973], [-1.913634393853003, 37.225138772400754], [-1.9133939961880224, 37.225073922024094], [-1.9131460286235893, 37.22507317435342], [-1.9131196636372045, 37.224876074315], [-1.9127157190901938, 37.22451299216486], [-1.9117215947696815, 37.22407949372559], [-1.9114638488813136, 37.224359337681214], [-1.911073525320565, 37.224452105175246], [-1.9109296654479284, 37.2245720158398], [-1.9109533135251644, 37.22473817454422], [-1.9109236673488073, 37.22485283852164], [-1.9098759079389147, 37.22512977997502], [-1.9087076332883093, 37.22557593646882], [-1.9087117118310701, 37.225699571383124], [-1.9074306300179888, 37.22597528983447], [-1.9072164911697231, 37.22609841884578], [-1.9069393678681965, 37.226204115123956], [-1.9061473734849257, 37.226393119365], [-1.9057485168632453, 37.22681001094567], [-1.9053141735372627, 37.22743532894988], [-1.9040229101986366, 37.22805298804289], [-1.904145330193704, 37.22826260636288], [-1.9044874973222838, 37.22864831545217], [-1.9045997677106568, 37.228819441316126], [-1.9045583985767116, 37.22883501277452], [-1.9040793731944925, 37.2282379133538], [-1.9034908453183415, 37.227615454537656], [-1.9034408336301396, 37.227502910941055], [-1.903825873126516, 37.2248822891491], [-1.9038734749565998, 37.22451793284297], [-1.9038587260256419, 37.224412217747584], [-1.903814845012838, 37.22432994608357], [-1.9037333586189622, 37.22427422705694], [-1.9028292379790843, 37.224198129706245], [-1.9025491609559133, 37.22412873176703], [-1.9024261888513903, 37.223338956222236], [-1.901340494412121, 37.22352208021732], [-1.9014140316291774, 37.223809713450954], [-1.9004050521928173, 37.22385154810478], [-1.9004214947254534, 37.22391513967429], [-1.8997168927629426, 37.223955105753184], [-1.8977811586509217, 37.22376040185507], [-1.896713300278534, 37.223423331268506], [-1.896706938923729, 37.223351396813925], [-1.8967147726403029, 37.22343998370811], [-1.8967260678335334, 37.223523465075395], [-1.8968355604393103, 37.22417761315363], [-1.896859661676106, 37.22556251673766], [-1.8968221181896856, 37.225919016754936], [-1.8966185804139541, 37.226751151922215], [-1.896491472712165, 37.22757525561106], [-1.8962438676091393, 37.22870055759972], [-1.8960585404795638, 37.22935772628714], [-1.8958245140161374, 37.23002255277692], [-1.8957500253417932, 37.23016787894028], [-1.8953988790046892, 37.23019164486666], [-1.8952662779939182, 37.23054915018739], [-1.895116931811549, 37.230524952357484], [-1.895211268695404, 37.23026326561186], [-1.8951574678680287, 37.23017307808939], [-1.895164582345347, 37.230133574650715], [-1.8953865779192205, 37.229505322757525], [-1.8955657520531484, 37.22886855873054], [-1.8957457303699077, 37.22807595169196], [-1.8959642419877833, 37.2268516846832], [-1.8961154248425227, 37.226463705163034], [-1.8961207051290745, 37.22634892071318], [-1.8960692319427148, 37.22621476873167], [-1.8960028634954016, 37.22572686855551], [-1.8961174837846455, 37.225225607259844], [-1.8961540989833767, 37.22486378074942], [-1.8937788335797003, 37.224021461911974], [-1.8937236480478583, 37.223948927475604], [-1.8936357861142417, 37.22357512251417], [-1.8935212414782348, 37.223315000511136], [-1.893444184176594, 37.223219727501665], [-1.893146220001365, 37.22298474727475], [-1.8929150248735134, 37.22258544548551], [-1.892786663821641, 37.222430292582445], [-1.892541687973195, 37.22229496072307], [-1.8917947920784948, 37.22209102595588], [-1.8915044791869198, 37.221973110195705], [-1.8908661385485477, 37.22158487928186], [-1.8912894980106534, 37.221180437917184], [-1.8909946298806433, 37.22080729052879], [-1.890802381599688, 37.22041267584421], [-1.890561754221609, 37.220365894548166], [-1.8901890336446978, 37.21998085512782], [-1.8899960872855304, 37.21955738894469], [-1.8898819078869944, 37.21895060230569], [-1.8898129316035888, 37.21884287371814], [-1.889662927623731, 37.21871185135912], [-1.8895342883974253, 37.2186761230177], [-1.8894139475453613, 37.21870437904649], [-1.8891017629799736, 37.218833951605326], [-1.8888790089008567, 37.21900555472185], [-1.8885759989619024, 37.219484846386486], [-1.8882982218989668, 37.220171782317664], [-1.8881123062326226, 37.22050543430717], [-1.8877571362434742, 37.220399704340466], [-1.887786290252781, 37.22037158519318], [-1.8875705448984044, 37.2201963168125], [-1.8874739151781283, 37.22000702416316], [-1.8874323719606128, 37.21974334564188], [-1.8873458730153345, 37.21944796743339], [-1.887290608738216, 37.219359308739854], [-1.8867344130632413, 37.22044471752591], [-1.8865966545435962, 37.22039285600128], [-1.8864398245583613, 37.22069486597499], [-1.8862788115881144, 37.22055346032654], [-1.8858797672968608, 37.22037331021759], [-1.8857136158233223, 37.22031315842827], [-1.8852483338886064, 37.220229549917704], [-1.8847601508117837, 37.22000276772847], [-1.8842159629701718, 37.2193316246588], [-1.883823701624437, 37.21911223213002], [-1.883502300003561, 37.218796249258695], [-1.8833301196571057, 37.218671409563335], [-1.882532535284344, 37.218354989403785], [-1.8817568853028355, 37.21817938367169], [-1.8810043746078053, 37.21805509880164], [-1.8804515573527179, 37.218024005135895], [-1.8789127778058, 37.21822901642632], [-1.878261179488044, 37.218368326505534], [-1.8779071272484467, 37.21849233509749], [-1.8777804492783174, 37.218460029532444], [-1.8777437026544959, 37.21867484488497], [-1.8777897778009047, 37.21891179457437], [-1.8773953873198328, 37.218735955112116], [-1.87684623258062, 37.218567092492776], [-1.87663009923524, 37.21855684017401], [-1.876463641745527, 37.21860889221946], [-1.8759943725965773, 37.21685058841649], [-1.875635965462096, 37.21650044782238], [-1.8755261291741108, 37.21653627032011], [-1.8751968688515825, 37.21672263269506], [-1.8741406201873325, 37.21751835610832], [-1.8739559073737189, 37.21769155450898], [-1.873807949140229, 37.21791693047149], [-1.8737033693032963, 37.21796920648334], [-1.8731345613306716, 37.2180889904525], [-1.8729354534566487, 37.21839617298314], [-1.8727271202683229, 37.2185885239104], [-1.872512899382418, 37.218631552798584], [-1.8725572746205, 37.218868402597906], [-1.8729439679806605, 37.219527103228735], [-1.873211563334785, 37.220222076013734], [-1.8732853734791466, 37.220480297429226], [-1.8733055580481819, 37.22091116028874], [-1.873477198684445, 37.22165461408239], [-1.87350164703941, 37.22188983171257], [-1.8734884972444017, 37.22219004043212], [-1.8733639976315712, 37.22294374665405], [-1.8732006876508218, 37.22345768169798], [-1.8730421226422456, 37.22382681279618], [-1.8730185303872864, 37.22396548811423], [-1.8732013617331822, 37.22482028098247], [-1.873205757294408, 37.22485060855302], [-1.8731722248391551, 37.224854345616635], [-1.873225629544514, 37.22531004131117], [-1.8730462306395115, 37.226570240115464], [-1.873053134405239, 37.22670469877574], [-1.8730195756002397, 37.226702576690414], [-1.873012572603879, 37.226567215722966], [-1.8731916970389983, 37.2253103493987], [-1.8731342955051162, 37.22482784522155], [-1.8729510368707378, 37.223963944437045], [-1.872976605449639, 37.223813660376216], [-1.8731290261267024, 37.223463579769614], [-1.8732976520303701, 37.222933290619295], [-1.8734252365642663, 37.22216924815452], [-1.8734264424151215, 37.22177788826322], [-1.8732678292593044, 37.22102283614324], [-1.8732306912427836, 37.22047391832435], [-1.8728807863465193, 37.2195466023137], [-1.8724769079360706, 37.21883852348881], [-1.8724506604533138, 37.21839128799728], [-1.8720394070979192, 37.21708922964299], [-1.8718260035248353, 37.216261102665726], [-1.8718005669853848, 37.21611538042503], [-1.871830548692425, 37.215404220419046], [-1.8706106774518967, 37.21601434949376], [-1.87013601939221, 37.215694074879934], [-1.869896044123246, 37.21581662398838], [-1.8694371561858703, 37.21527818705092], [-1.8692211116816337, 37.21497615104511], [-1.8687042958281348, 37.2144685255965], [-1.868252796101396, 37.21480889307624], [-1.8689986103421041, 37.215249392740034], [-1.869572562188374, 37.215780456863236], [-1.8697001839445424, 37.21594383003608], [-1.8694514097117656, 37.216164993444536], [-1.8692586090565733, 37.21610222074289], [-1.868497382919848, 37.215508253708144], [-1.8682266003815624, 37.21566385550078], [-1.8678104894006982, 37.215461037808794], [-1.8670663605284452, 37.21521677343253], [-1.8666243145257293, 37.21501523581841], [-1.8660681841563616, 37.21495140964302], [-1.865489602753012, 37.21480642797009], [-1.8648490617562086, 37.21450942077284], [-1.8646213550017414, 37.21491095825443], [-1.864126676302366, 37.21546884524765], [-1.8639124949792505, 37.21585482727436], [-1.8637794452990823, 37.21618155204211], [-1.8632619944745221, 37.217046400848844], [-1.8630006174483857, 37.21718964201739], [-1.8627604437763794, 37.21737725292965], [-1.8624216980338435, 37.217883715172746], [-1.862059986615163, 37.21955019266488], [-1.862073156227569, 37.219701387367], [-1.8623028860280963, 37.22040403785835], [-1.8623057174870377, 37.22075541566518], [-1.8624479954818454, 37.221307874608804], [-1.8624869247876086, 37.22182238941291], [-1.8627088143802657, 37.22237263813991], [-1.862561701487883, 37.22300380037958], [-1.8625887374279708, 37.22301983386285], [-1.8639539069682896, 37.22205909092411], [-1.863990832428048, 37.2221059224726], [-1.863651157814533, 37.2223800255376], [-1.864470071373241, 37.22323526357428], [-1.8644165090130802, 37.22326311580784], [-1.8635640181952213, 37.222391754340265], [-1.8625803877539595, 37.22306545266583], [-1.8625669214844869, 37.22330878089842], [-1.8628075573747809, 37.224427066663765], [-1.8629281631002337, 37.224606878941344], [-1.863265127185476, 37.22496362755345], [-1.8633589290536967, 37.225202126578765], [-1.8635223166016321, 37.22610613689738], [-1.8635392105664161, 37.226354533707], [-1.863496870337289, 37.22676442665023], [-1.863507174366287, 37.22717401807134], [-1.86355435205216, 37.227702848252086], [-1.8636597894618174, 37.22834553841802], [-1.863820927140244, 37.229122164165105], [-1.8640274543094342, 37.229758797660104], [-1.864061811810791, 37.23000078186208], [-1.8642079438510277, 37.23051613901555], [-1.864449079766151, 37.23105539170896], [-1.8643636449199577, 37.231017436378536], [-1.8641520040281052, 37.23056310412707], [-1.863981457429873, 37.23003714705695], [-1.863957590913305, 37.229764617239745], [-1.8637478611757685, 37.229086039653694], [-1.8636395624595505, 37.22860385442098], [-1.8634599901729587, 37.22761369948001], [-1.863427317894187, 37.22681729993672], [-1.863467960228523, 37.22615293666339], [-1.8632658334691434, 37.22514147278971], [-1.863156749226991, 37.22492238651056], [-1.8629373797403233, 37.224706207247564], [-1.862743508155002, 37.224443847862275], [-1.8624965542728475, 37.22330350808599], [-1.8625060783269605, 37.22301498381714], [-1.8626414857816431, 37.222375236440385], [-1.8624202853739862, 37.22183166428277], [-1.8623864826154666, 37.22129854053096], [-1.8622372020816806, 37.22078459250053], [-1.8622435230903276, 37.220484229534996], [-1.8621343617914674, 37.22005332157687], [-1.8619884873481818, 37.21966551084254], [-1.8620271742837688, 37.219318948597575], [-1.8623207854613606, 37.21801398407925], [-1.8621730429886143, 37.21800544398334], [-1.8613186977782379, 37.21779758122491], [-1.8607599702197077, 37.2172613059785], [-1.860725859763021, 37.21683192972691], [-1.8606261584123351, 37.2162225514664], [-1.8605613752465944, 37.21610124038227], [-1.8604546932042088, 37.215723805287816], [-1.8603841396898395, 37.215619019130976], [-1.8586794381908525, 37.21501076501791], [-1.8581447870601058, 37.21521184309], [-1.8578056509381657, 37.21527265972548], [-1.857515211939771, 37.21542209831762], [-1.8570136809210198, 37.2155046011333], [-1.8562939199003854, 37.215551824489765], [-1.8557506221694269, 37.215638601165324], [-1.8555534160445868, 37.21571871958019], [-1.8555043536705689, 37.21578828124955], [-1.8550271147147595, 37.215933564831644], [-1.8549470970928679, 37.215992731748734], [-1.8548825588009008, 37.215932631431116], [-1.8534350872251941, 37.215925686534426], [-1.8533808354482977, 37.21684613432501], [-1.8489864784037984, 37.21659744372011], [-1.8486985207963615, 37.21681944413548], [-1.848514963876491, 37.21712051676162], [-1.8484090347907278, 37.21737168746984], [-1.8485833466159292, 37.21792988225583], [-1.8489959504363784, 37.21875368027445], [-1.8490105584442438, 37.21920864416187], [-1.849661925563233, 37.2191029337535], [-1.8501985361272466, 37.218961678203414], [-1.8502313849701912, 37.21903257364007], [-1.8490078697617955, 37.21930362140568], [-1.8488916372990385, 37.219580020532035], [-1.8487666549617452, 37.21977169674811], [-1.8497597235131458, 37.22026213162208], [-1.8497300615647172, 37.22030051187862], [-1.8487369927152772, 37.21981007675375], [-1.848661995990723, 37.21981713542984], [-1.8485565264997694, 37.22009715412862], [-1.848510153621704, 37.22036729155446], [-1.8483952353548512, 37.22063856514674], [-1.847901023530013, 37.22120765423905], [-1.84782095123498, 37.221390446198704], [-1.8476724665039266, 37.221230362159226], [-1.8477885071798394, 37.221224496653555], [-1.8482870532344016, 37.2206891610546], [-1.8484389997805766, 37.22035470174502], [-1.8485619609367085, 37.219873128833875], [-1.84888543743533, 37.219368717483064], [-1.8489506901087476, 37.21910948953896], [-1.8489199552301272, 37.218770518192215], [-1.848508435210405, 37.21794961480734], [-1.8483291039827174, 37.217365772467865], [-1.848441731933484, 37.217096549621274], [-1.848630958721336, 37.216785797535586], [-1.8490008780373, 37.21650276052109], [-1.8490903075387142, 37.216350763345545], [-1.8487779890049152, 37.215418154525636], [-1.8485182420926107, 37.21485290982746], [-1.8479877746187816, 37.214910238007725], [-1.8477698873874515, 37.2153278596059], [-1.8475149821736363, 37.21549645765766], [-1.8464697945601765, 37.215901805012045], [-1.8461540495601618, 37.2159429860677], [-1.8459149274754976, 37.21592596398552], [-1.8457110858721468, 37.215775523381765], [-1.8452296071468863, 37.21520000265871], [-1.8449413171179037, 37.21525163356629], [-1.844841476561872, 37.21523596762764], [-1.844706604757812, 37.2151821027483], [-1.8445449913839276, 37.21504901764492], [-1.8444152152986169, 37.215060100107024], [-1.8441591311302752, 37.21540858642884], [-1.844022762526187, 37.215519294578186], [-1.843025857314707, 37.21600161263584], [-1.842095315934733, 37.21520247627913], [-1.8415501880493856, 37.214664080956595], [-1.8413440206139926, 37.21437948772249], [-1.8407335617117389, 37.21300065649014], [-1.840235627648388, 37.21167826291347], [-1.8398449778298365, 37.211063589354794], [-1.8398848567783141, 37.21093211090593], [-1.8399641739469272, 37.21083040307918], [-1.8402315644511154, 37.21067113730303], [-1.8402938121444403, 37.21041819402489], [-1.8404557078266042, 37.210237523957524], [-1.8405376965471365, 37.21007896600632], [-1.8412912068073677, 37.209296211496145], [-1.8415114454902217, 37.20893304422484], [-1.841674971742026, 37.20885171835443], [-1.8422288168666856, 37.20880999232594], [-1.8423899948188898, 37.20869015437806], [-1.8425370821294755, 37.208438129074274], [-1.842677563238938, 37.20798071340425], [-1.8436418095037796, 37.208598550276385], [-1.8443993839436879, 37.20877949676791], [-1.8444476255604072, 37.208859066409964], [-1.8445871390263726, 37.20943883557617], [-1.8447856114066836, 37.20995608883069], [-1.8451361882638944, 37.209873139245346], [-1.8453607859558836, 37.210582807477394], [-1.8454881272829364, 37.210701045520324], [-1.8461576258588848, 37.210747409872354], [-1.846343779232621, 37.21068207182501], [-1.8466450600878834, 37.2104721045088], [-1.846899654041295, 37.210382193905545], [-1.8470783876592411, 37.210337784172424], [-1.8476181623702135, 37.21030292665398], [-1.8479872002728304, 37.21092308637351], [-1.8486585247935778, 37.21069572653294], [-1.848891248016839, 37.210880685556724], [-1.8486372902581896, 37.21067884943042], [-1.8485328753109833, 37.2104832619512], [-1.8482688581937128, 37.21014043091034], [-1.8479077305704152, 37.20932947898213], [-1.8476802219964508, 37.20867648713143], [-1.8475136711389086, 37.20804688790496], [-1.847093948575305, 37.207621236200566], [-1.8471943642230388, 37.20761329010725], [-1.8475877030532992, 37.20802507419308], [-1.8477927820417581, 37.20877411801593], [-1.8480644965882822, 37.20951416045074], [-1.8483397188266335, 37.2101123665159], [-1.8487406834221203, 37.21066050534443], [-1.8492700671285431, 37.21047304836294], [-1.8495556985726282, 37.21044074214625], [-1.8509658834403544, 37.21037987970959], [-1.8515846364220343, 37.21043850688099], [-1.8521579863523097, 37.21071094902923], [-1.8523640012372238, 37.21109695709202], [-1.8523170169101928, 37.21099289028393], [-1.8532255633894048, 37.21081504115934], [-1.8541543353272254, 37.21017102049508], [-1.854299476534082, 37.2100986075227], [-1.85425175402059, 37.21089764948666], [-1.8541588303701817, 37.211393220677444], [-1.8541677984102167, 37.21155248794499], [-1.8545680278321361, 37.21160178792014], [-1.8551631731661866, 37.21185577721032], [-1.8554561886599223, 37.21202716384327], [-1.855579474935357, 37.21180364564594], [-1.8557715827405357, 37.21157538403564], [-1.856201582554722, 37.211183478969474], [-1.85770359087985, 37.211445493311], [-1.8585178336277457, 37.21169166373836], [-1.858667058534094, 37.21115282529903], [-1.8587811363216784, 37.210941383312445], [-1.8591737392709926, 37.21058892912566], [-1.859930130637088, 37.21037788883981], [-1.8604259217927144, 37.21056777747604], [-1.8606869642351085, 37.21139662189987], [-1.8611394139598827, 37.212657202085495], [-1.8602624241969166, 37.21252005143681], [-1.8601003843057553, 37.212556168940665], [-1.8599704666934929, 37.21352000241125], [-1.860013378685233, 37.21377604173652], [-1.860765933271666, 37.213510354982574], [-1.8625441884713574, 37.21313796790506], [-1.8625191982300084, 37.213016314391204], [-1.8622689603078597, 37.212704202715095], [-1.8621582723674022, 37.21197826822343], [-1.861978874850946, 37.21157237366845], [-1.861792105861927, 37.21129683514998], [-1.8617886641010226, 37.21088866510121], [-1.861634821085956, 37.210529886419636], [-1.8614121319795898, 37.21033512467706], [-1.8607555267915907, 37.20940193955882], [-1.8599291366064126, 37.20872130092693], [-1.8591411560812794, 37.208005422701135], [-1.8587765956673663, 37.20757953203028], [-1.8585639547940644, 37.20690615244995], [-1.858363591430366, 37.20554595749578], [-1.8578227597059243, 37.204943950955624], [-1.8573213228302263, 37.20452412695467], [-1.8572282308822554, 37.20441290199141], [-1.856574841797995, 37.201923980408566], [-1.8565096163926122, 37.201847000759855], [-1.8565938611143031, 37.20184826469353], [-1.856731015037896, 37.202240266541835], [-1.8572916345769575, 37.20439341329281], [-1.8578742232765035, 37.20490884336349], [-1.8584270894695807, 37.20552773101511], [-1.8586304742020616, 37.20689651793644], [-1.8588382393777274, 37.207556960938156], [-1.8591946289712944, 37.20797168596131], [-1.8598560603533083, 37.20858579419575], [-1.860871790488619, 37.20942292654008], [-1.8610750011617367, 37.20976222209041], [-1.8614675931447087, 37.2103041101296], [-1.861693269125065, 37.210502596062454], [-1.8618556184210815, 37.21088029489116], [-1.861856274365654, 37.21127888372773], [-1.8620408494970957, 37.21155043507346], [-1.8622240490294582, 37.21196583036809], [-1.8623436094279127, 37.212716367085996], [-1.8625817170370356, 37.212995732795235], [-1.8626191063248878, 37.21319231844311], [-1.8628674948870347, 37.213244909405205], [-1.8640883852135848, 37.21297342149982], [-1.8649309509921115, 37.21291921525354], [-1.864894754531717, 37.2125222688088], [-1.8649272006834874, 37.212245050207734], [-1.865561806804606, 37.21123692145572], [-1.867186864470664, 37.20926587559486], [-1.8675033747371061, 37.20897523819953], [-1.8681680159032805, 37.20844897571189], [-1.8681727368067604, 37.20826962604995], [-1.8678856538105502, 37.20809963436464], [-1.8680892697752571, 37.207879753039435], [-1.8679834355543508, 37.20757406536318], [-1.8679942990398921, 37.20741300537357], [-1.8684169455121462, 37.20719792247888], [-1.8690540612843076, 37.206949651310026], [-1.8692491244073497, 37.20693283787059], [-1.8695199427439726, 37.20664725515177], [-1.8697697787329646, 37.2068067579588], [-1.8700219709710784, 37.207086874389674], [-1.8700646683868163, 37.207065018035514], [-1.8701734385008413, 37.20738802279871], [-1.8702057486396277, 37.2076618949137], [-1.8698448588781833, 37.207989973533536], [-1.8695576368610143, 37.20852399463365], [-1.869375529947016, 37.20917249557651], [-1.869325726788481, 37.20961720356592], [-1.8693461421523367, 37.20985013048777], [-1.8694641272593067, 37.210167364868575], [-1.8697366890390628, 37.210608299199535], [-1.8701724007151463, 37.21102149503033], [-1.87040557631543, 37.211172173660714], [-1.8707174605540926, 37.21130467369436], [-1.871954064438396, 37.21166898108782], [-1.8725399108108085, 37.21169610198883], [-1.8731209526060757, 37.21184170357179], [-1.8734777992078815, 37.211982556154496], [-1.873767787400846, 37.21216333328405], [-1.874492267677645, 37.21278864561296], [-1.8759904142095396, 37.213863692082526], [-1.8759720248909624, 37.21258998113445], [-1.8760233557209003, 37.212282923023366], [-1.8760939249400796, 37.21213721125123], [-1.8763265231743913, 37.211857111131614], [-1.8766821683390555, 37.211547711518214], [-1.876715455134878, 37.211484120525654], [-1.8768566972735639, 37.211048933999976], [-1.8768849893330795, 37.210516766635685], [-1.8769563081543663, 37.2103738556208], [-1.8772152987759347, 37.21002324678528], [-1.877447145847879, 37.2093747496581], [-1.8782497459440592, 37.209763768528326], [-1.8786405572471923, 37.20947511370947], [-1.8788625606061131, 37.209733923874694], [-1.8788963821379105, 37.209816808977536], [-1.87897047000794, 37.209866904989944], [-1.8793523034945554, 37.21001762101542], [-1.8794473224892299, 37.21011550680251], [-1.879643966653966, 37.21010844355557], [-1.8801012363362644, 37.21024878394031], [-1.8800849664227322, 37.21043422099469], [-1.8798453373981499, 37.21056643847544], [-1.879870648465737, 37.21068385519408], [-1.8798460669682067, 37.210981699326844], [-1.8797134773469026, 37.211313048619985], [-1.8796917745768593, 37.21174387560928], [-1.8794518665019373, 37.21200092849697], [-1.87923940230737, 37.21236820696679], [-1.879024723810916, 37.21291546640587], [-1.87935546163652, 37.21305488247391], [-1.8816919119654538, 37.212729310594824], [-1.881931156771411, 37.21215830629606], [-1.8820230687871957, 37.21164269225562], [-1.8823161870069016, 37.21095636572504], [-1.8825470713640764, 37.21023285581775], [-1.8826142164406077, 37.21026485677429], [-1.8828807892805164, 37.21026917408451], [-1.8828904082539046, 37.21049577769502], [-1.882767425455802, 37.211673782504285], [-1.882621546256871, 37.21238700786768], [-1.8825990801967742, 37.21284775351401], [-1.8822435146649383, 37.21325226110688], [-1.8832275528836007, 37.21368542926526], [-1.8831233017304345, 37.21405654682644], [-1.8842000924743731, 37.21465712390384], [-1.8839808904077358, 37.21503365303422], [-1.8839798435621664, 37.21510471345606], [-1.8847631903643534, 37.21537583143988], [-1.885211480678, 37.21537861421413], [-1.886070300151481, 37.21520101388701], [-1.8868734799618399, 37.21499773631749], [-1.8875755870933482, 37.214762046356654], [-1.8889881184908026, 37.21446001258129], [-1.8892293334656167, 37.21456530104193], [-1.8881010211913583, 37.21515970478516], [-1.8882247181535714, 37.21540080915864], [-1.8884288059299978, 37.2156707904955], [-1.8889523065373381, 37.21686108656828], [-1.8892121179882415, 37.21728968851921], [-1.8914702781611927, 37.21557473314347], [-1.8921948682247627, 37.21515742546854], [-1.8926774994610753, 37.21500861673762], [-1.8932722759545555, 37.214874644899275], [-1.893704645770867, 37.21483298521283], [-1.894339930058517, 37.21453335496439], [-1.895473456988885, 37.213716843598405], [-1.8956195024417686, 37.2135709224596], [-1.8963970741196954, 37.21298002453641], [-1.8965704415570719, 37.21280731581024], [-1.896890586141117, 37.21236917433923], [-1.8972764326269758, 37.21166717855433], [-1.8975721278112436, 37.211042130149266], [-1.898013307180357, 37.209689139570415], [-1.8985874333255475, 37.20942948280519], [-1.898180127374818, 37.210035644239284], [-1.8978220659713605, 37.21067219228002], [-1.8972528363184353, 37.21197982279895], [-1.89709332502321, 37.21257044443213], [-1.897105650080532, 37.21293885254761], [-1.8971577378325795, 37.213069044034754], [-1.8970933551170546, 37.21310990731452], [-1.8975133617383628, 37.21472086161757], [-1.8977205503006334, 37.214849612151326], [-1.8978368524018876, 37.214966249508535], [-1.89790964299491, 37.21495953568138], [-1.8986542324152553, 37.21419516838412], [-1.8989191659895404, 37.21419700075353], [-1.8990692547673236, 37.21427581726411], [-1.899105774145795, 37.214252997647556], [-1.8991550148844965, 37.21415322352659], [-1.8991306039930897, 37.213979483819834], [-1.8991524186598556, 37.21392082743263], [-1.8995021308046125, 37.213533155272025], [-1.900466305570124, 37.21454010198983], [-1.9009460873926667, 37.214314436616625], [-1.9014553914831185, 37.21461706295351], [-1.9017387692957435, 37.215390538680865], [-1.9018156227092873, 37.21552339147081], [-1.902277965325178, 37.21562989243311], [-1.902726361313041, 37.21564892008773], [-1.9029678365473683, 37.215768965497624], [-1.904280187923246, 37.21471597507705], [-1.9051350938446308, 37.21391742930148], [-1.9055759844076077, 37.213550776930255], [-1.9057643147669656, 37.21351898623714], [-1.9058683334393487, 37.21340998057218], [-1.9060815630366847, 37.213394283427554], [-1.906520831224695, 37.21349830127249], [-1.9066989863622799, 37.21349994595883], [-1.9072288103189137, 37.213280125039375], [-1.9072945794689908, 37.21322872302124], [-1.9076097429602465, 37.21237371451523], [-1.9081393551120045, 37.21225348842676], [-1.9085062570550806, 37.21268637575503], [-1.9086395364573678, 37.21254113192646], [-1.9091006215661699, 37.212859235448036], [-1.9084708262199686, 37.21423702537063], [-1.9082029134467144, 37.21469172875261], [-1.9081520051965755, 37.21542370932867], [-1.9084973177690323, 37.215401207812555], [-1.908046497353425, 37.215819017558104], [-1.907496372086828, 37.21605478911776], [-1.9069191136403454, 37.21622586003122], [-1.9063480355243374, 37.21624970205461], [-1.9052900120041187, 37.2160673158227], [-1.9048634226291503, 37.216184605677185], [-1.9042612692616232, 37.216588075768016], [-1.9038077838000649, 37.21694370431053], [-1.9033397874871258, 37.217452789314805], [-1.902456643577066, 37.218221494808716], [-1.9022802395593008, 37.21875932676149], [-1.9024914443660292, 37.21958453668962], [-1.9026998977471141, 37.219604135010776]], [[-1.9024356191863496, 37.223294426096075], [-1.9024365012424957, 37.223290260836045], [-1.9024261888513903, 37.223338956222236], [-1.9024356191863496, 37.223294426096075]], [[-1.8961136676793158, 37.222489387951], [-1.8960872046110344, 37.22224063528607], [-1.8958672418782472, 37.22157247684798], [-1.8958259947834497, 37.22117819175263], [-1.895577521778874, 37.22010884015484], [-1.8958309392134143, 37.21982736808389], [-1.8955389447065116, 37.21998724692884], [-1.8952924512894225, 37.22022624306817], [-1.8950856902717428, 37.220368802881055], [-1.8946455087544505, 37.22058796314595], [-1.8942909936774268, 37.22066793979172], [-1.8940019756526878, 37.221247972744436], [-1.894303013566125, 37.22138021957627], [-1.894903790972235, 37.221548523323705], [-1.895121410290369, 37.22164312386915], [-1.8952703181462793, 37.22175799471794], [-1.895653325750891, 37.222251552764334], [-1.8961136676793158, 37.222489387951]], [[-1.8952794867653984, 37.21945019187655], [-1.8954121069115393, 37.21942305393782], [-1.8955403875191188, 37.21850353379981], [-1.8955126549354648, 37.217788218323356], [-1.895463744248847, 37.217615200468416], [-1.8953525236924282, 37.21756859015847], [-1.8950904790895695, 37.21758077486973], [-1.894900758623862, 37.21764776081141], [-1.8947800211309436, 37.21773048356482], [-1.8946874124401238, 37.217673184877555], [-1.8947919581014316, 37.21758671016713], [-1.8949264484422403, 37.21752966489756], [-1.8952859181006534, 37.217460143176396], [-1.8953424236367749, 37.21739751162616], [-1.8953436419711733, 37.21731396650496], [-1.8954326965847323, 37.21730506237026], [-1.8952382865661856, 37.21698038028959], [-1.8950462740744762, 37.216746036977796], [-1.894823406922858, 37.21630949977592], [-1.8946707761091284, 37.21609562376542], [-1.894623831134028, 37.215790794800384], [-1.8944149064050113, 37.21536457234462], [-1.8941232394893084, 37.215109647463706], [-1.8936952868184618, 37.21504129330432], [-1.892995331111338, 37.21513895071613], [-1.892255758389559, 37.21536341596982], [-1.8919786614604264, 37.21585350520708], [-1.891636456840366, 37.21622500035999], [-1.8913575243175118, 37.216463053912285], [-1.8919688317476249, 37.216955871939746], [-1.892861977253992, 37.217513606116185], [-1.8931301305368522, 37.217720091297736], [-1.8934250157852657, 37.21747046493071], [-1.8938910104736533, 37.21685639643988], [-1.8942300044184224, 37.21692743472411], [-1.8927825862610772, 37.219735447417044], [-1.8929846167735735, 37.21967766575738], [-1.893221425710073, 37.21966176165098], [-1.8936319070694838, 37.2197701552676], [-1.893701429061366, 37.219964417693454], [-1.893944046481702, 37.22033768521507], [-1.8940941637973094, 37.22044661983147], [-1.8942549960993864, 37.22047786659748], [-1.894708588406786, 37.22028974973038], [-1.8950827251039668, 37.22006213117969], [-1.895406215978265, 37.219798795726106], [-1.895764914741875, 37.21967153759083], [-1.8956207415263686, 37.21971916435867], [-1.8952794867653984, 37.21945019187655]], [[-1.8919080474091137, 37.21550329543192], [-1.892040560441891, 37.215666870900094], [-1.8921845024503192, 37.215388438368116], [-1.8919959404610363, 37.21546580974689], [-1.8919080474091137, 37.21550329543192]], [[-1.8916166051979346, 37.21559521157196], [-1.8916338822223022, 37.21556211291233], [-1.8916473337366986, 37.21553627950144], [-1.8916166051979346, 37.21559521157196]], [[-1.9023776808232646, 37.22144334044799], [-1.9023793876534139, 37.221448124991525], [-1.9023009679265181, 37.221228274602126], [-1.9023776808232646, 37.22144334044799]], [[-1.8995338516898825, 37.22070695301897], [-1.8995282443286388, 37.22069725631622], [-1.8995383255496592, 37.220717089870966], [-1.8995338516898825, 37.22070695301897]], [[-1.8993846891085664, 37.22056315132117], [-1.8993927259053713, 37.22056854405964], [-1.8994040007476558, 37.22057604002752], [-1.8993846891085664, 37.22056315132117]], [[-1.8992601315139686, 37.22050196282723], [-1.8992760530331365, 37.22050769926686], [-1.899240173925741, 37.22049474668887], [-1.8992601315139686, 37.22050196282723]], [[-1.8991278546525077, 37.22046783351397], [-1.8991645933270356, 37.22047592674848], [-1.8991262821596877, 37.22046745835101], [-1.8991278546525077, 37.22046783351397]], [[-1.898968766955191, 37.22043273370705], [-1.8990501381424438, 37.22044863310054], [-1.8988935783112715, 37.22041797337763], [-1.898968766955191, 37.22043273370705]], [[-1.898735902142382, 37.22037883024341], [-1.8987393825845902, 37.220379763971856], [-1.8986600217107998, 37.22035739323768], [-1.898735902142382, 37.22037883024341]], [[-1.8986600190898537, 37.220357573486154], [-1.8986147786167686, 37.22034507448155], [-1.898610195560431, 37.22034400429454], [-1.8986600190898537, 37.220357573486154]], [[-1.8985877353624152, 37.22033886539891], [-1.8985998571977323, 37.22034159018905], [-1.898591863543022, 37.22033972359506], [-1.8985877353624152, 37.22033886539891]], [[-1.8989545254081304, 37.21433512522128], [-1.8988827151837255, 37.214301130099685], [-1.8987090923311618, 37.21432872001593], [-1.8979468312049395, 37.21509148101721], [-1.8980327578173137, 37.21521180153803], [-1.8977367146188835, 37.21537264441612], [-1.8971987376788917, 37.21611054121742], [-1.896976587128357, 37.21624250539889], [-1.8965019437334447, 37.2169106777251], [-1.896385546314297, 37.2172720318396], [-1.8963560865274234, 37.21804008041059], [-1.896231376425969, 37.21871067803005], [-1.896434183552887, 37.21899762896908], [-1.8964679370525916, 37.219232600157945], [-1.896607868286359, 37.21937819884426], [-1.896595402804165, 37.219399855159345], [-1.8964320817631082, 37.21939833340592], [-1.896443651668216, 37.219470640492176], [-1.8963994637185388, 37.21950934794115], [-1.8961839205193805, 37.21961288894614], [-1.8962011302328217, 37.21976222511783], [-1.8971884165919226, 37.21970355001113], [-1.8972346616786486, 37.21991021277147], [-1.8976119566843768, 37.21992958936984], [-1.8976265879974652, 37.220155607442365], [-1.8976921926104948, 37.22020930844011], [-1.8985790483253568, 37.22033705947457], [-1.8988059853650552, 37.21435404793879], [-1.8989545254081304, 37.21433512522128]], [[-1.902139618355117, 37.22054082438495], [-1.9021396183551158, 37.22054082438495], [-1.9025394191242573, 37.22166004237324], [-1.902139618355117, 37.22054082438495]], [[-1.9034219798118555, 37.22321862070607], [-1.9034456276218255, 37.22304659752308], [-1.9034192724114398, 37.223238315233154], [-1.9034219798118555, 37.22321862070607]], [[-1.9079053019809509, 37.22248379278278], [-1.9079502894126732, 37.222474757723454], [-1.9079517555221344, 37.22247380092365], [-1.9079053019809509, 37.22248379278278]], [[-1.9017632810964815, 37.220637065640005], [-1.9017345966259473, 37.22064869764724], [-1.9017359568134784, 37.220648169442335], [-1.9017632810964815, 37.220637065640005]], [[-1.9015018124706613, 37.22073631457801], [-1.9014774451610592, 37.22074375214259], [-1.9014873207616048, 37.22074077711732], [-1.9015018124706613, 37.22073631457801]], [[-1.901056377409291, 37.220762650370304], [-1.9010292857561495, 37.220762577080556], [-1.901045515243237, 37.22076263754523], [-1.901056377409291, 37.220762650370304]], [[-1.9006797719741515, 37.220762397875525], [-1.9005510787482474, 37.22076084266564], [-1.9006414567525802, 37.22076195207206], [-1.9006797719741515, 37.220762397875525]], [[-1.9003180993538489, 37.22078454871035], [-1.9003348371994229, 37.220780647989685], [-1.900291636962533, 37.22079061254], [-1.9003180993538489, 37.22078454871035]], [[-1.9002089974433911, 37.22081544388658], [-1.9000703757088464, 37.22086850876716], [-1.9001185449603923, 37.22085011762205], [-1.9002089974433911, 37.22081544388658]], [[-1.9000167131337309, 37.22088486586849], [-1.9000331286349383, 37.22087988055964], [-1.9000703757088464, 37.22086850876716], [-1.9000167131337309, 37.22088486586849]], [[-1.8989706091206542, 37.214333044324725], [-1.8989623060188479, 37.21433413403874], [-1.8989794156599296, 37.214331954418356], [-1.8989706091206542, 37.214333044324725]], [[-1.8990477699531343, 37.21428923417299], [-1.8990376265816225, 37.21429558055418], [-1.8990561665753498, 37.21428399559394], [-1.8990477699531343, 37.21428923417299]], [[-1.9058784178101658, 37.22231435719168], [-1.9063871537766757, 37.22202169597272], [-1.9062012752317872, 37.221960309008985], [-1.9062121619268717, 37.22182304158098], [-1.9059270919937454, 37.22159074065047], [-1.9053339825209905, 37.2219967328204], [-1.9053048265742716, 37.22207217794463], [-1.9052317235050464, 37.2220844818401], [-1.905655722530888, 37.222405771066875], [-1.9058784178101658, 37.22231435719168]], [[-1.9161121779018793, 37.22187122281525], [-1.9161444356796065, 37.2222158441539], [-1.9161313311663548, 37.222075842219], [-1.9161121779018793, 37.22187122281525]], [[-1.8683395465236603, 37.21163708219792], [-1.8676593206038625, 37.211940147170445], [-1.8673665252332297, 37.21211860078045], [-1.8666558457386435, 37.21259339601086], [-1.8662241125199346, 37.2129460232786], [-1.8660568357856697, 37.21304564488169], [-1.8667701735257614, 37.213546058578096], [-1.867580144103905, 37.213885146715505], [-1.8680869099270125, 37.213993918151694], [-1.8681326499060464, 37.21381435315625], [-1.8682900740694408, 37.213559424321794], [-1.8683289939864316, 37.213360685172866], [-1.8675421549361122, 37.212996855574886], [-1.8676427569349727, 37.212909303628045], [-1.8681746426486336, 37.21278459143796], [-1.8685636553655063, 37.212733685729994], [-1.8686552315874307, 37.21264631709349], [-1.8686855222737162, 37.212549890190296], [-1.868900984142014, 37.21261143803364], [-1.8690457692928126, 37.21269664742022], [-1.869242889938988, 37.212529794398876], [-1.868755948536501, 37.21212827432291], [-1.8683395465236603, 37.21163708219792]], [[-1.8656824958400475, 37.21285475712559], [-1.865140409662783, 37.21249397657718], [-1.8649823089809374, 37.21236509902457], [-1.8650112929833838, 37.21292755664615], [-1.8656138618837, 37.212967310920284], [-1.8656824958400475, 37.21285475712559]], [[-1.8671501063807323, 37.21081718243043], [-1.8681020238777826, 37.210571416284466], [-1.867913922397293, 37.21000734813391], [-1.8680469255140046, 37.20999068220708], [-1.8681253787252665, 37.20987632787744], [-1.8679734735326998, 37.20947647352542], [-1.867515282347122, 37.20906071116529], [-1.8672286412057812, 37.20934343185162], [-1.866672434111735, 37.21001755406353], [-1.8671501063807323, 37.21081718243043]], [[-1.853659287230342, 37.21552182706892], [-1.8539342179082348, 37.215124049980474], [-1.8540688050252172, 37.214741718460616], [-1.853797126158101, 37.214709074155564], [-1.853597553788984, 37.214738693797244], [-1.8530893315992791, 37.214962299954934], [-1.8530326222407159, 37.21488154133803], [-1.8520793421519302, 37.215267098120385], [-1.8524874320248172, 37.215592873035064], [-1.8527229168490915, 37.21585828427108], [-1.85287794603331, 37.21592300291222], [-1.8531040264879532, 37.2159240925859], [-1.8534981702174749, 37.21567118689822], [-1.853659287230342, 37.21552182706892]], [[-1.851985816047287, 37.21518228662052], [-1.8515918226775785, 37.21479632582271], [-1.852041786986336, 37.21523711812902], [-1.851985816047287, 37.21518228662052]], [[-1.8504951804814769, 37.21453157989857], [-1.850316949455854, 37.21454976997397], [-1.8504088247637387, 37.214540395295124], [-1.8504951804814769, 37.21453157989857]], [[-1.84893515571521, 37.21083646568859], [-1.8491262966904953, 37.21098867242245], [-1.8489420145967448, 37.21084192465145], [-1.84893515571521, 37.21083646568859]], [[-1.8487473883039358, 37.210666676831615], [-1.8489106588241475, 37.210816958663614], [-1.848749420869342, 37.21066854620147], [-1.8487473883039358, 37.210666676831615]], [[-1.8785778163535285, 37.21501870936853], [-1.8782766372109811, 37.21502135554366], [-1.8781627510580035, 37.215138986406856], [-1.877440041209138, 37.21512042085394], [-1.8770129221811884, 37.215179733067146], [-1.877120990101999, 37.21555284044858], [-1.8773771909399022, 37.21695679873799], [-1.877471251016581, 37.21725631185791], [-1.8775485744355471, 37.21736989536503], [-1.877894663981793, 37.21758490510765], [-1.8780397120570116, 37.21763846821513], [-1.8786226871827572, 37.21761920206996], [-1.8790717308232558, 37.2176557217874], [-1.8792488204885511, 37.21763855926963], [-1.879800893983029, 37.21747621896635], [-1.8806916975820478, 37.21733321679983], [-1.8807628349438656, 37.21715641067103], [-1.8810473213265977, 37.21675880338036], [-1.8811840784842555, 37.2164889652678], [-1.8808395265483058, 37.21632977399735], [-1.880548271839024, 37.216103212848616], [-1.8801145920685838, 37.21587422270178], [-1.8799782587241944, 37.215818310867746], [-1.8798366883833806, 37.21580408247131], [-1.8795401020551057, 37.21542018051459], [-1.8790448887951343, 37.215328242510154], [-1.8789711800451818, 37.21522208533555], [-1.8789045893783036, 37.214962042619455], [-1.8785778163535285, 37.21501870936853]], [[-1.8886861928396623, 37.21782178727743], [-1.8891627417469439, 37.21748220742701], [-1.8894060292984192, 37.217308813250156], [-1.8886861928396623, 37.21782178727743]]], [[[-1.8174212821383038, 37.28896890164671], [-1.8175960770559465, 37.28837198081222], [-1.8181113212751325, 37.2881260632921], [-1.8178422412755395, 37.287426155579084], [-1.8178724937929056, 37.28735099783068], [-1.820067807257001, 37.28689665514786], [-1.8196781108439268, 37.28619539378064], [-1.819683003141205, 37.28589567496151], [-1.8197961339858366, 37.285110106540216], [-1.8203924212846303, 37.28487196599467], [-1.8209472434567164, 37.28503541066834], [-1.8213031301580245, 37.28526060153824], [-1.8213216358548712, 37.28538318892652], [-1.8211274331304013, 37.28577730710828], [-1.8211016721760604, 37.28635075858128], [-1.8211521582846624, 37.28641192218091], [-1.8213445802103516, 37.28647882582944], [-1.8214935553699965, 37.28648166137606], [-1.8216947739038898, 37.28640407581531], [-1.8218427035446323, 37.28650289408648], [-1.822625029282176, 37.28802612116496], [-1.8239024422740053, 37.287532808954445], [-1.8239818697088144, 37.287771373858334], [-1.8241268302632798, 37.28792360973231], [-1.824288831942837, 37.288198327653134], [-1.8243784010762296, 37.28829998812319], [-1.8245558749123894, 37.2884218104649], [-1.8246116003403803, 37.288661311277586], [-1.824386051062422, 37.288663848181514], [-1.8231721600554605, 37.28921620800875], [-1.8230012805258873, 37.28934457320821], [-1.822788614833303, 37.28943962332504], [-1.8226240304655847, 37.289352177799344], [-1.822380234112694, 37.28966360146614], [-1.8222243588588372, 37.289676021234705], [-1.821829808250949, 37.289845243008585], [-1.8214671109668847, 37.289924645896086], [-1.8214663209755713, 37.289946360505766], [-1.8207787616597455, 37.28987893664352], [-1.8207938677298352, 37.29014705777115], [-1.820618778466903, 37.29017613916491], [-1.820469890331898, 37.290253973929325], [-1.8201555158037102, 37.290532962006424], [-1.8194293433249664, 37.2909866693698], [-1.81928452692957, 37.291135839793476], [-1.8191133655355667, 37.29124508788519], [-1.818957975950437, 37.291146822732685], [-1.8186301974141317, 37.291049450587934], [-1.8183495176575162, 37.29082563812951], [-1.8182578366207425, 37.29091702064841], [-1.8182233210243235, 37.29104610944245], [-1.8182647334073299, 37.2911609039145], [-1.8184444981722785, 37.29136685390568], [-1.8184600902539467, 37.2914879703529], [-1.8184160348060454, 37.291613899368414], [-1.818175962845523, 37.29185910225727], [-1.8173206993881812, 37.292486007956114], [-1.8169431685719664, 37.29150799618394], [-1.81704822572762, 37.29107784780071], [-1.8170874288896122, 37.29107107484502], [-1.8170922730589452, 37.29100760623967], [-1.8170494529114725, 37.291000413626506], [-1.8171978816733678, 37.29030416617734], [-1.8172812444363662, 37.2896640251613], [-1.8173725402086152, 37.289578419868405], [-1.8174870931524585, 37.28955494600736], [-1.8178428820006032, 37.28983774501873], [-1.8177664718581032, 37.28970947085774], [-1.8178326969906322, 37.28968758518461], [-1.8174212821383038, 37.28896890164671]], [[-1.8180969539364484, 37.29027617414154], [-1.8180880843286564, 37.29025747409535], [-1.8180673576453943, 37.29021377574607], [-1.8180969539364484, 37.29027617414154]], [[-1.8187122388357737, 37.28852470188618], [-1.8186673600674377, 37.28852096806804], [-1.8186626874458507, 37.288556825254425], [-1.8187075651072273, 37.28856055906344], [-1.8187122388357737, 37.28852470188618]], [[-1.818487524163921, 37.28792848691418], [-1.818451679920244, 37.28790659001849], [-1.8184242743756363, 37.287935228941436], [-1.818460118624509, 37.287957125845416], [-1.818487524163921, 37.28792848691418]], [[-1.8184112705226063, 37.287958290337826], [-1.8184007668713362, 37.28793105310602], [-1.8183666775008307, 37.287939445914866], [-1.8183771817118237, 37.28796668270449], [-1.8184112705226063, 37.287958290337826]], [[-1.8183559201031847, 37.288002873601286], [-1.8183848484031064, 37.288019548923785], [-1.8184057187853986, 37.28799643537348], [-1.8183767904894443, 37.287979760056096], [-1.8183559201031847, 37.288002873601286]], [[-1.8181841696262488, 37.2879997881807], [-1.8181548779062, 37.28798352380025], [-1.8181345207084874, 37.28800692770704], [-1.8181638124329529, 37.288023192092545], [-1.8181841696262488, 37.2879997881807]], [[-1.8180239371826408, 37.287581229605], [-1.8180139557147552, 37.28755386821025], [-1.8179797111187148, 37.287561843837544], [-1.817989692018183, 37.287589204778705], [-1.8180239371826408, 37.287581229605]], [[-1.8177263383216427, 37.289079571672914], [-1.8177710138870218, 37.2890846301526], [-1.817777343881174, 37.289048936032636], [-1.8177326694642941, 37.28904387756694], [-1.8177263383216427, 37.289079571672914]], [[-1.817563283457556, 37.28852043724869], [-1.8176345796636288, 37.288525650424845], [-1.8176402435562917, 37.2884968021485], [-1.8175709271946403, 37.288491878259315], [-1.817563283457556, 37.28852043724869]]]]}}]}