{"type": "FeatureCollection", "features": [{"type": "Feature", "properties": {"status": "partial", "version": 6, "n_rows": 450, "n_parcels": 450, "n_matched": 448, "foral": 0, "public_domain": 1, "declared_m2": {"expropriation": 12074, "easement": 195326, "temporary": 211893}, "parcels_m2": 45960099, "catastro_date": "2026-08-21", "identifier": "BOE-B-2026-30024"}, "geometry": {"type": "MultiPolygon", "coordinates": [[[[-6.278125676794692, 38.83758683480375], [-6.2777153485948425, 38.83762347986702], [-6.277720791644168, 38.83751107918521], [-6.277923202355478, 38.83702704309755], [-6.278857582596141, 38.83622159728533], [-6.279183074581166, 38.83600494452848], [-6.280249840746253, 38.83501023052969], [-6.280426880185627, 38.835004354827745], [-6.281382364673415, 38.8355427615834], [-6.2820245301672655, 38.83597575301977], [-6.280114456823681, 38.83776861276247], [-6.279207922604674, 38.83763180068992], [-6.278125676794692, 38.83758683480375]]], [[[-6.273658141911929, 38.83621109288669], [-6.273005198588258, 38.838342627878085], [-6.271234880060513, 38.8386117068045], [-6.269648239330392, 38.83870711948205], [-6.269229324471135, 38.83870596895922], [-6.269190610722725, 38.83870317128969], [-6.269117809954193, 38.83862479809344], [-6.268848643917326, 38.8385063334727], [-6.2685385263661795, 38.83841348319602], [-6.268215402331767, 38.83839565080858], [-6.267533385377086, 38.838274088297815], [-6.267442892782143, 38.83822160737855], [-6.2672135121993096, 38.83796668154539], [-6.2670049848454505, 38.837874228022784], [-6.266737779834571, 38.83775886770392], [-6.266912188521738, 38.837834165374474], [-6.26676924852136, 38.838487388315684], [-6.264830929000958, 38.83833204820845], [-6.265018602352034, 38.83729425217509], [-6.264711040978124, 38.83723703432971], [-6.263128077706928, 38.83708100148941], [-6.262711485162163, 38.83698032379573], [-6.26222145986028, 38.836923334180916], [-6.261436810003576, 38.836760593156264], [-6.260341435785449, 38.83639216770314], [-6.259535208345607, 38.83629638788101], [-6.257987708355441, 38.83636346081909], [-6.256388519057231, 38.836336861971155], [-6.254849423348583, 38.836167423252704], [-6.254294569328673, 38.8361759011083], [-6.253462894690774, 38.83611939236964], [-6.25288934424093, 38.836149762374056], [-6.2523679703591375, 38.836216318620934], [-6.251641578189872, 38.83640814095006], [-6.250494811596566, 38.83660392752033], [-6.249117154956731, 38.83658263147042], [-6.2485139654193125, 38.83661093445877], [-6.248244839177988, 38.83666575946292], [-6.2472549389449235, 38.8366558341188], [-6.247187877008847, 38.83662947683452], [-6.248182495390789, 38.836639513972855], [-6.249094959905502, 38.83653084507633], [-6.249665443301898, 38.83657393353049], [-6.250545024616529, 38.83656231574145], [-6.251242684907912, 38.83644370511266], [-6.252433989488912, 38.83617102834725], [-6.253449959565316, 38.836081338712624], [-6.254425077466327, 38.83614302344108], [-6.254954486609772, 38.83612223439119], [-6.256275439601087, 38.83627591335228], [-6.257694084321917, 38.83632466983491], [-6.259364993309137, 38.83623554232996], [-6.260265628378281, 38.8363264217791], [-6.260727200834557, 38.836449335758864], [-6.261391447744226, 38.83669691362866], [-6.261946709041777, 38.83682481377285], [-6.262775028201977, 38.83694253291258], [-6.263134602020982, 38.83703700842945], [-6.264332913897559, 38.837175738377205], [-6.264725362202668, 38.83718493973364], [-6.265033530017574, 38.837241356397485], [-6.265226432274084, 38.83606971255711], [-6.2654976858794145, 38.83634382661825], [-6.2655864922498266, 38.836577740431586], [-6.265861890802565, 38.83686460987223], [-6.265732732397282, 38.837496366908276], [-6.265601507150322, 38.837467645023054], [-6.2659684263304465, 38.83754795448777], [-6.266340800452506, 38.83758208675069], [-6.266795854689615, 38.83773419038879], [-6.267135298777557, 38.837867278612904], [-6.267641642559706, 38.83822960237707], [-6.267868118182114, 38.83826247227228], [-6.268124014741032, 38.83835450131031], [-6.268426202851477, 38.838354937265656], [-6.269688042192446, 38.8334197678395], [-6.269880620095667, 38.83337192733661], [-6.2703066726181325, 38.83313143395487], [-6.270413870456337, 38.83311727323908], [-6.270633611894424, 38.83313322261661], [-6.2702422341390704, 38.83492205630044], [-6.2702339784970755, 38.83499864006734], [-6.270263628919179, 38.83499619501796], [-6.270021768317795, 38.83597570314639], [-6.270565730129233, 38.835946165904986], [-6.270788624487173, 38.834953026937484], [-6.2721002952211835, 38.8348523153897], [-6.272010177596445, 38.83549558907326], [-6.272907866907101, 38.8354049984301], [-6.272724016245576, 38.83609408091761], [-6.273658141911929, 38.83621109288669]], [[-6.265985477215644, 38.837590629107474], [-6.265994372861031, 38.83759234788776], [-6.265816105675813, 38.83755790078975], [-6.265985477215644, 38.837590629107474]], [[-6.2654584996975435, 38.83748382504953], [-6.265500127871619, 38.837497969737235], [-6.2653725472872805, 38.83745461882805], [-6.2654584996975435, 38.83748382504953]]], [[[-6.280914694000548, 38.84082908435011], [-6.280615327600217, 38.84085553077915], [-6.277930671666001, 38.83914521859501], [-6.277905766966642, 38.83829992396465], [-6.277852028944181, 38.83808100777891], [-6.27770838021444, 38.83780323090811], [-6.278440779722756, 38.837781848121345], [-6.2790954809734, 38.837840716428346], [-6.279662114634622, 38.83793140862508], [-6.281210124231466, 38.83828695759795], [-6.281440362214803, 38.83831196052885], [-6.281398975905507, 38.83844893090248], [-6.281187243488104, 38.8388362651643], [-6.2811725993933605, 38.83908772838579], [-6.282541490854279, 38.84036677903661], [-6.280914694000548, 38.84082908435011]]], [[[-6.31288006366515, 38.85904990661206], [-6.314196754551203, 38.86027451103732], [-6.315908909811971, 38.86156179819359], [-6.3170838660339435, 38.86236002731505], [-6.317849247501279, 38.86341100337586], [-6.318771002213796, 38.8645361066354], [-6.313463679698664, 38.86709312117875], [-6.313649054030719, 38.867375960171806], [-6.313790512594398, 38.86769562320619], [-6.313902571032052, 38.868165612081675], [-6.313909788943909, 38.86841155117279], [-6.314837965787871, 38.87026290321052], [-6.315725368359111, 38.87192176501825], [-6.315912137773694, 38.872183545998], [-6.3159100829555, 38.87209421972745], [-6.315943243476171, 38.8720460611655], [-6.317205981469914, 38.8710607418643], [-6.318383548168824, 38.87061419799751], [-6.318862617183353, 38.8704182627828], [-6.319048458219084, 38.87028784098697], [-6.319200028303097, 38.87025358227121], [-6.319754093539292, 38.87019630961073], [-6.320153557465392, 38.87024476436656], [-6.321648289181118, 38.8708280329543], [-6.321741903292717, 38.870836217716224], [-6.321982393200968, 38.870782003948136], [-6.322308462469463, 38.87067048013391], [-6.322315886676299, 38.87076128102343], [-6.3232044656202016, 38.87282364811944], [-6.323676400708131, 38.87402154780265], [-6.324030073595802, 38.8749558292799], [-6.3241515866381155, 38.87540909957431], [-6.322151521321876, 38.87535317803225], [-6.320372519043579, 38.87565738226066], [-6.322108162416588, 38.87550048750691], [-6.322799280629759, 38.87554211615164], [-6.3232507473637245, 38.87560311004889], [-6.323752934583248, 38.87573454801937], [-6.323962304269373, 38.87573574554053], [-6.324154253872967, 38.87570374887094], [-6.324809052155069, 38.87530668273895], [-6.3266830222166215, 38.874665921791056], [-6.32722064751045, 38.875684407255584], [-6.327551890682111, 38.87623480820675], [-6.327815779719984, 38.87692782165361], [-6.328401055838711, 38.878182715198115], [-6.3288158826449985, 38.87881296236951], [-6.3292794440246904, 38.87934873321338], [-6.3294291277083365, 38.87957433182242], [-6.329538352989585, 38.87957241676211], [-6.329878054552524, 38.88019949954231], [-6.3301197082207645, 38.88042855305701], [-6.330515735877124, 38.88065978620544], [-6.330866851977267, 38.881231719188115], [-6.3313584978111725, 38.88111656546524], [-6.332083455702846, 38.881542896382385], [-6.332342814299648, 38.88175207890278], [-6.33316799221701, 38.8830522594794], [-6.333363535133984, 38.883423683070504], [-6.33358727424004, 38.883620697010926], [-6.334085662568054, 38.88458609032471], [-6.33425041623113, 38.885007532248565], [-6.3343003092802075, 38.885217506558256], [-6.334492699373849, 38.8856735450905], [-6.334619326167045, 38.88595870354861], [-6.334863435886277, 38.886381952694734], [-6.334844188938361, 38.886511339259044], [-6.334947990996109, 38.88682417562348], [-6.3350525142274225, 38.887311987342386], [-6.335034320714537, 38.887413198409575], [-6.335162850541395, 38.887647586451266], [-6.3352325029998555, 38.88790882487576], [-6.335635590038423, 38.88891149210453], [-6.335615513798889, 38.88905058552345], [-6.335664703110934, 38.889523168515424], [-6.335900156313453, 38.889909999882164], [-6.336089688232715, 38.89041840098558], [-6.336881185022897, 38.89013178192876], [-6.33609104158615, 38.88876666240817], [-6.333892995161678, 38.8838203043892], [-6.3326014830582995, 38.88206584481231], [-6.331128139498237, 38.879892958300836], [-6.330489813944767, 38.879015883050535], [-6.329036983384856, 38.87662496532012], [-6.327832216098, 38.875090283636474], [-6.328044365783935, 38.87509721791298], [-6.328142155761656, 38.87504657139934], [-6.328255156386818, 38.87503906793818], [-6.329458501343323, 38.87683660412075], [-6.3339549417663275, 38.8837697351626], [-6.334263491670338, 38.88431572950248], [-6.336046274942756, 38.88830228899154], [-6.336908021436364, 38.89001518149564], [-6.3372217932842005, 38.89075281917245], [-6.337140455798849, 38.89078231589641], [-6.338179817027153, 38.893670011806684], [-6.339391938934696, 38.89679588336862], [-6.340005179529758, 38.89810442305161], [-6.340483705709857, 38.899698722706454], [-6.3419953770529265, 38.901300623115], [-6.341814955435988, 38.901374259794295], [-6.343510176091126, 38.90345412913312], [-6.34308591928745, 38.90361347689491], [-6.344500242012707, 38.90522610239684], [-6.346508542580511, 38.907179719254295], [-6.346502670730953, 38.90733733652833], [-6.346611907301011, 38.90750325213474], [-6.346942882630467, 38.90782394248782], [-6.346918316823452, 38.90828826653817], [-6.347022726763712, 38.908487857414514], [-6.347276935055439, 38.908634545217694], [-6.3435854243007, 38.9097598361709], [-6.343250210780909, 38.909274888036016], [-6.342799379110536, 38.90874577229892], [-6.34173241291409, 38.907365736531105], [-6.341610559901714, 38.90714565260324], [-6.341588765512002, 38.90677216993443], [-6.3426625052936885, 38.90621869309205], [-6.342424641440854, 38.905934347616565], [-6.341910312513587, 38.90548531308254], [-6.341844709158524, 38.90532759483804], [-6.341734885573374, 38.90536302242321], [-6.341516933464704, 38.90554292557299], [-6.341513209473289, 38.90547896381789], [-6.340925468199531, 38.90455382435944], [-6.340360045520036, 38.903886585859404], [-6.338979549515731, 38.903037948613694], [-6.339058287288911, 38.90297037621476], [-6.338131766730001, 38.9020599207196], [-6.337495479979811, 38.90118600170176], [-6.337288645012784, 38.900821899803375], [-6.336842452463007, 38.89988158674817], [-6.335622576364813, 38.8982621436764], [-6.335754664992618, 38.89799812466995], [-6.335225007825552, 38.89690139235885], [-6.3350192377696395, 38.8963129172947], [-6.334658463693394, 38.895800148237896], [-6.33479165386354, 38.8953896619282], [-6.334190613179604, 38.895281575770596], [-6.333748732870258, 38.895533424229654], [-6.333293823564087, 38.896042453832926], [-6.333283953353615, 38.896157089534704], [-6.333368741006407, 38.896353378826824], [-6.333410106688229, 38.896378185680106], [-6.333347439588214, 38.8964261251887], [-6.333652103860155, 38.89709563245945], [-6.333880126158212, 38.89779213230492], [-6.333973671398961, 38.89839473948724], [-6.3339538744878405, 38.898541586863736], [-6.334078718953915, 38.89903184521802], [-6.334018237221384, 38.89904289630737], [-6.333624182146976, 38.89729091354478], [-6.333421234740339, 38.89673439824142], [-6.3333318135046, 38.89660121778728], [-6.333162863945833, 38.89644436272017], [-6.332961384414772, 38.89606978515854], [-6.331796680815096, 38.89283179831645], [-6.3313785949756225, 38.892045903120994], [-6.331804513994866, 38.891853115632735], [-6.332012305122196, 38.8917071435554], [-6.332014360019199, 38.891649174264224], [-6.33163979261658, 38.89097869032937], [-6.3314672770921945, 38.890734012933315], [-6.330898570603705, 38.89005800553625], [-6.3305904972767335, 38.889856264252025], [-6.330077427033468, 38.88971694758675], [-6.3297677829183385, 38.889680311203435], [-6.3293581636930645, 38.88956137758044], [-6.3288508478304335, 38.88923803889834], [-6.328507472296086, 38.88956595061731], [-6.327432051598607, 38.888935980453915], [-6.327091551971198, 38.888772408132446], [-6.326372251862052, 38.888341675440245], [-6.325819133848697, 38.887946189890144], [-6.324723669580782, 38.886985265356216], [-6.324316390421907, 38.88657140360427], [-6.324128793822742, 38.88637209314398], [-6.324234702010328, 38.88631145526871], [-6.324270744802089, 38.88634931051787], [-6.324386817985606, 38.886294221605056], [-6.323774474947543, 38.88569582756253], [-6.323413567951352, 38.88529032389484], [-6.32327164788212, 38.88536454961766], [-6.322704668168497, 38.88470664727683], [-6.322145116514938, 38.8839824889084], [-6.322077951448615, 38.884002644043036], [-6.322041160904414, 38.88394179692119], [-6.322109239769872, 38.883887771058546], [-6.322151797917354, 38.88377667036364], [-6.322117817393303, 38.88343542862512], [-6.3220364671145965, 38.8830788603754], [-6.3220874872536985, 38.88298489612031], [-6.32221371730949, 38.88286490418379], [-6.3222782194133815, 38.882685119028345], [-6.321412069280686, 38.882542072397136], [-6.321277709138699, 38.882476552809095], [-6.321270988776719, 38.88235170799511], [-6.321553500210156, 38.8816096080298], [-6.321460946957847, 38.881545048248135], [-6.3207655856915395, 38.88143997725064], [-6.3204789366070475, 38.88142744479941], [-6.319397434489923, 38.87937017744928], [-6.317960669297061, 38.876503891708495], [-6.317808529528083, 38.87654679358226], [-6.319645335465464, 38.88015257045482], [-6.320319360297026, 38.881413419631386], [-6.319561129609605, 38.881357983937306], [-6.319570931487787, 38.8814034562504], [-6.319546656671438, 38.88141694436019], [-6.31975922266439, 38.88224276616543], [-6.31976146222795, 38.88242387111316], [-6.319834197162726, 38.882702527615436], [-6.3202293582153715, 38.88356046243544], [-6.320625472432732, 38.88460664596144], [-6.320981538941162, 38.88454793655663], [-6.321346655201673, 38.88454938569529], [-6.322098577065712, 38.88461638486847], [-6.322325577053482, 38.88467060532576], [-6.32242571165526, 38.884622450238396], [-6.323464455748735, 38.88588570821743], [-6.324326660099986, 38.88680128951131], [-6.325089584966656, 38.887506380803224], [-6.324981051453559, 38.887600113508064], [-6.3250955891784635, 38.88768427453765], [-6.325195101772534, 38.88759132598086], [-6.326172640210643, 38.88834655702077], [-6.327378362488215, 38.88906106302532], [-6.328827642578713, 38.88981383227997], [-6.3296585723651555, 38.890339541585035], [-6.32989209293039, 38.890524984068634], [-6.329694287790842, 38.89083839602446], [-6.328954654033914, 38.890718394986735], [-6.328763379323482, 38.89057464041816], [-6.328501095991731, 38.89062439966865], [-6.328235563918136, 38.8907700344012], [-6.328277015971386, 38.89140758104737], [-6.328204199966488, 38.89173241108174], [-6.328206642667348, 38.89199228100954], [-6.328118802901224, 38.89235035410287], [-6.327587184312993, 38.892630468098545], [-6.327346794704628, 38.89286163540537], [-6.327364919506158, 38.89288862837153], [-6.327393799507269, 38.892856315352596], [-6.3274188302948415, 38.89289589950276], [-6.327694067185212, 38.89356727041692], [-6.327872302562423, 38.89387136626544], [-6.328043556500349, 38.89412187155942], [-6.328071512993465, 38.89410251081007], [-6.328316496465898, 38.89443150941446], [-6.328300514300235, 38.89444497744641], [-6.330157859598007, 38.89290754703328], [-6.330324983230513, 38.892930110495264], [-6.330827833913092, 38.89285350666169], [-6.331078869204887, 38.89272564346979], [-6.331540621934968, 38.89255521370265], [-6.331588716428874, 38.89263469566556], [-6.331850514528398, 38.89342278249317], [-6.331600385044065, 38.893492557181155], [-6.331531652932216, 38.89347467826661], [-6.331333109264826, 38.8934231082878], [-6.328896794204528, 38.89513604356595], [-6.328798967406121, 38.89521768183376], [-6.328935412463581, 38.8953943224955], [-6.32784307614518, 38.8963989765053], [-6.327523461602766, 38.89710050445492], [-6.327337941524521, 38.89700829157803], [-6.327058190712585, 38.89654355136386], [-6.326652441070397, 38.89630505139696], [-6.325924135127055, 38.89575850470931], [-6.328588597727515, 38.89493717712067], [-6.3280031925927815, 38.89418680616845], [-6.327935126925012, 38.89421176040954], [-6.327825808846499, 38.89407901619047], [-6.3276172752548385, 38.89377294702119], [-6.327479082497666, 38.89344618125764], [-6.3271579069436985, 38.89299812837827], [-6.32693506599319, 38.89276353542948], [-6.325355621009742, 38.89146513003692], [-6.32397420011152, 38.89038169649705], [-6.32346860618656, 38.889901592081635], [-6.323268842988117, 38.88963045686079], [-6.322444327980748, 38.88828173055965], [-6.321320000906859, 38.88681466088512], [-6.321121791258018, 38.88646612171348], [-6.320762008358909, 38.885972138464325], [-6.320598927773463, 38.885621891368714], [-6.320534668913781, 38.88539635589281], [-6.32046514074546, 38.88469110725112], [-6.319887854018309, 38.88337613145875], [-6.319608272002773, 38.882628368939066], [-6.319448468864701, 38.88189162791121], [-6.319468636420396, 38.881852801054094], [-6.319399699232671, 38.88160593574586], [-6.319392824728615, 38.88142458016092], [-6.319322872650453, 38.88125070391536], [-6.319079120720679, 38.88000440641277], [-6.319077618742385, 38.879747936441866], [-6.318982071658247, 38.87930702791036], [-6.318866737474009, 38.879014687898696], [-6.318368512696657, 38.87807008561507], [-6.318402298950507, 38.878069330853826], [-6.316657722950147, 38.878058760995685], [-6.316575506343116, 38.87849751716886], [-6.315700888888097, 38.878326939987986], [-6.3155429249067865, 38.87822438277401], [-6.315069308076897, 38.87807185404783], [-6.315393085730724, 38.87738900963878], [-6.3159604156864555, 38.877486122218855], [-6.316351761830455, 38.87742971865181], [-6.316668127201436, 38.8774853742792], [-6.316970074866888, 38.87654443456082], [-6.314674691860609, 38.876486133119656], [-6.314306912826802, 38.876464691459695], [-6.3139769320983055, 38.87640042743157], [-6.3128224457172095, 38.87595337437589], [-6.3117348724585804, 38.87531207664599], [-6.30993603747809, 38.87371316543226], [-6.309406327338083, 38.873844915319566], [-6.308878607908679, 38.8740857272012], [-6.309022876878218, 38.873829762810814], [-6.30930486700005, 38.87368112714196], [-6.3099859316710045, 38.87351178366593], [-6.310113274746594, 38.87323416994431], [-6.310164817979808, 38.87270181975872], [-6.310216407002918, 38.87253796513949], [-6.3104307883100565, 38.872452001025465], [-6.311213330863958, 38.87224396858604], [-6.309399938825989, 38.871042593351916], [-6.308605700090197, 38.8704804323079], [-6.298701548392069, 38.86390502117887], [-6.296839278000527, 38.86272576066616], [-6.295766324755825, 38.86199446688079], [-6.295647786882871, 38.861880706164406], [-6.295026152693226, 38.86144725413324], [-6.294069488890524, 38.86083396752484], [-6.29381724408612, 38.86056990906099], [-6.293502096436338, 38.8601047720024], [-6.291921645655056, 38.858493328214415], [-6.29153127759892, 38.85804711494549], [-6.29107951773997, 38.85774456536041], [-6.2907859182043815, 38.85748684276808], [-6.290592805888107, 38.8572258619083], [-6.2904239162823306, 38.85685061134635], [-6.290006743369842, 38.85646443119117], [-6.289621097526542, 38.85604919659951], [-6.289360849215897, 38.855835773989696], [-6.288833091280349, 38.85553253872538], [-6.288391479690909, 38.85534629872995], [-6.288057755180487, 38.855242765770704], [-6.286558493690774, 38.854930096354956], [-6.286054296550507, 38.85477252002932], [-6.285526835998663, 38.85465559827746], [-6.285127082948381, 38.854442052555335], [-6.284716850042196, 38.85400344314846], [-6.28426462408398, 38.85365522190875], [-6.2833517659072085, 38.85284307800977], [-6.281622296412282, 38.851444651449796], [-6.281543082906588, 38.85137362102216], [-6.281584825894922, 38.85136062191526], [-6.280780979653552, 38.85072823933134], [-6.279561099441448, 38.84969685880703], [-6.279593609990651, 38.84967239742237], [-6.279347977858009, 38.84945159911667], [-6.2794306523691334, 38.8494437960354], [-6.279664800335275, 38.84962121650308], [-6.279714455166516, 38.84958422301077], [-6.280808404260214, 38.850510420414075], [-6.281309968006429, 38.85088332754738], [-6.282398830963447, 38.85184429434255], [-6.283452972094966, 38.85271932217639], [-6.284303516479258, 38.853379549269384], [-6.284756971036432, 38.85378780159797], [-6.285487874364142, 38.85432709648225], [-6.2859272212459025, 38.85456281939928], [-6.286358120935084, 38.854706547405236], [-6.287030757120342, 38.85487028117942], [-6.287938734115599, 38.855040461939744], [-6.288984950697631, 38.85532520312425], [-6.289430465012331, 38.85553871743363], [-6.2897532375879255, 38.85575306925518], [-6.2900423159374865, 38.85600213495643], [-6.290355547864649, 38.8564879335194], [-6.290569733808307, 38.85672582138471], [-6.291052226842621, 38.85716043763118], [-6.291663374555552, 38.857894094516304], [-6.292023421455541, 38.858256338817725], [-6.292403116628459, 38.85853360607648], [-6.292904034969926, 38.85903074329576], [-6.293483159120695, 38.85984671085923], [-6.294580849368658, 38.86089600935966], [-6.29506252421999, 38.86125665917805], [-6.295241847151008, 38.861034128324874], [-6.295392094117948, 38.860621289548156], [-6.295489614948535, 38.86047444807398], [-6.295940645737432, 38.860273182081436], [-6.296885489347425, 38.8601739016944], [-6.299172612858718, 38.860236419193555], [-6.302270202064191, 38.8565041657869], [-6.301870939932616, 38.85624249220052], [-6.303531329941108, 38.85610455874974], [-6.30395156006352, 38.85603724497907], [-6.305074627477762, 38.85600084565778], [-6.305592314790581, 38.855878832016835], [-6.305993037116219, 38.85570844296239], [-6.306206258621723, 38.855530022224215], [-6.306310084625131, 38.85538934856885], [-6.306600422779956, 38.85473684161027], [-6.308700986166441, 38.85882393735829], [-6.3100476866038875, 38.86153617987462], [-6.312974770029604, 38.867174383433074], [-6.309005026402521, 38.869093320995965], [-6.307717974296276, 38.869685649510835], [-6.3080192222082845, 38.86990729118599], [-6.30857775579571, 38.8702278635483], [-6.3091822440366725, 38.87068038184125], [-6.3097396286788126, 38.87099474178068], [-6.310381581667954, 38.87147458733026], [-6.310975800173709, 38.87180452979917], [-6.31137185028211, 38.87212864034652], [-6.31341898371759, 38.87144252817123], [-6.313662957865369, 38.871543554348065], [-6.314401388788827, 38.87196480772772], [-6.314664955199025, 38.87206898553749], [-6.315145919198386, 38.872147897280435], [-6.315566419175663, 38.87214595300514], [-6.316533158866555, 38.873991507318465], [-6.317639073058986, 38.87623533457781], [-6.317768230096394, 38.87619810000999], [-6.316661084427062, 38.873951834230866], [-6.3156866957393625, 38.872091870086535], [-6.315773092634871, 38.87206539201213], [-6.31473491806336, 38.87017458215072], [-6.314251100988675, 38.86925106310206], [-6.313850384909526, 38.86840378719759], [-6.313842402380733, 38.86811710784631], [-6.31371685395857, 38.86763185273914], [-6.313632058192419, 38.8674325041017], [-6.313413885365622, 38.867118012186424], [-6.3131492694450095, 38.86723786778686], [-6.310175707739859, 38.86149651581246], [-6.308984278053425, 38.85909714899642], [-6.308815196001526, 38.858667644356856], [-6.308540010136203, 38.858225421940446], [-6.308348184446333, 38.85747953012331], [-6.3079132007500025, 38.856850819296156], [-6.30634923954318, 38.853787666110534], [-6.305771822492384, 38.85351153324494], [-6.3056365938458105, 38.8531444346237], [-6.305347323235171, 38.85269178913533], [-6.304411780652991, 38.851565813535], [-6.303768962233833, 38.85085633794283], [-6.30312681102573, 38.85058049427492], [-6.30281912770358, 38.85048770483289], [-6.301982889584963, 38.85040900103809], [-6.301123108651457, 38.85035560397843], [-6.300596251151357, 38.85035845708161], [-6.3001814179734925, 38.85014381203032], [-6.299883489474687, 38.850046100654126], [-6.298728921746864, 38.84984873806855], [-6.29788975291496, 38.84974750371566], [-6.29696271411996, 38.84969674894], [-6.294525238253447, 38.84930916071633], [-6.294781043633078, 38.84931725659446], [-6.2968699216017985, 38.84964928252173], [-6.298001616923889, 38.849720182046525], [-6.299663777294588, 38.84995182431461], [-6.300050053300465, 38.85003166457303], [-6.300685054003156, 38.85031943229098], [-6.301466919112031, 38.8503399486249], [-6.302651554506776, 38.85043112714], [-6.302954372157439, 38.85048497389247], [-6.3037637738260965, 38.85078324160134], [-6.305255622873589, 38.85247173357939], [-6.305693154817337, 38.85312627990167], [-6.30580509994688, 38.85345410490452], [-6.305871354110268, 38.85350896564449], [-6.306336307493621, 38.853693764042646], [-6.30639626030638, 38.853753799139334], [-6.307081423331491, 38.855021827568116], [-6.307948331615261, 38.85678396869807], [-6.308229986620102, 38.85722246762019], [-6.309696767561916, 38.85647779875287], [-6.310579359528836, 38.85760603108272], [-6.310869633902634, 38.858152651085184], [-6.311056254009055, 38.85817839325401], [-6.311420607143916, 38.858823214265975], [-6.312075055912709, 38.85941759568057], [-6.31288006366515, 38.85904990661206]], [[-6.324461053458308, 38.876609921368306], [-6.324684032165746, 38.87787949987841], [-6.325104805390997, 38.87870071168739], [-6.325217408189947, 38.87867924200183], [-6.3255803709478515, 38.878740536432595], [-6.326710084697901, 38.878809860653966], [-6.32623459683079, 38.87814091724823], [-6.325127261538408, 38.876200767724754], [-6.325003621159114, 38.87588350849491], [-6.325000844620345, 38.875718031416234], [-6.32490716271235, 38.87554848845646], [-6.324554701346817, 38.8756961772226], [-6.32423941604871, 38.87574092850584], [-6.324461053458308, 38.876609921368306]], [[-6.325234340419673, 38.878830087803514], [-6.324892942906612, 38.87920164077713], [-6.324848223330617, 38.87939819268187], [-6.324855414227263, 38.87989450296119], [-6.324811806766051, 38.880138195191954], [-6.324668733709005, 38.88050763123408], [-6.324041834682745, 38.88142527015478], [-6.323925091469929, 38.88186675375859], [-6.323959182033113, 38.8822820552342], [-6.32392360219033, 38.88250521389162], [-6.323830113218161, 38.88269271402258], [-6.323621194094123, 38.88283540252844], [-6.323369611563281, 38.882864859001934], [-6.322997196521215, 38.882812435660725], [-6.32289594874733, 38.882838132257724], [-6.322828771673746, 38.88292343752902], [-6.322889156065111, 38.88308654221014], [-6.323266026056467, 38.883489890975206], [-6.323435857849422, 38.883544059193184], [-6.32378228400932, 38.883573451654925], [-6.323861726162598, 38.88363734857333], [-6.324134558788352, 38.884454269705955], [-6.324902055593001, 38.884395025381785], [-6.324728942810231, 38.88339939708081], [-6.324740245569288, 38.88274206189967], [-6.324816785277725, 38.88274507792855], [-6.32480581580283, 38.88296060247823], [-6.325125477098648, 38.88295982186347], [-6.325263447243593, 38.88251449907059], [-6.325495946901809, 38.88142375311582], [-6.326210284583643, 38.881524005287396], [-6.326761511824686, 38.88114824618155], [-6.32613925695062, 38.87966572996868], [-6.326061751863604, 38.8796639540494], [-6.3258756494478225, 38.87887614277267], [-6.325588425609809, 38.87888532259733], [-6.325452089140763, 38.87884183567365], [-6.325234340419673, 38.878830087803514]], [[-6.3268462268314485, 38.88691077269788], [-6.326029075294586, 38.88738953762312], [-6.326534702541022, 38.887803308891996], [-6.327122278334876, 38.887394055809544], [-6.3268462268314485, 38.88691077269788]], [[-6.320171866840864, 38.87567881989852], [-6.32017759462684, 38.875677318133384], [-6.320121466139041, 38.87569198750464], [-6.320171866840864, 38.87567881989852]], [[-6.317959356580044, 38.87614423959587], [-6.318490377080007, 38.87599459409249], [-6.317959356488627, 38.87614423944614], [-6.317959356580044, 38.87614423959587]], [[-6.318447252820008, 38.87443751127603], [-6.318313106759017, 38.87454146085737], [-6.318343775592086, 38.87456568024034], [-6.318477921658023, 38.87446173062415], [-6.318447252820008, 38.87443751127603]], [[-6.30767508681961, 38.86421299695526], [-6.307635617145801, 38.864132262844564], [-6.306427010141144, 38.86449257313307], [-6.304358636524092, 38.86516005301065], [-6.302082811707943, 38.86595846847099], [-6.302179504485782, 38.86601830590159], [-6.304445627278756, 38.8652397235201], [-6.30767508681961, 38.86421299695526]], [[-6.316986647597608, 38.87594318366082], [-6.31742168875915, 38.876240194435304], [-6.317386879159508, 38.87621642919844], [-6.316986647597608, 38.87594318366082]], [[-6.317324347174013, 38.87631375717674], [-6.317250716069442, 38.876332101477765], [-6.317197877397147, 38.87634526581531], [-6.317324347174013, 38.87631375717674]], [[-6.31294350536271, 38.87579921771872], [-6.313427430774671, 38.87598658841565], [-6.310882137024886, 38.87428157229188], [-6.311893027524151, 38.87517994776304], [-6.31294350536271, 38.87579921771872]], [[-6.317934729008259, 38.87628346532158], [-6.317954647597061, 38.87627789129394], [-6.3180283818621605, 38.87625724250038], [-6.317954647766352, 38.87627788679311], [-6.317934729008259, 38.87628346532158]], [[-6.323684489957235, 38.881671497141824], [-6.323374654106802, 38.8826077552865], [-6.323315223667472, 38.88264333077192], [-6.323251707072742, 38.88263745918796], [-6.323081167698881, 38.88255921929982], [-6.323011164561652, 38.8826246390988], [-6.32305362538567, 38.88272480704632], [-6.323491924115021, 38.882750902206844], [-6.323669773336069, 38.882705073539746], [-6.32379501365589, 38.8825745161058], [-6.323855764588418, 38.88231337887032], [-6.323821971286205, 38.881669244485956], [-6.323931511337062, 38.88137652180099], [-6.323872322142254, 38.881368857823894], [-6.323823210932919, 38.88140899477091], [-6.323684489957235, 38.881671497141824]], [[-6.3306140060002, 38.88953345781988], [-6.331160465358582, 38.8902615728564], [-6.331523539488279, 38.890644579067114], [-6.331785089585901, 38.89105760207482], [-6.333086627984198, 38.890995293781444], [-6.332942879855096, 38.88965259265651], [-6.332587373042689, 38.88907038932747], [-6.3306140060002, 38.88953345781988]]], [[[-6.330698790294978, 38.89417140974711], [-6.329957111375606, 38.89468931673384], [-6.329994118060627, 38.89473548099259], [-6.329108584192604, 38.895387930264434], [-6.328896794204528, 38.89513604356595], [-6.3293939867514935, 38.894786515594305], [-6.331333109264826, 38.8934231082878], [-6.331564306355834, 38.893483173138065], [-6.331589474113972, 38.89362384541366], [-6.331190978957788, 38.89377653203479], [-6.3310214980887345, 38.89378914275809], [-6.330892126506406, 38.893974386035254], [-6.330698790294978, 38.89417140974711]]], [[[-6.329012063499376, 38.899151516975095], [-6.326012170165449, 38.89663251729019], [-6.326149669727773, 38.896685850804325], [-6.3267194143472185, 38.89665855250853], [-6.32697410476444, 38.896873135839826], [-6.327687122177441, 38.89722470888555], [-6.328009139109796, 38.89786670295042], [-6.328200137772641, 38.89807054537923], [-6.329118657647881, 38.89875925868015], [-6.329380843030849, 38.899035722997525], [-6.329012063499376, 38.899151516975095]]], [[[-6.332870562418232, 38.89961983084091], [-6.333290637131484, 38.89987079515711], [-6.3335238320326015, 38.899915045406594], [-6.334097384426393, 38.89981743467178], [-6.334337706954849, 38.90033988207762], [-6.334570111988804, 38.901110713812095], [-6.33441017272451, 38.901262287940746], [-6.334198842342059, 38.90137601929778], [-6.3341673497886655, 38.901348721941254], [-6.333886270974346, 38.90151770858177], [-6.3337531656772015, 38.90161458155011], [-6.333481762033577, 38.90189775303598], [-6.333156544606913, 38.90208455880451], [-6.332524220797958, 38.90235001802081], [-6.332110306903623, 38.90258370962957], [-6.330941606120281, 38.90289527068305], [-6.330722061064824, 38.90300024870734], [-6.329095972602447, 38.90170439415473], [-6.329283868255077, 38.901458601351415], [-6.329622094995378, 38.901117021870554], [-6.329658205517177, 38.90114286163831], [-6.332020658790698, 38.89989571544152], [-6.331359262438577, 38.89935658721829], [-6.331502847678202, 38.89918838212701], [-6.331617245439558, 38.89897948270751], [-6.33204655301887, 38.89933061453854], [-6.332673143799947, 38.89993469316226], [-6.332966072335643, 38.899713320118046], [-6.332870562418232, 38.89961983084091]], [[-6.333775746787615, 38.900379335386944], [-6.333871659564412, 38.90027756815651], [-6.33376206110186, 38.90022569476088], [-6.333676408878613, 38.90031657558607], [-6.333568184327648, 38.900253579281106], [-6.333649997347114, 38.90016760968339], [-6.33326625881722, 38.899958497509964], [-6.3329325091520765, 38.90017509129656], [-6.333349782435636, 38.90057621052924], [-6.333719580548894, 38.900343928238065], [-6.333775746787615, 38.900379335386944]]], [[[-6.334662927354512, 38.905952901413634], [-6.334825357920199, 38.905433173350296], [-6.334819404296592, 38.90537672844007], [-6.334890519475449, 38.90522645849425], [-6.336533937338132, 38.904588302019405], [-6.33654920514135, 38.904614777901386], [-6.336582851977516, 38.90460302288471], [-6.33656681475351, 38.90457553840541], [-6.336596502676087, 38.9045586477298], [-6.337104628197114, 38.90554235894086], [-6.334439112129802, 38.90636275330744], [-6.334508882528387, 38.90632858439118], [-6.334662927354512, 38.905952901413634]]], [[[-6.33443696005349, 38.90554565294728], [-6.334554461776624, 38.905403740613686], [-6.334634660745045, 38.90544521423619], [-6.334582362838866, 38.90561627519872], [-6.33443696005349, 38.90554565294728]]], [[[-6.2425838315744935, 38.84129064146972], [-6.241597429728796, 38.84144183713876], [-6.240518742758807, 38.84147696897957], [-6.239747432992562, 38.84139817978738], [-6.239279106729743, 38.84131006944432], [-6.238787172437078, 38.84115924325405], [-6.23792084709501, 38.840803237975884], [-6.237431681299595, 38.840527593065865], [-6.233938146471685, 38.83840496124742], [-6.237708940676224, 38.83707514510958], [-6.238859493673233, 38.83650857378497], [-6.239306101813619, 38.83623696876346], [-6.2400210322905085, 38.83564836980292], [-6.241047098860447, 38.834927831353106], [-6.241823771151962, 38.83429374137517], [-6.242884236007102, 38.83371338280717], [-6.24364331699519, 38.83334328514308], [-6.244510716092296, 38.83298348743168], [-6.244818560820799, 38.83280255264904], [-6.245274646393299, 38.83248411879849], [-6.245424941003081, 38.832293698235276], [-6.245467783203119, 38.83215947853435], [-6.245970313893597, 38.831855115808], [-6.246879433680327, 38.83141637115034], [-6.247473056800325, 38.83132433888017], [-6.247505465275517, 38.83181322202431], [-6.247429145715141, 38.8323648638028], [-6.247334153638798, 38.832644707317584], [-6.247147174016598, 38.832914534270095], [-6.247133314574998, 38.83298123716073], [-6.246826529120091, 38.83623508775948], [-6.246831266493039, 38.83659620039741], [-6.246880278554706, 38.83664852961398], [-6.247200492955412, 38.836711579429775], [-6.247263726867543, 38.83684604895451], [-6.247016916080268, 38.839500122212705], [-6.247030397661272, 38.839614300537114], [-6.2470991368927375, 38.83968819937387], [-6.247053715310454, 38.8404525502332], [-6.2425838315744935, 38.84129064146972]], [[-6.2408420905212605, 38.83884892623061], [-6.240972620081974, 38.83878894613282], [-6.240917181381184, 38.838715200492125], [-6.240786648437656, 38.83877527054312], [-6.2408420905212605, 38.83884892623061]]], [[[-6.272704151861168, 38.838494700573875], [-6.272476634442696, 38.839878707108426], [-6.27298015179945, 38.84034913601591], [-6.274173826537396, 38.84395057564784], [-6.274238649400221, 38.844057139087866], [-6.274785869548261, 38.84458488979152], [-6.274700577007628, 38.84460407046218], [-6.2741332515752815, 38.84402962709522], [-6.273641246060159, 38.84260565525877], [-6.273648274933833, 38.84255734883683], [-6.27362666030857, 38.84256224961931], [-6.273354107804981, 38.84179891749003], [-6.272961789517744, 38.840483037270424], [-6.272904025948638, 38.84036384470643], [-6.272794106488781, 38.840252803328795], [-6.269911030440133, 38.84213671697115], [-6.269899743649013, 38.8422991627293], [-6.269995692846349, 38.842407807885195], [-6.2700890777474845, 38.84244810174572], [-6.270560736133719, 38.84233099564156], [-6.271035590190879, 38.842759053581666], [-6.270680654061957, 38.84302285662404], [-6.269832439568015, 38.84232486446469], [-6.26980754591739, 38.8410780119541], [-6.268899128189587, 38.84105676011821], [-6.268917917625895, 38.83954393184846], [-6.268896436146628, 38.8412734862389], [-6.2688915278923645, 38.84167266342867], [-6.26889271989674, 38.841734856166134], [-6.267884935998727, 38.841730236096616], [-6.267915229800154, 38.841160697194276], [-6.267869092213282, 38.841161083108354], [-6.267880520850911, 38.84054419021651], [-6.267345297870569, 38.84054985357403], [-6.267276018333867, 38.842154900653554], [-6.266223267307921, 38.84177492171194], [-6.266129818539563, 38.84039696967031], [-6.266136616058488, 38.83881341847469], [-6.2665909762796455, 38.83883402177549], [-6.266118465171046, 38.83881259514506], [-6.2661223174946805, 38.83874808799347], [-6.269260042240443, 38.83896903686759], [-6.269268061237525, 38.8388316554009], [-6.269652773755714, 38.83883254633999], [-6.271024655118883, 38.838732108450785], [-6.272704151861168, 38.838494700573875]], [[-6.267953664484995, 38.83892892457709], [-6.268156823795618, 38.83894501551929], [-6.2679266691941695, 38.838926786348765], [-6.267953664484995, 38.83892892457709]], [[-6.2686520803217505, 38.841364597100394], [-6.2685919155678205, 38.84140454237159], [-6.268644105033708, 38.84145261248621], [-6.268704154705701, 38.8414126644956], [-6.2686520803217505, 38.841364597100394]], [[-6.270533566383078, 38.84264992372058], [-6.2706273825210355, 38.842727165779046], [-6.270727457840493, 38.84265274573089], [-6.270633641682533, 38.84257550375164], [-6.270533566383078, 38.84264992372058]]], [[[-6.248553348920636, 38.85191283650867], [-6.248399691753653, 38.85178641657673], [-6.248051412462059, 38.85124827956245], [-6.247710071835676, 38.85099058162539], [-6.2474849504321295, 38.850700761898985], [-6.247154769784997, 38.850153855058934], [-6.246425567881624, 38.84919320351023], [-6.246170764241096, 38.84880402413019], [-6.245631916885685, 38.848192457593406], [-6.245309901586586, 38.84788836473872], [-6.2440444128441905, 38.84697665533047], [-6.2437198306143875, 38.846685646726655], [-6.2433607837660325, 38.84622796110915], [-6.242558044269693, 38.84551510373812], [-6.242247156292842, 38.845293246096894], [-6.241167074473302, 38.84465382474127], [-6.240180971111749, 38.84396778051854], [-6.23812017152386, 38.84276115868527], [-6.237578134083849, 38.84252669723451], [-6.23728891424587, 38.842456966746475], [-6.235284510990365, 38.84222066201562], [-6.233661405130366, 38.841966782875204], [-6.23159820979324, 38.841827133314844], [-6.230135820868916, 38.84166270035862], [-6.22944948996116, 38.84143081351524], [-6.228753575751925, 38.841321131992636], [-6.2292631948713355, 38.84093575206327], [-6.229394097202035, 38.84075074440907], [-6.230007292837389, 38.840195556582344], [-6.2305374628494725, 38.83982642036255], [-6.2314898019968155, 38.839392067612216], [-6.233287056412181, 38.838711519839286], [-6.23382457201992, 38.83846425408439], [-6.237860404645583, 38.840894599468825], [-6.238487434521373, 38.84116215260622], [-6.239229853323858, 38.84139512397972], [-6.2400669049300275, 38.841549343268696], [-6.2409497251947785, 38.84159247652005], [-6.241929682383132, 38.841539601844005], [-6.2446336991445595, 38.84101788301426], [-6.248203745591428, 38.84038210568875], [-6.248422002940978, 38.84061617894646], [-6.248457630441585, 38.84072296894908], [-6.248421523409262, 38.841065009754765], [-6.248538792379129, 38.8415041833008], [-6.248487880290659, 38.84181488288176], [-6.248557490390053, 38.84220852124697], [-6.248518323002928, 38.842369757519265], [-6.248551835968772, 38.84250154366854], [-6.249737733422449, 38.844216667114964], [-6.250022853118262, 38.84471601700187], [-6.250094597081477, 38.844911138339], [-6.250118437145467, 38.84533882492722], [-6.250039210335236, 38.84594184246987], [-6.2500265031984155, 38.84647786141008], [-6.250251237528887, 38.84751021430101], [-6.25069250233777, 38.84827522877555], [-6.250990110609297, 38.84858549372662], [-6.251309224095115, 38.84887590323251], [-6.251549647651878, 38.8490410306696], [-6.251975197126473, 38.84925142345337], [-6.249544216302882, 38.851192126620255], [-6.248553348920636, 38.85191283650867]]], [[[-6.207809623641395, 38.863435118249605], [-6.207599562145243, 38.86354982086919], [-6.206277847814989, 38.86250536996244], [-6.207337132556925, 38.86175873663581], [-6.208946419902234, 38.862819062892385], [-6.208085830439282, 38.86340884258241], [-6.207809623641395, 38.863435118249605]]], [[[-6.209010756200699, 38.86278573564938], [-6.2092337088382505, 38.862965847418714], [-6.208370089802784, 38.86354177256851], [-6.208085830439282, 38.86340884258241], [-6.209010756200699, 38.86278573564938]]], [[[-6.212032275081233, 38.86316789044342], [-6.2121528456843125, 38.863119782748285], [-6.212166865209676, 38.86330948822421], [-6.211411151603904, 38.86341323383911], [-6.21145313295248, 38.86360081914321], [-6.210352853824868, 38.86373136110569], [-6.2103545747571, 38.8637787009464], [-6.209941678149196, 38.86379387605504], [-6.208569265541411, 38.86370816328774], [-6.210036392166607, 38.86270720262857], [-6.210383281859503, 38.8630166347197], [-6.210345831694356, 38.86306847982446], [-6.210557807324839, 38.86327598519356], [-6.2106944553682775, 38.86335294721302], [-6.211225906508649, 38.863314660292474], [-6.212032275081233, 38.86316789044342]]], [[[-6.19006080849929, 38.87544251916831], [-6.187865573811, 38.87433033140475], [-6.187253679433429, 38.87401063940659], [-6.189485490059079, 38.87289098439302], [-6.192134655595203, 38.874190956935855], [-6.19006080849929, 38.87544251916831]]], [[[-6.194549721513904, 38.872860157369686], [-6.19465974473025, 38.87412903754023], [-6.195002144731901, 38.8741205113965], [-6.194997779738934, 38.873806799347136], [-6.194952267056076, 38.87366002590814], [-6.195927261598259, 38.87303030235935], [-6.1958374237828435, 38.87345382121908], [-6.195704920724014, 38.873807402977874], [-6.195148640275831, 38.87494908984356], [-6.194965391822798, 38.875402980452506], [-6.194068067128729, 38.875780051995896], [-6.1935722986837245, 38.87609804332117], [-6.193279052427024, 38.876219101568445], [-6.193105373421566, 38.8764002393787], [-6.192536160279238, 38.87670113925434], [-6.19230051845891, 38.87685501860264], [-6.192220847967961, 38.87695526627224], [-6.19215728861634, 38.876974187834364], [-6.19146661601162, 38.87662494554208], [-6.1908175036456505, 38.87660454112426], [-6.19203253991049, 38.87589288003271], [-6.191223686713558, 38.87513547616644], [-6.191971291022852, 38.87467697505017], [-6.194426567377961, 38.873025935058905], [-6.194549721513904, 38.872860157369686]]], [[[-6.129619166118192, 38.894950502372495], [-6.1291380435045655, 38.89440830283114], [-6.127210431663629, 38.892124542420206], [-6.128906781362281, 38.8917544163715], [-6.132402584275389, 38.89564779407251], [-6.130790946654961, 38.896285371442566], [-6.130751289628854, 38.89622808923179], [-6.130443257030178, 38.89624530632883], [-6.130076768735932, 38.89555861312903], [-6.129619166118192, 38.894950502372495]]], [[[-6.131141169842598, 38.89632594377406], [-6.134295755888294, 38.89524954467516], [-6.134741270864298, 38.89518201750693], [-6.136454886856037, 38.89454382897193], [-6.137147010746259, 38.89423766184387], [-6.137906044618234, 38.893964483674985], [-6.138104251673361, 38.89393484539433], [-6.138593812413312, 38.893774963641036], [-6.138989261668537, 38.893564393024036], [-6.1394424938368894, 38.893470820340255], [-6.139952250207947, 38.89329890525712], [-6.140290226392892, 38.89313872369983], [-6.140608646956985, 38.89308662184886], [-6.142104455866264, 38.89260219270842], [-6.142129626968886, 38.89263280968068], [-6.14209242607936, 38.89264919596805], [-6.142185446042766, 38.89276156605565], [-6.141626273083137, 38.89284092781838], [-6.140769364708338, 38.89312326376537], [-6.140437633229041, 38.89320269782876], [-6.139818599153717, 38.89343202703936], [-6.139807928916269, 38.89347383807283], [-6.139600510338582, 38.89359514651751], [-6.139463693662099, 38.8935285480619], [-6.1390842231520955, 38.89366563731972], [-6.138707894162867, 38.89375316660018], [-6.138224576194769, 38.893952661921226], [-6.137920898726716, 38.89399935300305], [-6.134756130853815, 38.89521670717836], [-6.134308632438036, 38.89528481631993], [-6.1337299742239875, 38.89546383796843], [-6.1325292747690945, 38.89590262248217], [-6.13393892808052, 38.89764528440667], [-6.133461819659628, 38.897792749128435], [-6.133937429774691, 38.898384350488065], [-6.135539146014116, 38.90014639663156], [-6.136928856306051, 38.901588710605694], [-6.141332755268615, 38.906368620360446], [-6.141865346374568, 38.90689672095493], [-6.1419848261949115, 38.90694190087579], [-6.1418718579777485, 38.907041747024664], [-6.141878701631741, 38.90695740921361], [-6.14129699330277, 38.90638918571921], [-6.138472341971165, 38.90330866191604], [-6.135503158984239, 38.90016686462891], [-6.134267025414112, 38.89881721752606], [-6.134141780655782, 38.89895864710617], [-6.134018311299105, 38.89901867781093], [-6.132823025958281, 38.89944191253164], [-6.130521029969832, 38.896638281984686], [-6.130723916521711, 38.89655282045833], [-6.131418937638721, 38.89737207788683], [-6.131837024522399, 38.89719028732268], [-6.131141169842598, 38.89632594377406]]], [[[-6.125983373776172, 38.897628279162625], [-6.1259115128324675, 38.8975921842182], [-6.125950701006812, 38.89757513142422], [-6.1252528724886774, 38.896881269720716], [-6.1277846333964865, 38.895946607290114], [-6.128547200395763, 38.89676817492685], [-6.127191440088792, 38.89727425444669], [-6.12684782566983, 38.89748741206909], [-6.126769984088174, 38.89739378240485], [-6.125983373776172, 38.897628279162625]]], [[[-6.125615500975567, 38.89800822447788], [-6.125500518281986, 38.89774935299075], [-6.125864338250331, 38.897612733979045], [-6.125992057904428, 38.897681646765456], [-6.126018135219025, 38.89772967701509], [-6.126001329137555, 38.897826200892915], [-6.125615500975567, 38.89800822447788]]], [[[-6.12639647486833, 38.89813611303909], [-6.1276554086065484, 38.89778162479577], [-6.127837037228909, 38.89810051398081], [-6.126738603548509, 38.898463011146326], [-6.12639647486833, 38.89813611303909]]], [[[-6.125656871438163, 38.898356994853955], [-6.126343555364305, 38.89815345839281], [-6.126886465419873, 38.89866430772546], [-6.126127605720667, 38.89895660631867], [-6.125656871438163, 38.898356994853955]]], [[[-6.082383924473294, 38.90924930240081], [-6.090180578434582, 38.906726435845805], [-6.0909810382817495, 38.90810783912049], [-6.090557684174833, 38.90995780233154], [-6.090617652647728, 38.909940649312084], [-6.090701747328432, 38.910117431607965], [-6.089280468272278, 38.91062574749045], [-6.086714426318333, 38.91129681325246], [-6.084164966513699, 38.91222885787369], [-6.082911424667841, 38.91256417478216], [-6.081695375152591, 38.9128286187284], [-6.079599191322669, 38.91295146444073], [-6.077226725241, 38.912973206060904], [-6.075838511140194, 38.91301822981905], [-6.07516632248862, 38.912938044243965], [-6.074408557726794, 38.91292281655355], [-6.072811748732664, 38.91299581106716], [-6.072867935484874, 38.912804343035646], [-6.074476126260269, 38.912734876379446], [-6.075387387723961, 38.91276646563685], [-6.07576063679137, 38.912828259921575], [-6.075662408102702, 38.91143302024514], [-6.0793887817268955, 38.90965145105947], [-6.079425105855777, 38.91016730163568], [-6.082197167232963, 38.9099593713769], [-6.082284631074864, 38.911193557634775], [-6.081682788055211, 38.902579211768625], [-6.081904318865778, 38.90244853700191], [-6.082383924473294, 38.90924930240081]]], [[[-6.056017677013335, 38.91175104444975], [-6.056180601697882, 38.9123003696079], [-6.058370490201586, 38.91206369698956], [-6.058637654004476, 38.91328356777833], [-6.057167077835619, 38.913317138617984], [-6.057405787157197, 38.91359370427793], [-6.059783330393776, 38.91352763490809], [-6.059807794731989, 38.914297608265414], [-6.060426181835058, 38.9144825621958], [-6.061084977023709, 38.914806102406544], [-6.062300673173784, 38.91556978085563], [-6.062522204212729, 38.91578193549883], [-6.062633832826464, 38.915851034565925], [-6.062762606597944, 38.9158775699536], [-6.062881033746821, 38.91599124518964], [-6.0627078585410885, 38.915949168493746], [-6.062694679417075, 38.916121583602695], [-6.062054977248935, 38.91591795156412], [-6.061922856078002, 38.91603219079442], [-6.06183616918177, 38.91605393961029], [-6.059169607133911, 38.91562168040704], [-6.058471406438621, 38.91571605244077], [-6.058075686037894, 38.91572633829667], [-6.057663853915537, 38.915666221275984], [-6.057416826340763, 38.91585926805066], [-6.057242970005951, 38.914014905469124], [-6.054233508879841, 38.91417820870528], [-6.053337157621112, 38.914129078205754], [-6.051275632160093, 38.914315346232264], [-6.0493456923432065, 38.91468761218528], [-6.046930478282849, 38.915243677023064], [-6.046759889702464, 38.91534746547358], [-6.046505851095515, 38.91556985602624], [-6.0460474529705355, 38.915859412697515], [-6.0452588438850015, 38.91628123286912], [-6.044092489375567, 38.91677148848047], [-6.043022223808805, 38.917130025081676], [-6.042375758799084, 38.917385430018136], [-6.042119213345576, 38.91744297372535], [-6.040554163042122, 38.917367596190374], [-6.037861893688207, 38.91706537661294], [-6.037871598167575, 38.91701229022038], [-6.040536260457691, 38.917310025356095], [-6.041327377045863, 38.917364328786164], [-6.0422400173140085, 38.917358114383575], [-6.043940346721765, 38.916747452869544], [-6.045145196278193, 38.916271597278616], [-6.046316826710551, 38.91561488915146], [-6.046887131803288, 38.91516555316733], [-6.047503492325721, 38.91501233734678], [-6.049491322861868, 38.91458769303684], [-6.051197294181821, 38.914269131937274], [-6.052877336647322, 38.91409746168642], [-6.053302443274277, 38.91407919255186], [-6.054258832365494, 38.91411812784825], [-6.057222434045816, 38.91397330652326], [-6.057182441050052, 38.913596177915096], [-6.057301375134885, 38.91358944868014], [-6.056970985496322, 38.91332228590247], [-6.054178279477406, 38.913395201356415], [-6.053922819147907, 38.911928321055015], [-6.056017677013335, 38.91175104444975]], [[-6.061863627883713, 38.91539794958161], [-6.061013950323293, 38.91485692073083], [-6.061742040792069, 38.915326535889456], [-6.062109056097022, 38.9156123420498], [-6.062405657150125, 38.915751554630056], [-6.06230149497543, 38.91564460301902], [-6.061935902991143, 38.915406436692706], [-6.061917735016055, 38.91545533921627], [-6.061863627883713, 38.91539794958161]]], [[[-6.080017514266729, 38.91309832846807], [-6.081654365432308, 38.913032993557096], [-6.0825133152141095, 38.91290340310039], [-6.0837659687065075, 38.91699367510127], [-6.083878463486545, 38.917950248141295], [-6.082071960965962, 38.917756508935504], [-6.080257310473807, 38.9172841148071], [-6.079622459682283, 38.917197389006034], [-6.080328886970138, 38.9161727636089], [-6.080215795657366, 38.91531741580482], [-6.076921466321765, 38.91535237324989], [-6.076734717338826, 38.91326762906126], [-6.078740851039173, 38.913170057489076], [-6.079625797692457, 38.91317149972272], [-6.080017514266729, 38.91309832846807]]], [[[-6.018391744550854, 38.914452604918715], [-6.01579991458342, 38.91545078805876], [-6.015573612420131, 38.91555940648578], [-6.01556022074379, 38.91569455752118], [-6.015510450755589, 38.915734724971344], [-6.015410413753627, 38.915725138388964], [-6.014504124589794, 38.915871938400215], [-6.01422054258926, 38.915773509775434], [-6.0141726623374625, 38.91602705091395], [-6.014118989134573, 38.91610801817613], [-6.01396504483856, 38.91619885077881], [-6.008662522392377, 38.91838136544648], [-6.00849962208565, 38.91855591913097], [-6.008343094585962, 38.91866127221706], [-6.0057536757997285, 38.9197538864656], [-6.00486607697088, 38.92006874062242], [-6.004306824068591, 38.92039076475793], [-6.00310078763257, 38.92087327456536], [-6.001897239027909, 38.92129619692777], [-6.001849282716917, 38.92126838809031], [-6.0030783723862395, 38.92083594247162], [-6.004279129750366, 38.92035554951614], [-6.0046283471015665, 38.92014398579149], [-6.004233310302424, 38.91992924442688], [-6.00401934183967, 38.91991942435448], [-6.0029399814397975, 38.91949151666782], [-6.002173094710996, 38.91897469983824], [-6.001456485991698, 38.91844160334623], [-6.001762430688019, 38.91820055779382], [-6.0013833664374765, 38.91773028481682], [-6.000909891510882, 38.91696370962409], [-6.000606595340945, 38.91660852913708], [-6.0004138634162105, 38.916450872731176], [-6.000004567689491, 38.91665709506281], [-5.999661583744162, 38.916258734448874], [-5.999768133092507, 38.9159358994551], [-5.999696704275146, 38.91579478517418], [-5.999686510847663, 38.91566740795563], [-5.999736500653584, 38.915583924935206], [-6.000064575751581, 38.91541669044639], [-5.999386670039929, 38.9143688242958], [-5.999270182904674, 38.9141424078683], [-6.000388479292428, 38.91360831127302], [-6.0008380257412295, 38.9134369054393], [-6.000581560845657, 38.91297221011556], [-5.998762920583736, 38.91017179520126], [-6.0021632105839675, 38.9080884957034], [-6.008478754526945, 38.91828701412216], [-6.008543687575921, 38.91843759613973], [-6.008626953495227, 38.918349642898626], [-6.008923748236282, 38.91822149046079], [-6.01393652565039, 38.916163977012545], [-6.014077581895431, 38.91608074234525], [-6.014123120310838, 38.916012269391615], [-6.0141716706155135, 38.915737394368826], [-6.014235952173029, 38.91572228330971], [-6.0143013837581005, 38.91577062420738], [-6.0145089366047655, 38.91582593606887], [-6.015407964375141, 38.915679040299516], [-6.0155070797855315, 38.915688603302755], [-6.015524043467792, 38.915534264649295], [-6.015774115795535, 38.91541427264137], [-6.018362659129026, 38.91441744746877], [-6.0185299684134765, 38.914315779483935], [-6.019291186461931, 38.91366200371527], [-6.019566994077588, 38.91349437329029], [-6.019574457530408, 38.913539067944335], [-6.019329159642369, 38.91369144668406], [-6.018566272608452, 38.91434652686954], [-6.018391744550854, 38.914452604918715]]], [[[-6.009013133529967, 38.92597161743855], [-6.008390811748451, 38.92631185820025], [-6.007840338552191, 38.92608711018324], [-6.007045683105788, 38.92568771821565], [-6.006432483683777, 38.925498375915524], [-6.005799149694884, 38.925439682537245], [-6.005202941674166, 38.92543059135673], [-6.003869556201349, 38.92547615587799], [-6.003717186737098, 38.92545755720879], [-6.003393448960445, 38.925331854626315], [-6.003225788229319, 38.92519970671511], [-6.003107658810699, 38.92505270993429], [-6.00302124425981, 38.92477428247577], [-6.002673595762696, 38.92247306337814], [-6.002477761452035, 38.92156463135803], [-6.00320327599838, 38.921276437301806], [-6.004852455543998, 38.92052387000099], [-6.005934363120759, 38.92007788459113], [-6.00595751154031, 38.92004298386796], [-6.01067281379901, 38.9180801342891], [-6.013337655600264, 38.91693438555232], [-6.013966890067365, 38.91668518858446], [-6.014414316051849, 38.91658331458114], [-6.014836003724008, 38.91657834636538], [-6.014684743856823, 38.91664627145278], [-6.01467160678072, 38.91677530281582], [-6.016051945310598, 38.92000893512396], [-6.0171460878176095, 38.922675069343484], [-6.017506732812054, 38.923461393616776], [-6.017756067981906, 38.92412171936487], [-6.018154236778849, 38.92499530621313], [-6.01784055483515, 38.925143585894844], [-6.017000689978276, 38.925449937515474], [-6.016581926831371, 38.925543725113826], [-6.015184170112979, 38.925375257895155], [-6.014100021064492, 38.925291554019815], [-6.012386201870652, 38.925105677907176], [-6.012011562641761, 38.92508788276774], [-6.011471064506215, 38.925117002607294], [-6.011049870574951, 38.92520250987116], [-6.009013133529967, 38.92597161743855]]], [[[-5.966670744680312, 38.93636661441358], [-5.966727672019738, 38.936174447999775], [-5.966942535886327, 38.93588070197373], [-5.9670738479602745, 38.93518458179763], [-5.96707938773163, 38.935013181748275], [-5.967029537033792, 38.93483013246003], [-5.966804821746465, 38.93439784098351], [-5.966835977903485, 38.93422859555491], [-5.967443115800503, 38.935486921583845], [-5.967052920694674, 38.936287330024676], [-5.967042849884461, 38.936378576069295], [-5.967542990952073, 38.936081638497875], [-5.9678041263289385, 38.935973648095526], [-5.968114406966676, 38.935923770494824], [-5.967975694700258, 38.93599964202148], [-5.968254125834392, 38.936002105436614], [-5.9678424770987455, 38.93671031134866], [-5.967067928270873, 38.93644788773667], [-5.966581459577623, 38.93681473128335], [-5.966687849609832, 38.93650032175612], [-5.966670744680312, 38.93636661441358]]], [[[-5.949704256158915, 38.941122569511066], [-5.949701303588715, 38.94087598448715], [-5.951399621230494, 38.940196370728195], [-5.952593061706122, 38.942044421722024], [-5.950737572491676, 38.942693075418006], [-5.950001722756866, 38.942993931737035], [-5.949704256158915, 38.941122569511066]]], [[[-5.950082029735509, 38.943558921471805], [-5.950295872345593, 38.94344126076499], [-5.950743560423303, 38.94336029983628], [-5.950981748515032, 38.94328463406389], [-5.951291397627654, 38.94308035172348], [-5.951320564871227, 38.944276085574906], [-5.951258599063173, 38.94427846453353], [-5.9512641377257625, 38.94445363780924], [-5.95025822453812, 38.94453691974771], [-5.950151979953023, 38.944096961661764], [-5.950082029735509, 38.943558921471805]]], [[[-5.9031709616247445, 38.9493305475605], [-5.9045192335905226, 38.95177012185967], [-5.912763213811126, 38.95010482801834], [-5.913935369992427, 38.95319912553294], [-5.906061076650819, 38.95535249500983], [-5.90572971741694, 38.95476832175247], [-5.906065860604209, 38.954752562602835], [-5.905942316497483, 38.95450185838537], [-5.905624345532176, 38.95455302011183], [-5.905259228578807, 38.953972659434704], [-5.90006216482255, 38.955401389713735], [-5.900346656388398, 38.95601759658623], [-5.900302963467056, 38.95602896253337], [-5.90002795931357, 38.955410843941486], [-5.897630096455372, 38.95610070150838], [-5.897876342034284, 38.95659656341192], [-5.898137221923256, 38.95693350282682], [-5.8987580208875, 38.9573393374656], [-5.898654621951954, 38.9573671283654], [-5.898426693761764, 38.9572332026665], [-5.89838718814535, 38.95724891111709], [-5.897998916347291, 38.956985408349546], [-5.89796008694482, 38.95692448155627], [-5.8977164948584795, 38.957515664121146], [-5.896093095072996, 38.957992464833175], [-5.896254359483108, 38.957249366605986], [-5.893750399436942, 38.95667557063929], [-5.892471111001626, 38.95646153896108], [-5.891422020609645, 38.95621934871974], [-5.890740303752181, 38.95613597502764], [-5.890642739267805, 38.95610028542296], [-5.890608633310809, 38.956047527276525], [-5.890678626824792, 38.955754175388535], [-5.887326046470861, 38.95561252463713], [-5.88698239773868, 38.9555915777299], [-5.886936347861739, 38.955539834874045], [-5.89178779563135, 38.955754608135], [-5.893704485664149, 38.955557368272515], [-5.894279946155303, 38.955531898970875], [-5.896952425238126, 38.95585312444921], [-5.89718106474399, 38.955945552232905], [-5.897374970831391, 38.95606902266289], [-5.897441307466133, 38.95605467177743], [-5.896975663617918, 38.955208674511965], [-5.896679941556006, 38.95499043536278], [-5.8960204613058735, 38.95460573435346], [-5.895529745310856, 38.954387284948595], [-5.895343188352702, 38.95425723246224], [-5.895109135371394, 38.95392682755807], [-5.895000756941035, 38.95360555457336], [-5.894799041298676, 38.953465697307166], [-5.894579776454158, 38.953379518454305], [-5.894460751784134, 38.953269950354496], [-5.894248105991644, 38.95282198984782], [-5.894089419409745, 38.95265070303943], [-5.893510083157535, 38.95225570997671], [-5.893398935480122, 38.95212414350048], [-5.89322772594108, 38.95180109420123], [-5.8930869401485255, 38.95168981223971], [-5.892820155927892, 38.95171696639757], [-5.892601828115395, 38.9517018414893], [-5.8919168330316865, 38.95145441133287], [-5.891282743950557, 38.951136710506255], [-5.891311278435116, 38.951126273331326], [-5.891139769036859, 38.95099403896199], [-5.8911874380412765, 38.95097465897902], [-5.891221865190476, 38.95100713878863], [-5.891298681628566, 38.95100091000156], [-5.8914790737944385, 38.951135806772676], [-5.891810316945927, 38.951252368083686], [-5.89203735775564, 38.95129169733204], [-5.892607243614867, 38.951562698237275], [-5.8928131173865985, 38.95156381226415], [-5.893155099967713, 38.95151037367252], [-5.893424733954421, 38.951533143510865], [-5.893523152278614, 38.9517460167527], [-5.893363343015684, 38.95178817999551], [-5.893380704563649, 38.95182639786268], [-5.893501930038798, 38.951794381116734], [-5.893608696608492, 38.95204227233138], [-5.893718313808714, 38.95218144414297], [-5.894310030269663, 38.95260576851188], [-5.894651339486703, 38.953221526111655], [-5.894952015383467, 38.95337460721077], [-5.895171642300823, 38.95354347896128], [-5.895233874913589, 38.95363805992641], [-5.895394048847146, 38.95409804198358], [-5.895474718848388, 38.9542203631858], [-5.8961350500866345, 38.95404532193041], [-5.896146618366862, 38.95406872829009], [-5.895606919063469, 38.95423960317554], [-5.895490266732111, 38.95430466170334], [-5.896085963106916, 38.95457374735574], [-5.897038551425649, 38.95509837818918], [-5.897145756549523, 38.9552233722818], [-5.897557599324461, 38.956017548120414], [-5.901413758000363, 38.954923865143996], [-5.901956159653008, 38.95480812128042], [-5.905551014974611, 38.95382557488472], [-5.90439356221749, 38.95180883279828], [-5.904460628015376, 38.9517898697373], [-5.90323238131612, 38.949543522549256], [-5.901679543753073, 38.94693993170976], [-5.901757484647844, 38.94691898344763], [-5.901966603550371, 38.947246207343674], [-5.902489230441342, 38.94818806430641], [-5.902529677191317, 38.94817322749458], [-5.902676215540127, 38.9484140288544], [-5.9026313198461535, 38.94842155439383], [-5.9031709616247445, 38.9493305475605]], [[-5.894275310598529, 38.955579581521796], [-5.891968893064827, 38.955795887400356], [-5.890729125872823, 38.95575607674415], [-5.8906587721241905, 38.95604340155811], [-5.890756925914948, 38.95609926121016], [-5.891431548795989, 38.95618127466918], [-5.892483542272084, 38.95642393336491], [-5.893764224240157, 38.956638200605376], [-5.8962260566716465, 38.95720322278999], [-5.896882792272917, 38.95591683162037], [-5.894275310598529, 38.955579581521796]]], [[[-5.906686020065988, 38.957721766211314], [-5.905644542331862, 38.95565431034908], [-5.90709156815083, 38.955277269905324], [-5.908308221678201, 38.95788339540056], [-5.909688336391602, 38.95804744358901], [-5.9102855186964485, 38.958071734681596], [-5.9169394172435466, 38.95771380792009], [-5.9172639853188915, 38.95770532829381], [-5.9195275636086295, 38.9578261682086], [-5.919524517807076, 38.95785876677848], [-5.916939988597132, 38.957744604256575], [-5.910286551933233, 38.95810260965002], [-5.909683699173118, 38.9580779195173], [-5.905668323294352, 38.95763946726185], [-5.903218145738116, 38.957624984737635], [-5.902653604152501, 38.95756633141049], [-5.900382758380131, 38.95757489265345], [-5.899088739317307, 38.95753624161277], [-5.899071586300048, 38.957511456402685], [-5.8988179398307174, 38.95761848241974], [-5.898905904650659, 38.957734106221416], [-5.89847263814636, 38.95921282955818], [-5.896983823856327, 38.958957450361325], [-5.8973716892966905, 38.957862965168914], [-5.898502681275, 38.957562886580725], [-5.899019150737819, 38.95750383657436], [-5.9012772674588545, 38.95753102396865], [-5.901263173431831, 38.957505158483606], [-5.902745641174649, 38.957537103587924], [-5.903220346743135, 38.957594119232795], [-5.905671802203004, 38.957608840152], [-5.906686020065988, 38.957721766211314]], [[-5.907515427675633, 38.95780460241358], [-5.90712065101007, 38.9569509438037], [-5.906725647938959, 38.95698366874224], [-5.907016809155544, 38.95775532658389], [-5.907515427675633, 38.95780460241358]], [[-5.897801347195751, 38.958774552564066], [-5.897745633565202, 38.95895557127375], [-5.89847228584973, 38.959092154851305], [-5.8985280947864815, 38.95891115417159], [-5.897801347195751, 38.958774552564066]]], [[[-5.876044967668406, 38.963180013924635], [-5.876018358968009, 38.963186886418775], [-5.876082309767019, 38.963267291200104], [-5.874617285529329, 38.963649803524376], [-5.874490636912414, 38.9633542765484], [-5.874526357933852, 38.963315918474244], [-5.875944559693035, 38.96294564324752], [-5.876044967668406, 38.963180013924635]]], [[[-5.870489584676306, 38.9645052390642], [-5.870509299416574, 38.96441907792257], [-5.871504044530125, 38.96391729734365], [-5.87184799595764, 38.9645932425399], [-5.870352518719931, 38.965003023874075], [-5.870466939050468, 38.96457597682573], [-5.870511230608635, 38.96452975130739], [-5.870489584676306, 38.9645052390642]]], [[[-5.8744496362027006, 38.96565068166967], [-5.87418281401632, 38.965946894129615], [-5.8740533635969685, 38.965981796549656], [-5.873828721442215, 38.965996882719026], [-5.8728875826299385, 38.96593222669766], [-5.872349639393359, 38.9648794459203], [-5.871906179228475, 38.96485955323855], [-5.872385074650812, 38.96593352495518], [-5.871062290619022, 38.96578232243888], [-5.871074881516669, 38.96570459113754], [-5.870812406239976, 38.96567811237999], [-5.870578706221589, 38.96554646592479], [-5.870493720967334, 38.96521159886941], [-5.870426304462378, 38.96517292140709], [-5.870340876933006, 38.965194021141635], [-5.870322769891698, 38.96515537488862], [-5.871659904865692, 38.964784717359336], [-5.872767308146263, 38.96455231416967], [-5.873624767043477, 38.96430290257207], [-5.874210397945679, 38.9642203655187], [-5.874991815011213, 38.964059849856305], [-5.875462296151807, 38.96500157888381], [-5.875400195828372, 38.965029686813864], [-5.875220230928826, 38.96502817842673], [-5.874153069669735, 38.96496871184429], [-5.8744496362027006, 38.96565068166967]]], [[[-5.857584482736146, 38.96802706580017], [-5.857536301174416, 38.96841878403333], [-5.856217387066606, 38.96882397304331], [-5.856145012741865, 38.96882069623273], [-5.85611235114965, 38.96878618078713], [-5.855991663706388, 38.96825413467743], [-5.85677980768933, 38.9683886712731], [-5.856817036721036, 38.96796037013589], [-5.857584482736146, 38.96802706580017]]], [[[-5.8578954367948235, 38.96902358836519], [-5.856128088950758, 38.969148603029716], [-5.85611768473839, 38.96904192051679], [-5.857947873884725, 38.968568427667115], [-5.85799011309588, 38.96893288920633], [-5.857885625186884, 38.96894031502606], [-5.8578954367948235, 38.96902358836519]]], [[[-5.8524791734407975, 38.969157975757845], [-5.851876987605819, 38.96996008720944], [-5.849579133108509, 38.970577866261884], [-5.849480151219228, 38.97028236023936], [-5.850294996317439, 38.970117583960295], [-5.850324403924361, 38.969947314750705], [-5.851099420320155, 38.969900268289216], [-5.850877795370434, 38.96905325047771], [-5.852098363656136, 38.96876737895493], [-5.8524791734407975, 38.969157975757845]]], [[[-5.8515134215078275, 38.97049978730905], [-5.850543232517532, 38.971705838575545], [-5.8501849491319735, 38.97198928271154], [-5.849463996279167, 38.972665725896576], [-5.847904947147915, 38.97445424623367], [-5.8475787134801624, 38.974714372630665], [-5.846629206639772, 38.97534791141699], [-5.8461208912593285, 38.97575049309758], [-5.846120182148612, 38.97564059996273], [-5.846698156177695, 38.97521658784007], [-5.847571464681972, 38.974651576386336], [-5.847856674695873, 38.97442758727189], [-5.848584956517103, 38.973625122786075], [-5.849382774855734, 38.97267115215732], [-5.850150023269326, 38.97196446061801], [-5.850505287585337, 38.97168343274593], [-5.85167832847053, 38.97022350098743], [-5.852562958164173, 38.969988988423076], [-5.852895810140277, 38.97011904404506], [-5.85256389530424, 38.97055869321897], [-5.852930527944923, 38.97070494939657], [-5.852704536064783, 38.97109813777165], [-5.8515134215078275, 38.97049978730905]]], [[[-5.839356269838977, 38.971276718975865], [-5.840092138953255, 38.97102636863119], [-5.840421039891701, 38.97300718978451], [-5.839839729604848, 38.97317485884281], [-5.839747875026471, 38.97306241048505], [-5.839779371769657, 38.973215338080685], [-5.839736577163781, 38.973227461452375], [-5.839443100442107, 38.971919108855204], [-5.838316660211374, 38.972270220306264], [-5.838274798113771, 38.97204565217681], [-5.839098219609122, 38.97180534359172], [-5.839018870685667, 38.97136456989902], [-5.839346588155104, 38.9712337111951], [-5.839356269838977, 38.971276718975865]]], [[[-5.838357447772669, 38.97260670270131], [-5.839083805244639, 38.97237652715176], [-5.8393487675674285, 38.9733338970678], [-5.8369535355274484, 38.97394311122899], [-5.836623191520625, 38.97220168548431], [-5.838169342595607, 38.971673351614356], [-5.838357447772669, 38.97260670270131]]], [[[-5.840645759498485, 38.97342036670573], [-5.839617864450882, 38.975897107736955], [-5.837782334929656, 38.97549871955752], [-5.838448695024821, 38.97373826827551], [-5.840696314200291, 38.97321841314206], [-5.840645759498485, 38.97342036670573]]], [[[-5.828882438644331, 38.97420839153354], [-5.829707141748204, 38.97409806013843], [-5.829953981327017, 38.97455531655178], [-5.829990397475024, 38.9745249730317], [-5.830755668264757, 38.9743562202862], [-5.832219711070128, 38.97383302084032], [-5.832815263671795, 38.9736948636017], [-5.834388036380442, 38.97322782488339], [-5.834816186476065, 38.9730132755539], [-5.835129001726939, 38.97270465893455], [-5.834983772938681, 38.97291474551237], [-5.83483988468109, 38.97303450137194], [-5.834404498992924, 38.973252830301924], [-5.832810059226514, 38.97372643171906], [-5.83223230668639, 38.973859471860756], [-5.830660746035021, 38.97441573231892], [-5.831069539520735, 38.97515446211934], [-5.830410065862716, 38.97533983376567], [-5.830647587040212, 38.9757338863023], [-5.82877983620944, 38.97618604529161], [-5.82838493701926, 38.97524796416537], [-5.827768314721293, 38.97529516775507], [-5.827613688363545, 38.97528125975273], [-5.827317081053165, 38.97516836102904], [-5.826985664666692, 38.975105760844514], [-5.8268005140046455, 38.97497457278504], [-5.826653334495908, 38.974779400340125], [-5.825764905924803, 38.973050112305714], [-5.82569439433855, 38.97297767624165], [-5.82542620724478, 38.97300435531521], [-5.8244918197657585, 38.97284968915948], [-5.8240258731114425, 38.97258736412438], [-5.82378056313758, 38.97257997151184], [-5.823283827055159, 38.972698662901635], [-5.822764067929203, 38.97295556849346], [-5.822409136111408, 38.97316948641239], [-5.821748170577, 38.973396913147326], [-5.821212290135858, 38.973450231608126], [-5.820929856189901, 38.973533997862496], [-5.820919150568238, 38.973514346752715], [-5.821132072791675, 38.97344135699862], [-5.821700167331835, 38.97337851603811], [-5.822161437998953, 38.97322681549821], [-5.822400366884192, 38.973137432598975], [-5.823270897197097, 38.972681137958475], [-5.82362194421023, 38.97258174053164], [-5.824036554421353, 38.972568636796126], [-5.824498181228586, 38.972829715065586], [-5.825470718393339, 38.972983096402245], [-5.826002717030758, 38.972915347857594], [-5.826410967241867, 38.972928155774376], [-5.826690384216573, 38.972881922760344], [-5.8267770018473115, 38.97284759295816], [-5.827097392419237, 38.972463232099855], [-5.827378029988438, 38.97236652148323], [-5.827391853815621, 38.972386186462714], [-5.827118548765984, 38.97248154815288], [-5.826944661946867, 38.97276296458274], [-5.826775532589958, 38.972900881294], [-5.826527523549008, 38.97295230818593], [-5.82612677430111, 38.972932521523155], [-5.825733718196236, 38.972965281750184], [-5.825829385136433, 38.973098550156884], [-5.826686482934557, 38.97476841649348], [-5.826894617851538, 38.975022021535054], [-5.826998570615641, 38.975079141416344], [-5.827330700194881, 38.97514226481762], [-5.827720614500664, 38.97526821620187], [-5.828723600679601, 38.97519092409896], [-5.828917995955538, 38.975186207989594], [-5.829374357690084, 38.975247392523315], [-5.829500295832008, 38.97522487693003], [-5.829523046999068, 38.97520495531914], [-5.82904818279811, 38.974327078541855], [-5.828936739037792, 38.974355462750175], [-5.828882438644331, 38.97420839153354]]], [[[-5.829797781764838, 38.97698270742942], [-5.829729418951594, 38.97697304525692], [-5.829948794115061, 38.97735317677029], [-5.829740829338989, 38.97748908849993], [-5.829489186998989, 38.977599887057096], [-5.829466243570634, 38.97767381239118], [-5.829287558725257, 38.97772265313685], [-5.8286863404862075, 38.97799795830295], [-5.826713287697756, 38.97880192154615], [-5.8259681695755665, 38.979073674265955], [-5.825196188982406, 38.97772444260621], [-5.824736920902572, 38.97778772773979], [-5.824555997294465, 38.97742895436925], [-5.8248792787166765, 38.97741446047646], [-5.825379729658247, 38.97709827613586], [-5.82510645621576, 38.97689360882318], [-5.82666516839553, 38.97670452149781], [-5.827772063287086, 38.976505888531385], [-5.828846489933807, 38.97628911375156], [-5.829413012245723, 38.976186272781966], [-5.830152569053993, 38.975965629331604], [-5.830471079760188, 38.97621384591111], [-5.829610149673614, 38.97675455644944], [-5.829797781764838, 38.97698270742942]], [[-5.828821567389339, 38.976296965745156], [-5.828889587478687, 38.97631059086209], [-5.828816174247142, 38.97629588531513], [-5.828821567389339, 38.976296965745156]]], [[[-5.552370306135577, 38.74049195054906], [-5.555186844980852, 38.74017082269329], [-5.555409301484399, 38.74047337124032], [-5.550983144057513, 38.74106021509014], [-5.550995609907439, 38.74141700139032], [-5.551729782982841, 38.74371737828043], [-5.551812336369713, 38.74377413874542], [-5.552046496777588, 38.744305367897006], [-5.55234513071062, 38.74477645301389], [-5.553891617454328, 38.74659867213934], [-5.555017741806538, 38.74799799526509], [-5.555702629142802, 38.74897463076349], [-5.557611121345323, 38.75200312496365], [-5.558092555428158, 38.75258704835753], [-5.55885265468645, 38.753318572452415], [-5.559081070061107, 38.7535026838757], [-5.56025652773325, 38.75437803013222], [-5.560815839139525, 38.75464524859507], [-5.561059529662499, 38.75486064542132], [-5.561174379768716, 38.75501588840177], [-5.561417474881746, 38.755217787345124], [-5.561791986216695, 38.755394274812765], [-5.562552600004066, 38.755604907741336], [-5.563447450050008, 38.755910620632505], [-5.564071315389699, 38.7564602185467], [-5.56422991102443, 38.75655133967075], [-5.564255323717334, 38.75661835503559], [-5.564977186906118, 38.75726931422821], [-5.56726034605806, 38.7592513120958], [-5.567441040508177, 38.75947708932445], [-5.5678096469102245, 38.759734954687005], [-5.567908246883659, 38.759917577151526], [-5.568623249949406, 38.76187074827239], [-5.568726204440553, 38.76208462810281], [-5.569246190876825, 38.7626228719127], [-5.569737369453106, 38.762932002998674], [-5.573918316447307, 38.76493516969059], [-5.574433914839595, 38.765189683894384], [-5.574699133260277, 38.765377367059145], [-5.576164944033281, 38.76602843934701], [-5.576441920696653, 38.766207029552675], [-5.5765323693838065, 38.76632216089354], [-5.576557721222378, 38.76654693506968], [-5.5764279171220785, 38.76686053958685], [-5.576320187331708, 38.768456368039125], [-5.575701764864054, 38.76839009109184], [-5.572618406064642, 38.76774797957503], [-5.567710374537205, 38.7666947861622], [-5.566313725495093, 38.766324633027224], [-5.565791025236179, 38.766147718052956], [-5.564973363993868, 38.765812949578894], [-5.5623652459464985, 38.76448223283733], [-5.560900593165829, 38.76369834045207], [-5.561024082278379, 38.763341373644025], [-5.561178035070849, 38.76328628198489], [-5.561899333753605, 38.763331549951936], [-5.562474872927827, 38.76315918656446], [-5.563302134701692, 38.762509369914845], [-5.563669642543645, 38.762055145615065], [-5.563776290198157, 38.761517359408245], [-5.563721285082756, 38.76083905067204], [-5.563496781698555, 38.76043061467164], [-5.562800078914001, 38.760065416023856], [-5.562311057153975, 38.76000812064587], [-5.562689090011422, 38.76012145920119], [-5.563379021925348, 38.76042625700402], [-5.563565834658352, 38.76082318158171], [-5.563614939618552, 38.76106996234423], [-5.563602730514788, 38.761281779452815], [-5.563473875056711, 38.761793924615546], [-5.5634365836012085, 38.76203800651054], [-5.563457537637927, 38.762141154363356], [-5.5633438975037075, 38.76234195308522], [-5.562998178090391, 38.76258856394591], [-5.5627823839280595, 38.76283214752605], [-5.5623097586976815, 38.763130824108316], [-5.562108372927096, 38.76316920397166], [-5.562013372686875, 38.763247870719894], [-5.561893281098246, 38.763268524293565], [-5.561619571490445, 38.763179924823675], [-5.5613202904203245, 38.76317747816623], [-5.561057276372047, 38.76322378923829], [-5.5609742597624185, 38.76331579713864], [-5.56080656303538, 38.76364958695368], [-5.553894382451515, 38.76000464308951], [-5.5531501194062285, 38.75948834993349], [-5.552849634373275, 38.75923543582911], [-5.552527918903665, 38.75895163081881], [-5.551948228491391, 38.75833208060936], [-5.551622955598036, 38.75791269041231], [-5.5580592218406215, 38.755363109395], [-5.558562839654937, 38.75570901528453], [-5.5606357630531855, 38.75686658180323], [-5.561750912909248, 38.75754065811893], [-5.562206824875286, 38.757869425802085], [-5.562963952038785, 38.75851557400695], [-5.564794739885015, 38.759979753363716], [-5.566992720827308, 38.76195002114541], [-5.568124043347599, 38.761888202201234], [-5.567425053015723, 38.7603517068133], [-5.567487979990361, 38.76032554682798], [-5.567451795173588, 38.76011227041985], [-5.567510029878585, 38.76008798758266], [-5.56771271921519, 38.76037587252268], [-5.567143813522521, 38.75951866548008], [-5.563821469800531, 38.75660364207278], [-5.563233875060501, 38.756260647236964], [-5.562704264633962, 38.755997649860504], [-5.562045532380932, 38.75575973628287], [-5.561148858385504, 38.7553286365202], [-5.560999987083732, 38.75518765407512], [-5.560830222978694, 38.755105783069], [-5.560414032977978, 38.75482209326674], [-5.55817578915012, 38.753070915706076], [-5.556920330747222, 38.751159254955276], [-5.556812236267487, 38.75119315517452], [-5.556788765760194, 38.75123187036207], [-5.5565567326891845, 38.75110720787344], [-5.5558752237348354, 38.75087435194711], [-5.555737744893432, 38.75089087451734], [-5.5556769219202184, 38.750959778590236], [-5.554512044241192, 38.75274279652416], [-5.553292583561961, 38.75446807219468], [-5.553127617230579, 38.755088757969006], [-5.553021310976035, 38.75533443566007], [-5.551604180888807, 38.75788649464522], [-5.551210340231078, 38.75722524676019], [-5.551254603417972, 38.75713003317981], [-5.551256375994486, 38.75669851593471], [-5.551146683375217, 38.75651666158845], [-5.551103613124986, 38.756241091950706], [-5.550987312163926, 38.756070734081646], [-5.550731511095568, 38.755492125613955], [-5.55047144114346, 38.755012266863936], [-5.550461123997547, 38.75472254365979], [-5.550459672439887, 38.7542647925454], [-5.550520850090293, 38.75343402468588], [-5.550787682330039, 38.75342819834494], [-5.5509744923639905, 38.75190515858777], [-5.550814791490203, 38.7509649604778], [-5.550854137032099, 38.75046081434621], [-5.550953520466936, 38.75002716517493], [-5.551060353074403, 38.747983753562465], [-5.551174796056818, 38.74775664013939], [-5.5512650908259955, 38.74737822661941], [-5.551037953593538, 38.74743242429288], [-5.5512893876916864, 38.744363530241614], [-5.551246681530485, 38.74342555618627], [-5.551128069149677, 38.74279205902812], [-5.550971417212164, 38.74219822455631], [-5.550727402739886, 38.74154808945546], [-5.549897854049079, 38.73996678258583], [-5.549349338189032, 38.739329056236414], [-5.550897096506046, 38.739634499468806], [-5.550915266180873, 38.738932874048125], [-5.550806984144517, 38.73808814079427], [-5.55071764744867, 38.73771113881635], [-5.550558106674546, 38.73726854635962], [-5.550487019767229, 38.73688709580052], [-5.5504477133435906, 38.73659054007485], [-5.550459948466821, 38.736378362241986], [-5.550324434147922, 38.73538547063627], [-5.550133878901765, 38.734141599947066], [-5.549970192063196, 38.7333750138014], [-5.550191548209947, 38.7332985587497], [-5.5504859063244725, 38.734912268710275], [-5.550558582463422, 38.73540649204456], [-5.5505185126424585, 38.73541187172352], [-5.550938719561009, 38.73785920834361], [-5.551117637653466, 38.73922442720327], [-5.551037190602667, 38.740464662664614], [-5.55165482636057, 38.740451624613996], [-5.552370306135577, 38.74049195054906]], [[-5.553587656850603, 38.74675527136251], [-5.552237128189225, 38.7474068708389], [-5.552036133027486, 38.747432700770034], [-5.5535525145821225, 38.74875874496356], [-5.552842158181299, 38.74928134171337], [-5.553753163008287, 38.74971714483067], [-5.554817900211511, 38.75034346918909], [-5.554878717460045, 38.750342139075855], [-5.554913374124764, 38.75024605756081], [-5.55585776787951, 38.74951768009088], [-5.555153376703164, 38.74849119765746], [-5.554769116414241, 38.74804001260889], [-5.553968341672059, 38.747210331849466], [-5.553587656850603, 38.74675527136251]]], [[[-5.576197958165581, 38.76925254653634], [-5.57624697001136, 38.769751145084506], [-5.5761585042426525, 38.7700015802002], [-5.576022504034223, 38.770255140396074], [-5.575894550505662, 38.770396527535176], [-5.5750466742490765, 38.77112833950158], [-5.574802359047117, 38.77143617785225], [-5.574741193418433, 38.7716618685097], [-5.574786658814707, 38.771978905156374], [-5.574763733742052, 38.77209987061558], [-5.574176194586411, 38.77315604895481], [-5.57064651359289, 38.77519563251407], [-5.568623641311144, 38.77621317660446], [-5.568831520846759, 38.77566811512958], [-5.56890804331959, 38.77556183351196], [-5.569515726140439, 38.775253667251604], [-5.5696937316610615, 38.7750215343655], [-5.569829427845282, 38.77469438300975], [-5.569997902119641, 38.7743956071676], [-5.570153119653009, 38.77419884720633], [-5.57023862469079, 38.77412822130095], [-5.570519734702253, 38.77402707211298], [-5.571370083769163, 38.77385537748324], [-5.571602139172028, 38.77375377404568], [-5.5717153681106915, 38.77365703910368], [-5.571774425401504, 38.773542130488984], [-5.571799602906275, 38.773381202864925], [-5.571741206769791, 38.77311075520826], [-5.571358354275241, 38.77269563717092], [-5.5713213913882305, 38.77262464336296], [-5.571303619630529, 38.772370063663814], [-5.571345560567939, 38.77223363391489], [-5.57175635036554, 38.771786180226805], [-5.5720850434609375, 38.77120313464225], [-5.572137152757537, 38.77096187767379], [-5.572074217439929, 38.77047539101813], [-5.572093356457377, 38.77029378377386], [-5.572271999391817, 38.76989739004173], [-5.572286957995237, 38.76970515324039], [-5.572224051730245, 38.76939561265196], [-5.572028255100714, 38.769070983504676], [-5.571620303005011, 38.76869020508661], [-5.570832036919676, 38.76813723707354], [-5.570647013760309, 38.76795210486671], [-5.570581761169855, 38.76773721712866], [-5.5705886417677295, 38.76735514729256], [-5.57498091026555, 38.76829480086078], [-5.575689128492907, 38.768435508510464], [-5.576202077807849, 38.76849384086932], [-5.57620807602531, 38.76885238594741], [-5.576263044414008, 38.76914236348025], [-5.576197958165581, 38.76925254653634]]], [[[-5.57189088968814, 38.770209586490026], [-5.571847706972417, 38.77044929535574], [-5.5719729025053235, 38.770884497216194], [-5.571858825097116, 38.77129397894972], [-5.571748172762062, 38.771494354815204], [-5.571237386560008, 38.77211861856132], [-5.571060810400289, 38.77247352045235], [-5.571056496231006, 38.77256488402563], [-5.571233635197746, 38.772885785362114], [-5.57164507933012, 38.773308653304305], [-5.5716503595979265, 38.77340115708487], [-5.571584932264128, 38.77356620990724], [-5.571519596016444, 38.773663331815165], [-5.571356968185195, 38.77374980188918], [-5.571126163930445, 38.77381912245889], [-5.570556585831668, 38.77381615858573], [-5.5700820743335155, 38.774037694811994], [-5.569912206615655, 38.77418865171076], [-5.569701607327252, 38.7745226768588], [-5.569604293547946, 38.774835198730294], [-5.569339749481219, 38.77509014236486], [-5.569036656313031, 38.7752906946873], [-5.568729492841617, 38.77554800698382], [-5.568591775380695, 38.77571960796097], [-5.568395826893932, 38.77631783437038], [-5.567863895609589, 38.77655323811713], [-5.567754836249724, 38.77643283323719], [-5.567645622719013, 38.776115478841376], [-5.567088415923657, 38.775758418449186], [-5.567012236955812, 38.77552764163097], [-5.56707729316381, 38.775114291085416], [-5.566968815654205, 38.77483656260384], [-5.5666851575569805, 38.77429851840662], [-5.566369662086251, 38.77391884344502], [-5.56619900780296, 38.77377843733355], [-5.566047872816811, 38.77372643815072], [-5.565325479439065, 38.77374032516495], [-5.565228143701702, 38.773693089660846], [-5.565115587633339, 38.773571047106934], [-5.564964198878404, 38.772606099370776], [-5.564797216783132, 38.772336590936945], [-5.5645621105666745, 38.772215076539716], [-5.563883368741029, 38.77205915332137], [-5.563526167736751, 38.77193481647654], [-5.562428596449269, 38.77189069322707], [-5.562240570076934, 38.77178210627987], [-5.562185275147155, 38.77168421207233], [-5.562255759537134, 38.770945943169814], [-5.562188486517595, 38.77057432522677], [-5.56195262700445, 38.7701226190855], [-5.561977945814974, 38.770029353382604], [-5.562099422383564, 38.76994740291738], [-5.562404969536193, 38.769947277126185], [-5.5626266822794, 38.76983321915928], [-5.562745095347536, 38.76970430435185], [-5.562841858560453, 38.7694818026871], [-5.562883921758816, 38.76921320453632], [-5.562863603335858, 38.76908607230718], [-5.5627087204201935, 38.76886152402078], [-5.562186804743533, 38.768385276383135], [-5.562015043116933, 38.76828390030244], [-5.561827699426491, 38.76823268966699], [-5.561772197325604, 38.768177145561], [-5.561730477107703, 38.767654323611694], [-5.561757761430633, 38.767480922612656], [-5.561825785159764, 38.7673493297933], [-5.562208379291404, 38.766916672796256], [-5.562577699240727, 38.76658944963752], [-5.562720928895435, 38.76635664851201], [-5.562739914970019, 38.76624406049949], [-5.562717464535289, 38.76615040114733], [-5.562566362593012, 38.76594784794585], [-5.562130555807896, 38.7655939504245], [-5.56206063128431, 38.76522843126957], [-5.5619385024672345, 38.76505379808039], [-5.561760421116419, 38.76493958604191], [-5.561272421824961, 38.76475432574689], [-5.561176144795918, 38.7646846291061], [-5.560850834955391, 38.76422812410006], [-5.560743006090329, 38.764025245802834], [-5.560753021810863, 38.76367769996088], [-5.562332572243188, 38.76452106088336], [-5.564943032917249, 38.765852898163025], [-5.565765834756493, 38.76618980635877], [-5.567000475618316, 38.76657370779853], [-5.5703263627322315, 38.767300373886485], [-5.570341291220494, 38.767523842835], [-5.570462324174624, 38.76793328481931], [-5.570588351909777, 38.76807475714249], [-5.571123258148253, 38.76845301500736], [-5.5716909775867975, 38.76895659407469], [-5.571979897651059, 38.769310621696434], [-5.572064164027334, 38.76950040315067], [-5.572050872345517, 38.76977107802644], [-5.57189088968814, 38.770209586490026]]], [[[-5.604082171834531, 38.77161313971972], [-5.6015304755037025, 38.77318488048573], [-5.600134131671474, 38.77201056898898], [-5.60204307498733, 38.7707050008923], [-5.604082171834531, 38.77161313971972]]], [[[-5.671150716424211, 38.85386489098659], [-5.6698221889595555, 38.85409781616364], [-5.669190181448893, 38.85425426055997], [-5.668828394451504, 38.85455641843651], [-5.6686400605862, 38.85480127334441], [-5.667758831484914, 38.85520774073038], [-5.667314459703205, 38.85514401899582], [-5.667003461968052, 38.855186888922], [-5.66658408660408, 38.85516304580054], [-5.665715888567487, 38.855314231756026], [-5.664973496982103, 38.855350735605946], [-5.664691356257998, 38.85541663995194], [-5.664309993060567, 38.85538633492929], [-5.664011703718113, 38.855427104907854], [-5.66383917532676, 38.855583483213984], [-5.663789271452714, 38.85585787543881], [-5.663681166598815, 38.85604242439398], [-5.663579685975453, 38.8561266320686], [-5.663437065300585, 38.85617367284143], [-5.663143011119832, 38.856154975967286], [-5.662266477645665, 38.85590414749272], [-5.661471524204393, 38.85591254718154], [-5.660979926675534, 38.855870870264745], [-5.6603254163530945, 38.85593155410494], [-5.659871506083994, 38.855859192064926], [-5.659438217406818, 38.85564140010429], [-5.659219992961805, 38.85557672882865], [-5.658912267387637, 38.855552836918335], [-5.6585290697720145, 38.8556280514402], [-5.658288813968592, 38.85573578142912], [-5.657518757867278, 38.855973504954335], [-5.656726639964083, 38.85638029334094], [-5.65604825011424, 38.85680574634725], [-5.655779794351162, 38.85701682126071], [-5.655384050296112, 38.8574859315711], [-5.655129162081552, 38.85772111208954], [-5.654566680576369, 38.85868593130961], [-5.654232152792576, 38.858840479797244], [-5.653605680660256, 38.85937727137833], [-5.653178987459083, 38.859504271074634], [-5.652831401543619, 38.85950289221229], [-5.651358635312342, 38.85926346009121], [-5.6506074184898045, 38.85919403158041], [-5.649412740818715, 38.85889960756564], [-5.648946325193071, 38.85872342713804], [-5.648404010820011, 38.858715823170634], [-5.648013862457744, 38.85861367831237], [-5.647527992096086, 38.8584627096713], [-5.646592962186197, 38.85796983758745], [-5.645893750341967, 38.85765233851503], [-5.645431120394435, 38.85748146817019], [-5.644658108890169, 38.8568917494216], [-5.644100378451391, 38.856336970652734], [-5.64381500816154, 38.85587458419547], [-5.643811337253404, 38.85552654402065], [-5.643750377884981, 38.8552340342735], [-5.643411484043815, 38.854903587158056], [-5.642935847302881, 38.8545860513117], [-5.6426774759484575, 38.85426738298347], [-5.6424011867967705, 38.8538070394901], [-5.6412978502868025, 38.8522815766827], [-5.641037657413044, 38.85186654369145], [-5.640923747431138, 38.851590370747296], [-5.640847384549266, 38.85118613361206], [-5.64100839207628, 38.85124366538939], [-5.641166806105869, 38.851221611390024], [-5.641531443642106, 38.8510341603263], [-5.641813014992798, 38.850949769744425], [-5.642029882161173, 38.85093188738802], [-5.642309128206602, 38.85099322780826], [-5.642647713530288, 38.85082420191679], [-5.643409493794799, 38.850624423841744], [-5.644011735716461, 38.850366629672436], [-5.644548578904623, 38.849951386147886], [-5.644955444525408, 38.8497224294136], [-5.645263999675183, 38.84949281626066], [-5.6456194393864365, 38.849415206958206], [-5.646064272505732, 38.84943999048299], [-5.646777744055107, 38.849398411847304], [-5.6484210604611915, 38.84968502464921], [-5.64950997430231, 38.84966418636852], [-5.649636203669418, 38.84968483583741], [-5.650226993483041, 38.84994792531517], [-5.650564065209992, 38.8499995540986], [-5.651030735453402, 38.84997607227616], [-5.652649434098652, 38.85002732413541], [-5.654340256588574, 38.849768698012106], [-5.654834016806739, 38.84962178983108], [-5.655386734215348, 38.84937821773828], [-5.656211502930263, 38.84891564783491], [-5.658032137860618, 38.848075432952015], [-5.658497595929861, 38.84782185072629], [-5.6589556198127156, 38.847625646384124], [-5.659137055371157, 38.84750754291965], [-5.659398108473947, 38.847819630990045], [-5.659844367645412, 38.84806217477499], [-5.660961203615948, 38.849221009367675], [-5.6613118915694365, 38.849470861461455], [-5.663517686397262, 38.84928982878804], [-5.666678476412618, 38.848955041243805], [-5.666369809291434, 38.84721787285256], [-5.666298378565193, 38.84722094607194], [-5.666149209875617, 38.84650594526737], [-5.665848665931337, 38.84449182180115], [-5.66567698323522, 38.84450654954087], [-5.665271920729948, 38.84109582850754], [-5.665079102832209, 38.839827827612886], [-5.667041988624522, 38.83962551919464], [-5.667264189923999, 38.83976387342774], [-5.667389927415789, 38.839910463411705], [-5.667474010605834, 38.840076659300934], [-5.6674501234495995, 38.84025748528121], [-5.667649603758079, 38.84036436970765], [-5.6679680964460575, 38.84091855821833], [-5.667985964624813, 38.84114392787649], [-5.667921908350185, 38.84141215871213], [-5.668028766396221, 38.8418270318158], [-5.668307396875107, 38.84211580954405], [-5.668438478833742, 38.8422079533376], [-5.668950411364076, 38.84244779441543], [-5.669197066007767, 38.84262991234974], [-5.669607847710935, 38.84286953625732], [-5.669949882097876, 38.84538974986376], [-5.670117052241738, 38.845876668366245], [-5.670172507007732, 38.846145684504876], [-5.67052833051045, 38.84830042943492], [-5.67055766008316, 38.84872112756177], [-5.670302512260698, 38.84900265074076], [-5.670281271817832, 38.849097015511504], [-5.670448980157252, 38.84921291023681], [-5.670559353349695, 38.84937931283321], [-5.671150716424211, 38.85386489098659]]], [[[-5.640942169641126, 38.85287316750322], [-5.640982656652659, 38.85303955384287], [-5.640944346014638, 38.85324349541467], [-5.6409025039330425, 38.85335201138499], [-5.640698594875915, 38.85351789537935], [-5.639578783002337, 38.853926210940166], [-5.638130023798422, 38.854135727679235], [-5.638314589407773, 38.85405119542199], [-5.639322159818667, 38.8539193106797], [-5.639630588915879, 38.85385026477451], [-5.64054119489697, 38.85351767232693], [-5.640810765266364, 38.85332336453764], [-5.640899716983463, 38.85306170189211], [-5.64076786624638, 38.8528489113789], [-5.640006735932232, 38.851802202934486], [-5.639759422237922, 38.85163544409719], [-5.639922604640487, 38.850979112067876], [-5.640027801842816, 38.8513561195979], [-5.640175425760946, 38.85164675699463], [-5.640942169641126, 38.85287316750322]]], [[[-5.651894123058936, 38.85949031645526], [-5.652734062551561, 38.85963078716089], [-5.653058410325394, 38.85964557812745], [-5.65374017489312, 38.85950485118389], [-5.653910218537497, 38.8594388192072], [-5.654083715692013, 38.85929216353151], [-5.654174111644838, 38.85928452199706], [-5.654327146511067, 38.859368253701675], [-5.654500279840804, 38.8596518092311], [-5.654660032047599, 38.859817099340404], [-5.654858261025419, 38.859898631131415], [-5.655319049143524, 38.85999112730112], [-5.655269815484319, 38.86008630653644], [-5.651841705811576, 38.85950925615172], [-5.651894123058936, 38.85949031645526]]], [[[-5.657552955681479, 38.86088077465991], [-5.657205807818203, 38.86110156853023], [-5.657089705561405, 38.86111844678919], [-5.656929407646141, 38.86109345036769], [-5.656282539513065, 38.860834470481414], [-5.65587326090939, 38.860872340207756], [-5.6555631393440144, 38.860865161824194], [-5.654239110590532, 38.860684998312124], [-5.653917286640157, 38.86072889523193], [-5.653721963385384, 38.860821715169905], [-5.653644204940325, 38.86091528993789], [-5.65338290747051, 38.860916635809936], [-5.652985591094416, 38.860848456450015], [-5.652209617824207, 38.860584725754364], [-5.651671838037424, 38.86028404965406], [-5.651472839318653, 38.86009801967607], [-5.651329625975374, 38.8600272149708], [-5.650532388075663, 38.86004072790228], [-5.649981843054067, 38.860137553784746], [-5.6495487664372686, 38.860009180182765], [-5.648743566027938, 38.859994301497125], [-5.648482383275898, 38.86003590622912], [-5.648700823474607, 38.85994175503516], [-5.6492111432411, 38.85992224436094], [-5.65018547653813, 38.86005121840749], [-5.650579118119886, 38.85988713576892], [-5.65112996429882, 38.85983570364407], [-5.65148837738733, 38.85970683897687], [-5.651708212850341, 38.85969067279351], [-5.65179168700748, 38.85960823130181], [-5.65324865622335, 38.85985954910514], [-5.653721605486814, 38.859984749928486], [-5.654107644256687, 38.85999768929097], [-5.656081253727224, 38.860349029517764], [-5.656995952168862, 38.86056875874423], [-5.65775047338984, 38.860819156817875], [-5.657552955681479, 38.86088077465991]]], [[[-5.6719021309411914, 38.86699894566973], [-5.671288842588947, 38.86680865023214], [-5.671004828092473, 38.86677938311893], [-5.669053687683404, 38.86720132908239], [-5.668210849550161, 38.867205465728496], [-5.667621549566593, 38.86716659218026], [-5.666924060500784, 38.86722388196142], [-5.666391642517762, 38.86732244816605], [-5.6661406725893855, 38.86712573901407], [-5.666079768677906, 38.866862166303896], [-5.665708605514927, 38.86658531469945], [-5.6655319182506085, 38.866303934707084], [-5.665066368824613, 38.8658664399784], [-5.664262414970263, 38.865238640755564], [-5.664112810202347, 38.86506519988126], [-5.6639608405103115, 38.864785054986804], [-5.663619101223552, 38.864351304944414], [-5.66339225876168, 38.86386510943166], [-5.663417156002844, 38.863661557693554], [-5.663395377023431, 38.86357808636092], [-5.663221762834068, 38.863354022802206], [-5.663053864997246, 38.86298964101482], [-5.662598238020014, 38.86231973501425], [-5.66207607629551, 38.86227236385829], [-5.661647729339075, 38.86204311169938], [-5.66143704113952, 38.861807277523546], [-5.661069447852503, 38.86166817411907], [-5.660810821366353, 38.86161127450775], [-5.660297641115702, 38.86157900666201], [-5.659294739292192, 38.86125652858068], [-5.658667546040817, 38.860876566798595], [-5.658523028928118, 38.86067498295135], [-5.658405721443068, 38.86034079461156], [-5.658258545204356, 38.86025351131801], [-5.657832513604639, 38.86023114006631], [-5.657387491440014, 38.86038587128914], [-5.657200992326095, 38.86039354107126], [-5.656946515653059, 38.86032734861336], [-5.656595604670289, 38.860119018555686], [-5.656408592232177, 38.86004804585951], [-5.6562150824969395, 38.86003452561855], [-5.655897000367329, 38.86009834388136], [-5.654866849926215, 38.85987861486732], [-5.654626929773676, 38.859763615074776], [-5.654356028991144, 38.8593485868059], [-5.654259940576568, 38.85927770501396], [-5.654144597272664, 38.859249875939], [-5.654064763852706, 38.85926592637876], [-5.653888441971684, 38.859414087776145], [-5.653727139716617, 38.859476587453024], [-5.653054650964892, 38.85961575204184], [-5.652740570262491, 38.859601268277466], [-5.651932618021017, 38.85945953024554], [-5.651798314799141, 38.85950132261776], [-5.651841236256531, 38.859378809226214], [-5.652934743563045, 38.85953955440617], [-5.653184748961534, 38.85953215964761], [-5.653625795040493, 38.859400689230505], [-5.654255765975795, 38.858861925979525], [-5.654595784539782, 38.85870319826524], [-5.6551181972517695, 38.85778874807545], [-5.655413682687121, 38.85750192497669], [-5.655888863153604, 38.85695974186864], [-5.656747651829299, 38.856403055062906], [-5.657538301135937, 38.85599720542623], [-5.658301546126359, 38.85576206946208], [-5.658609636919185, 38.8556287389463], [-5.658913847001047, 38.85557667609785], [-5.659213253406056, 38.85559994668772], [-5.659422851223151, 38.85566193149682], [-5.65977153706729, 38.855857325862914], [-5.660324760018945, 38.855960309348596], [-5.660963393224494, 38.855900257769655], [-5.661474564836271, 38.85594464173128], [-5.66224247158836, 38.855933975904975], [-5.663200214992046, 38.8561935827518], [-5.663438756246628, 38.856215888753944], [-5.663602889048791, 38.85615556357453], [-5.663712844627908, 38.85606071145757], [-5.663818555426976, 38.85586450477934], [-5.663867395305018, 38.85559247929449], [-5.663953042104339, 38.85549466355928], [-5.664062420158136, 38.85543684879535], [-5.664303835668045, 38.855415841910244], [-5.664724123320238, 38.855439406622764], [-5.664982350021153, 38.855381075625786], [-5.6657207772188745, 38.85534331083656], [-5.666504513601973, 38.855198198840505], [-5.667006425761952, 38.85521069633066], [-5.667312699953079, 38.85516783974249], [-5.667752502669518, 38.85523878791137], [-5.6686623327360195, 38.85482067506191], [-5.668852691662387, 38.85457451248653], [-5.669205000221755, 38.85427770670219], [-5.669830279645057, 38.854123127925526], [-5.67115154080223, 38.85389307178912], [-5.671668934337256, 38.857545347571026], [-5.671953490371636, 38.8597876652869], [-5.67238087863775, 38.86241546047548], [-5.67225007733903, 38.86246134049986], [-5.6718387436387, 38.86246571256882], [-5.671395322703956, 38.862659651583904], [-5.670674163362527, 38.86284985866322], [-5.671262725583418, 38.8627437717607], [-5.671855797148703, 38.86252721720288], [-5.672256315645608, 38.86252020967136], [-5.672388742925638, 38.862471589567896], [-5.673056061338995, 38.86713487202494], [-5.672567246815055, 38.867117416822246], [-5.6719021309411914, 38.86699894566973]]], [[[-5.653015941628497, 38.86369185305995], [-5.653550595008815, 38.86413377228487], [-5.653206916563491, 38.86424735722524], [-5.652933565529589, 38.864293663351475], [-5.652537695857619, 38.864444646353384], [-5.652263012988653, 38.864405571170636], [-5.651607358495725, 38.86439749506527], [-5.650641213022441, 38.8642393417147], [-5.649764875524372, 38.864168961554235], [-5.648124600705145, 38.863970411871406], [-5.651578125980814, 38.86254402257177], [-5.651026923299093, 38.86210868636355], [-5.652574267527165, 38.86092420549451], [-5.652872892331009, 38.86109634229109], [-5.653156327341882, 38.86115125415621], [-5.653387471940704, 38.86112302522986], [-5.653659126599145, 38.86103144347439], [-5.65374020335439, 38.86110158591113], [-5.654228456767696, 38.86134040218971], [-5.655164078661751, 38.86145318212546], [-5.655790496150236, 38.86171065595669], [-5.653015941628497, 38.86369185305995]]], [[[-5.650713012563741, 38.8660139108776], [-5.650587219699869, 38.86589415311228], [-5.650537304762534, 38.86580068701478], [-5.651413428904379, 38.864397936745014], [-5.651945140973818, 38.8644445079053], [-5.652249013243818, 38.864428863532375], [-5.651236748789115, 38.86623950474636], [-5.650949707021161, 38.86615007394181], [-5.650713012563741, 38.8660139108776]]], [[[-5.650116078189589, 38.86638324761972], [-5.649622016855489, 38.86628635136735], [-5.649023462235861, 38.86610335154217], [-5.650439703790771, 38.86566442759734], [-5.650551280967373, 38.865910100767444], [-5.65068460901072, 38.86603725991412], [-5.650929195447587, 38.86617801880852], [-5.651216439440845, 38.86626978753703], [-5.65105818352, 38.866541860923746], [-5.65058486158814, 38.86641080216805], [-5.650116078189589, 38.86638324761972]]], [[[-5.714237264933315, 38.90904838026515], [-5.7136467940432265, 38.90873552045865], [-5.7136313825593, 38.90868209313068], [-5.712675826229269, 38.90816429476939], [-5.712617504978608, 38.90808925152838], [-5.711456071323149, 38.90739379468864], [-5.711225353626109, 38.907215365735134], [-5.711127407434932, 38.90718070349336], [-5.710830398454702, 38.906917509088544], [-5.710648894831441, 38.90683523644242], [-5.71008845692535, 38.906330673248725], [-5.7096534629834785, 38.905868146041094], [-5.709282580289927, 38.905435845794806], [-5.7090061760736805, 38.9049894582528], [-5.7088842104331965, 38.90486868175107], [-5.708480050211413, 38.90426444198996], [-5.707985846625833, 38.90344165591404], [-5.707611720656613, 38.9027413966712], [-5.707315715179907, 38.90237330047505], [-5.707056907574747, 38.90191902173166], [-5.706924581244537, 38.90176505866585], [-5.705593140313128, 38.89962154863001], [-5.705284386366679, 38.89919337966634], [-5.706291784752829, 38.89911668650941], [-5.718921021746898, 38.89846409941482], [-5.720047247970375, 38.897795221463646], [-5.722296512783667, 38.89694599463604], [-5.722286477465427, 38.89610683696579], [-5.722979466883832, 38.896076611698405], [-5.722986756179364, 38.89617383261302], [-5.723711514615627, 38.89613926233072], [-5.724477313519569, 38.897956207720554], [-5.725357328480673, 38.899074787170456], [-5.725618223510802, 38.899351856235896], [-5.727241013769542, 38.89820631836304], [-5.727345639913539, 38.89831291272087], [-5.7282102982894045, 38.8983446680246], [-5.728173880007971, 38.898411571525216], [-5.7281829171392245, 38.89849703448303], [-5.727786265645002, 38.89850468692559], [-5.727309854115547, 38.8984587049445], [-5.727285884453649, 38.89848007680542], [-5.727267423435928, 38.89881718271721], [-5.727172229277507, 38.89920067842383], [-5.727000515308053, 38.89954596110222], [-5.726821193717516, 38.89982204945018], [-5.726967608826032, 38.89984592573544], [-5.726900772207352, 38.900030557548355], [-5.727300649383804, 38.90015211656175], [-5.727210651112305, 38.900249719221456], [-5.727235418433417, 38.90041481744074], [-5.7272113095495385, 38.90098990169075], [-5.727543662102646, 38.90115448106844], [-5.727527506758732, 38.90122639284368], [-5.726794265801493, 38.90096217044183], [-5.7264319779583355, 38.90093432937825], [-5.72633795402509, 38.90095391001554], [-5.726260190558067, 38.90101275620412], [-5.726095636664796, 38.9015785088725], [-5.725880905055156, 38.901589291929454], [-5.725449518255396, 38.901949197826994], [-5.725298984714693, 38.90238451808896], [-5.725176220430167, 38.90254198581978], [-5.72425172542635, 38.9029662844758], [-5.723763775027753, 38.90314696241446], [-5.723881731105441, 38.90340051970187], [-5.723736949724876, 38.903428585355464], [-5.723691055806287, 38.90372398725933], [-5.7232881223824155, 38.90407493250791], [-5.723074001095629, 38.904113805368105], [-5.722846728393399, 38.90388117307551], [-5.721412238660967, 38.90472204559301], [-5.721228770608211, 38.904504154679614], [-5.721262168234268, 38.90448500115951], [-5.721237075471445, 38.904443873191255], [-5.721197288773413, 38.90446480190742], [-5.721146098754303, 38.90407237781586], [-5.72101267514376, 38.90399035135909], [-5.720847393098602, 38.903970781689296], [-5.720387054827199, 38.904307289447104], [-5.720403307522436, 38.90445223114176], [-5.7202783925910685, 38.90453866029908], [-5.720145394942591, 38.90452500381435], [-5.720073748206144, 38.90459631191816], [-5.7199646682169485, 38.90487400023553], [-5.719957546425543, 38.905022815876414], [-5.719777792048941, 38.90501367257507], [-5.7190476223158795, 38.905356104704026], [-5.718997645028428, 38.90554204652126], [-5.719158142654313, 38.90577146773079], [-5.719093208105979, 38.90578910783135], [-5.719030330642529, 38.90594823219033], [-5.719012879557319, 38.90613747466919], [-5.718958283444495, 38.906250913324385], [-5.718946778838559, 38.906351270702245], [-5.7190208700611525, 38.90661576998886], [-5.718906835525584, 38.906751761288895], [-5.718877097366117, 38.906978588743684], [-5.718980046914574, 38.90704772368218], [-5.719261748088443, 38.906999625181264], [-5.719967428998898, 38.907153992335374], [-5.719878604090876, 38.9072254350401], [-5.7197100303203126, 38.907304052283344], [-5.719564440090896, 38.90715113410801], [-5.718976582662124, 38.907089878031435], [-5.7183389881156765, 38.90766501739155], [-5.718197082557273, 38.9076931894576], [-5.717171189123981, 38.908161508620196], [-5.717069503608204, 38.90825865058132], [-5.716897922250192, 38.90833111741048], [-5.71681227570809, 38.90828347040912], [-5.715649429705546, 38.90872865818955], [-5.714237264933315, 38.90904838026515]], [[-5.718424095471295, 38.905855328228654], [-5.717974544867008, 38.90592535375231], [-5.717297606073103, 38.905898323135986], [-5.717166834524806, 38.906027859989464], [-5.717440188915009, 38.90626879534113], [-5.717594776447409, 38.90632844018921], [-5.718221897611294, 38.90642167715872], [-5.718490806059568, 38.906419105486236], [-5.718748592777263, 38.90637588995924], [-5.7188533481295405, 38.906313987139825], [-5.718912948325572, 38.90606899014223], [-5.718892733979567, 38.90603783843986], [-5.718486071169673, 38.90604731472176], [-5.718424095471295, 38.905855328228654]]], [[[-5.714892163575552, 38.90959594469858], [-5.714569163774901, 38.9093867859347], [-5.7142646965838395, 38.90927945113889], [-5.713680671030838, 38.909167807210295], [-5.713404328524611, 38.90916621181406], [-5.712612258358477, 38.90927769742386], [-5.711149069606468, 38.90828005264829], [-5.710048489696586, 38.907286579606414], [-5.709242549175817, 38.90647221165083], [-5.708773539904671, 38.90594876139876], [-5.708542116300621, 38.90610927085019], [-5.708473728371053, 38.90604527036808], [-5.708234332107445, 38.906047674398124], [-5.7080094202892235, 38.90596081937834], [-5.707867962355649, 38.90581274543477], [-5.707832458163415, 38.90570987175266], [-5.707836911144818, 38.90556616373102], [-5.707625314443273, 38.905086375528235], [-5.707632501749835, 38.90496287059583], [-5.707115456581433, 38.90431881159417], [-5.707080915713653, 38.90403780471372], [-5.706993089872829, 38.9038718178649], [-5.706823286609732, 38.90366034362305], [-5.706718256815164, 38.90346926368766], [-5.706599474855053, 38.90337156489157], [-5.7063264209010445, 38.903015727038515], [-5.706287008267603, 38.90286753626503], [-5.705693703743531, 38.90200883880061], [-5.705346159937766, 38.90174058064142], [-5.705055579313609, 38.901387398309794], [-5.70502001778834, 38.90128587636554], [-5.7050103053833014, 38.90108474215772], [-5.704788908643165, 38.900558506781124], [-5.7046372940441925, 38.90024552679464], [-5.704476781852525, 38.900053473885436], [-5.704444959400628, 38.899688976119826], [-5.704289982396499, 38.89938147916338], [-5.704170991183462, 38.89925369125738], [-5.705194360355314, 38.899208890964026], [-5.705312424546393, 38.89945507791556], [-5.70551720303728, 38.899689438288505], [-5.7061200751826835, 38.90059422342625], [-5.70654821672755, 38.9012997217155], [-5.706654906798144, 38.901540675273765], [-5.706857194488901, 38.90179401054361], [-5.70775950780081, 38.90320176434336], [-5.70780950023775, 38.90335232174308], [-5.709043708588795, 38.90524264614093], [-5.709610357388982, 38.905938339008586], [-5.7102106667034, 38.90655153215325], [-5.711247369165737, 38.907442340237395], [-5.711513175585833, 38.90758851099953], [-5.711874151657871, 38.90784778419154], [-5.712809711190329, 38.90839182099031], [-5.713721018922023, 38.908852802933275], [-5.715016751639066, 38.9095853874555], [-5.714892163575552, 38.90959594469858]]], [[[-5.7234094735426515, 38.91643880852852], [-5.723380786023719, 38.916252444725366], [-5.723428256537844, 38.9161398011393], [-5.724533666555785, 38.9168410421727], [-5.7251916557833935, 38.917126309664035], [-5.725547437469457, 38.91734971758012], [-5.725244800097093, 38.917674451824006], [-5.726223362429108, 38.91777548377448], [-5.726360144269666, 38.91784768165309], [-5.726741987905568, 38.91795930179091], [-5.727115348610357, 38.91827409428212], [-5.727247640858786, 38.91832884139753], [-5.727957507126538, 38.918402431587374], [-5.728755154060828, 38.918310985755035], [-5.729614271803128, 38.91846332505834], [-5.730653848489044, 38.918401611775806], [-5.731210360528924, 38.91829227896461], [-5.731436736634381, 38.91816003766786], [-5.731961880994636, 38.91798467678681], [-5.733580247632633, 38.917814608262056], [-5.733886194533105, 38.91783563789918], [-5.7344123453791065, 38.91802916887928], [-5.734894365545186, 38.91806751076573], [-5.73618798952591, 38.918308901133166], [-5.736719487470795, 38.9184642769009], [-5.737052871078682, 38.91841879655335], [-5.73788206896806, 38.91852736526959], [-5.738832168596316, 38.91855001942575], [-5.739354446136197, 38.91843559552978], [-5.74007201507563, 38.91815765850527], [-5.740733237421402, 38.917943835692945], [-5.740961338638788, 38.917898840114844], [-5.742627036495637, 38.91769194734213], [-5.74278164262637, 38.91780972251109], [-5.742743507674036, 38.91786335408108], [-5.7402400589126765, 38.91950612758331], [-5.73978207946358, 38.91985800335922], [-5.7395120170222045, 38.92072372801694], [-5.738968651517113, 38.92156174754405], [-5.738825014345475, 38.921917103915646], [-5.738398365946225, 38.921930809361974], [-5.737734910189661, 38.92229161331106], [-5.737617781712649, 38.92238580643228], [-5.737323579177291, 38.92250577247742], [-5.737029094567539, 38.92257358511239], [-5.7367748531176765, 38.92257522560712], [-5.736535927534239, 38.92266911728258], [-5.736272761345828, 38.922906644644705], [-5.736213095127172, 38.923034624749214], [-5.736054801749739, 38.923132124300274], [-5.735713676020884, 38.923465896303405], [-5.73548991625926, 38.923576547867455], [-5.7351690252989735, 38.92365065094196], [-5.734963280608224, 38.923788807917234], [-5.73493170172529, 38.92390360594963], [-5.734935706417759, 38.92406486850749], [-5.734797817742513, 38.924201254101774], [-5.734286813941938, 38.92449936362752], [-5.734041160249418, 38.92476080067201], [-5.733474085257161, 38.92526599314828], [-5.733417900029194, 38.92541271521923], [-5.73240629836554, 38.92591461943528], [-5.731881779686298, 38.92606267454249], [-5.731854234308591, 38.92620142763394], [-5.731754806115608, 38.92639655503859], [-5.731570571518927, 38.92652771572635], [-5.731251916716582, 38.92663635152754], [-5.731081000312548, 38.92677197455006], [-5.730904109888621, 38.92699540214465], [-5.7307557075848825, 38.92707454988963], [-5.730903400213644, 38.92702199618322], [-5.731234400046328, 38.92670586296334], [-5.731455794285437, 38.92659941457978], [-5.731697074816766, 38.92653916824299], [-5.731796440316804, 38.92642954507602], [-5.731944695881709, 38.92610624755298], [-5.732025686222472, 38.926055790641435], [-5.732251458036294, 38.92596716674881], [-5.7324533832011175, 38.925939373199476], [-5.733430631925029, 38.925437913183046], [-5.733509350706662, 38.92528030238887], [-5.73412208045529, 38.924849717751925], [-5.73429257600089, 38.92456229362446], [-5.734854226449835, 38.924288583090195], [-5.7352109143295795, 38.92425454819947], [-5.735434265778854, 38.92417237158403], [-5.735605826371867, 38.92376563758414], [-5.735803374548901, 38.92354613761977], [-5.735852520980297, 38.92339948492442], [-5.736045775065198, 38.92321233853721], [-5.7362529898232415, 38.92308251934082], [-5.736422631829374, 38.92286322246085], [-5.736753852195996, 38.922670942016396], [-5.737281823524386, 38.922628738089834], [-5.737913953318895, 38.92234389948645], [-5.738103148962753, 38.922177386198065], [-5.738400123201254, 38.92200347308551], [-5.738923487370186, 38.9219795687006], [-5.7390795089631945, 38.92153545019923], [-5.739206490367265, 38.92140967195035], [-5.739366037318752, 38.92134936559251], [-5.739844146445085, 38.923300958854114], [-5.739979058864169, 38.92553274142683], [-5.739985241241922, 38.92688217777924], [-5.739049572366918, 38.929385173085535], [-5.73837475054873, 38.93063352075206], [-5.737431165232994, 38.931875603384455], [-5.736106547076728, 38.9334616433177], [-5.735787565932758, 38.93375122827101], [-5.735442540460806, 38.93391120750553], [-5.734966536918155, 38.934077234437076], [-5.734784048221129, 38.934129563687705], [-5.734505018642638, 38.93412874072963], [-5.7339199512057215, 38.93368074735907], [-5.733752512305751, 38.933607605822516], [-5.7332794920135415, 38.9331654026618], [-5.732521265743031, 38.93253017422834], [-5.7322070166638674, 38.9322074395639], [-5.730662884820519, 38.929757141259145], [-5.72962323823426, 38.92787232772335], [-5.728446719997212, 38.926038008554855], [-5.72807823212381, 38.92554769165958], [-5.726416907615008, 38.92266142218123], [-5.72601172197102, 38.92214556303993], [-5.72559153692992, 38.92146671401892], [-5.725209332781117, 38.920776435155226], [-5.724873479403683, 38.92026660990508], [-5.723754346210801, 38.918373053622325], [-5.723362310126432, 38.91764804588042], [-5.72277350376325, 38.916698697969714], [-5.722876569893359, 38.916649628635845], [-5.723274143724366, 38.91633763976752], [-5.7234094735426515, 38.91643880852852]]], [[[-5.720716633473224, 38.91816238870394], [-5.7221752998216, 38.916764101421435], [-5.721855047021558, 38.916501384264905], [-5.721453064770584, 38.91630886348316], [-5.721263126763381, 38.91594968237151], [-5.721010618612341, 38.91570925723577], [-5.720673930000729, 38.91544169912498], [-5.719920090782381, 38.91493133051449], [-5.71912297616504, 38.91445926864366], [-5.718963015950386, 38.9142684853984], [-5.718772127519595, 38.913524357817685], [-5.718722181682105, 38.91345452823713], [-5.718226673968349, 38.91314642342122], [-5.717065788652125, 38.91217280365462], [-5.716985102699769, 38.91207395839645], [-5.717115478447061, 38.912124167183734], [-5.717118243206496, 38.91216338349746], [-5.718209445659346, 38.913087813703974], [-5.718742309137027, 38.91341387756234], [-5.718854484661596, 38.91365478106818], [-5.718979299356266, 38.91418756247516], [-5.719079483815555, 38.91435613448587], [-5.720788024039533, 38.91546093092036], [-5.721263802112411, 38.91589795309277], [-5.721480407356082, 38.91628804474451], [-5.721795443382419, 38.91642943900118], [-5.722169773174194, 38.916707021183704], [-5.7223873643308565, 38.916818073811456], [-5.722867850105789, 38.917383722446694], [-5.722855560773258, 38.917529780091165], [-5.7221984616712005, 38.91819665572392], [-5.722070272238155, 38.91874695864921], [-5.721963890763755, 38.918974849572024], [-5.722058044646657, 38.919446808645475], [-5.722043723274047, 38.919551831108414], [-5.721508243294742, 38.92119562401472], [-5.721184343225703, 38.92240113545598], [-5.721244855786602, 38.92296451344714], [-5.721301740713405, 38.92320670377029], [-5.721747002725077, 38.92416210541913], [-5.722334566393644, 38.925888885977706], [-5.722298797381772, 38.92588548634719], [-5.721682689829631, 38.92415117309174], [-5.721223851376095, 38.92320852074257], [-5.7211313076987285, 38.92243174296772], [-5.721374899467329, 38.921608474054125], [-5.721478695517534, 38.921092435901315], [-5.7220051517811035, 38.91951426132301], [-5.721921758704563, 38.9189678143325], [-5.722166677383992, 38.918179739130125], [-5.721515008187222, 38.91814710418626], [-5.720716633473224, 38.91816238870394]]], [[[-5.7634634506096845, 38.94936751006603], [-5.764804932912234, 38.95055889769077], [-5.763363103601713, 38.95155082084532], [-5.762961022619399, 38.95119457289222], [-5.7610402006947865, 38.95251601543685], [-5.760851909250609, 38.952290201826685], [-5.7599624524064446, 38.950886720702464], [-5.761455236348198, 38.949859848123], [-5.7620200473580345, 38.95036053957476], [-5.7634634506096845, 38.94936751006603]]], [[[-5.789190876521801, 38.96556495581663], [-5.78871935852837, 38.96537082396736], [-5.78868946386184, 38.96522360849044], [-5.791566669389009, 38.965111541725015], [-5.791429152953565, 38.964371943213166], [-5.7909718316238985, 38.96374288341221], [-5.791016832827979, 38.96191160953395], [-5.790960653825545, 38.96187385432282], [-5.791191310550377, 38.961876261879965], [-5.79113291154583, 38.961920092772296], [-5.791102556422168, 38.963712997471355], [-5.79155681745765, 38.96433771552148], [-5.791707231178594, 38.9651470963277], [-5.792832248288069, 38.964876739882605], [-5.7929733485780375, 38.96540481037832], [-5.793614765133326, 38.96524989896107], [-5.79415765428073, 38.965227887465524], [-5.794444229468803, 38.965252372351564], [-5.795059333155896, 38.965420611072396], [-5.796927184310392, 38.9660426875536], [-5.7970976402362675, 38.96615157373576], [-5.797077277388106, 38.96610332719998], [-5.798591776016984, 38.96656934460313], [-5.7986469536468395, 38.966601984830454], [-5.798631634061098, 38.96675217450496], [-5.798702651552001, 38.96686776910041], [-5.798412185158281, 38.96669762028793], [-5.7976694803869915, 38.96643687394365], [-5.794541448094621, 38.965429955328574], [-5.794370658994822, 38.96541224589291], [-5.794367525876639, 38.965364842755186], [-5.794148759064697, 38.96531864255616], [-5.793954248097318, 38.96531996515059], [-5.793374272144706, 38.96542016261045], [-5.793061701651459, 38.965515308610584], [-5.792754093402153, 38.96566627726613], [-5.792467733438169, 38.965870520937585], [-5.792221853890133, 38.96612703873334], [-5.791809172367323, 38.9666879146625], [-5.791690265009882, 38.96663670645001], [-5.791838193544364, 38.96642478327062], [-5.791012512161384, 38.96619868834408], [-5.790908255282314, 38.966206228714], [-5.790775331380551, 38.96627706416934], [-5.789166665171937, 38.96559787778316], [-5.789190876521801, 38.96556495581663]], [[-5.791737716237589, 38.96603205185546], [-5.790832478942392, 38.96602200322777], [-5.791513453356271, 38.966183814780955], [-5.791788064706547, 38.966303193165025], [-5.791737716237589, 38.96603205185546]]], [[[-5.788390421656014, 38.96576255650332], [-5.788283812439219, 38.96564835595115], [-5.788640310319785, 38.96548700900363], [-5.790610356825979, 38.96629858008028], [-5.790489723273517, 38.96647494712721], [-5.790214233884993, 38.96636153271376], [-5.790072203432786, 38.966569195589116], [-5.789557502647982, 38.966200512014204], [-5.789540142740947, 38.96621541401178], [-5.789318034134867, 38.96607788227398], [-5.788741299860865, 38.96591987140057], [-5.788390421656014, 38.96576255650332]]], [[[-5.791584641370148, 38.96677986789125], [-5.791210870594832, 38.96712403656922], [-5.790439985756646, 38.96654770153225], [-5.790580224460616, 38.96634263519406], [-5.791584641370148, 38.96677986789125]]], [[[-5.809905561270308, 38.97351937897268], [-5.810328966559166, 38.97347440446338], [-5.810339872285584, 38.973566300349574], [-5.810578936018277, 38.973558831113344], [-5.810161071145101, 38.974076556881485], [-5.810143643615219, 38.97416409500796], [-5.810166738241986, 38.97420525062402], [-5.808386622406959, 38.97348100253378], [-5.808497300872558, 38.973288248976296], [-5.808526744941505, 38.97328276496562], [-5.808501119458322, 38.97346077168235], [-5.808753900326347, 38.973560900520475], [-5.808970675897148, 38.97358504840116], [-5.808936897247201, 38.97301072463577], [-5.8092866156180625, 38.97289743806069], [-5.809842369469321, 38.97278792464267], [-5.809905561270308, 38.97351937897268]]], [[[-5.807823827126153, 38.97392653854292], [-5.808368507483892, 38.97361252147286], [-5.809122159557253, 38.97392248422836], [-5.809205536005009, 38.974577937343426], [-5.8090203288837206, 38.97458040094878], [-5.808399914327203, 38.97447548704206], [-5.808246704658623, 38.97451805536539], [-5.807823827126153, 38.97392653854292]]], [[[-5.318689417114934, 38.69453084011851], [-5.315391798528074, 38.69796010946521], [-5.314835044106175, 38.69844019989955], [-5.31433952532881, 38.69877284408304], [-5.305175948862554, 38.696420629753376], [-5.304338908020451, 38.696104198839116], [-5.304144756560118, 38.69607676101015], [-5.304789366016738, 38.6950688860974], [-5.30526849463856, 38.694135362258905], [-5.305462340939612, 38.69399593498863], [-5.305601400414702, 38.69382957085464], [-5.305805249361959, 38.693661383308914], [-5.30658064233968, 38.692746336791004], [-5.30917148415526, 38.68940443095802], [-5.309507419984191, 38.68911163359488], [-5.309848114072561, 38.68888821006835], [-5.314334750424328, 38.69108691997171], [-5.316775146053361, 38.69232461888493], [-5.319281910251136, 38.69353202591741], [-5.31895874785628, 38.69392758420961], [-5.3187449856974345, 38.694354038767344], [-5.318689417114934, 38.69453084011851]]], [[[-5.45387204687932, 38.69296844086254], [-5.453722886788788, 38.693939333145565], [-5.4536759505341035, 38.694046096059346], [-5.453489996437551, 38.69433705429295], [-5.4531752966875775, 38.694575127458855], [-5.452896285488623, 38.695140676384355], [-5.45265805223597, 38.69510990642821], [-5.4525505656033415, 38.69515729772168], [-5.452388031894206, 38.69527604099791], [-5.452254501929516, 38.69548994287357], [-5.452053971151632, 38.69601780756177], [-5.4521281236393735, 38.6961321204665], [-5.452548996261542, 38.69654189412187], [-5.452620292023492, 38.69668023325766], [-5.452615514305216, 38.69674565607329], [-5.452311965809206, 38.69708503124587], [-5.452291875197901, 38.69719357739961], [-5.452255772730644, 38.697200277034725], [-5.451176943439465, 38.69728948834127], [-5.450875149415017, 38.69727950502116], [-5.449127299473367, 38.69750363085251], [-5.4489512744216215, 38.69733495347736], [-5.448265146656969, 38.69710632886934], [-5.447062253757944, 38.696986185517105], [-5.446292505963683, 38.696884440128414], [-5.446135719983045, 38.69682798540095], [-5.445658685212953, 38.69652369949221], [-5.445198956749852, 38.69584612480544], [-5.444746313693039, 38.69583910133062], [-5.444421578552632, 38.69562099914553], [-5.444021246248124, 38.695475304712964], [-5.44472677613454, 38.695876451101306], [-5.44513471615802, 38.695873778092086], [-5.445241089212872, 38.69597255486687], [-5.4456077967565095, 38.6965349457005], [-5.446079022031002, 38.69685448573307], [-5.44662486438869, 38.69698164313598], [-5.448331024064338, 38.697150088977835], [-5.448932663974055, 38.69735561597468], [-5.449092069702225, 38.69750896422881], [-5.448851827681886, 38.69755075927385], [-5.448577646187533, 38.6975347854264], [-5.447538236010321, 38.69772495045961], [-5.443383114737627, 38.69824415960344], [-5.442240061657535, 38.69827155663819], [-5.440952370659149, 38.69842035519134], [-5.440317187335077, 38.698445242917984], [-5.4387419158337975, 38.698366747630494], [-5.438340893986431, 38.69826518831674], [-5.4372694549721725, 38.69828546081202], [-5.4362765034750575, 38.69839940895001], [-5.435364699396692, 38.69839056742587], [-5.434358919895395, 38.69822797842795], [-5.434102103862521, 38.69822891260952], [-5.43377865249059, 38.69828574009652], [-5.433695320229574, 38.69797095747079], [-5.433428099191141, 38.697668198383845], [-5.433248297160113, 38.69739722154252], [-5.433150666355366, 38.69656880370865], [-5.433592783584951, 38.69656365745341], [-5.434521679556339, 38.69669406282354], [-5.4353652371508, 38.6968912915042], [-5.435821208109324, 38.69687422515822], [-5.43649671100769, 38.69691637151781], [-5.436961620705757, 38.6968713634717], [-5.438054770455819, 38.69666837276642], [-5.439351311797453, 38.69589404023621], [-5.439880798230875, 38.69564188376782], [-5.440195089819836, 38.69553594143757], [-5.440675150324914, 38.69541969347421], [-5.442349399011376, 38.695303550870676], [-5.443268742946271, 38.69494043160286], [-5.444174931371193, 38.69483291982754], [-5.444453171007506, 38.694738987118335], [-5.445529641469768, 38.694284085334985], [-5.446047978145871, 38.694005825263936], [-5.447060055753371, 38.6937538969478], [-5.4474827934138474, 38.69353818400877], [-5.448595980970541, 38.69312978798413], [-5.448974343778356, 38.692937965931186], [-5.449304354832873, 38.69265345630427], [-5.449471534499903, 38.69255616286969], [-5.449704651863416, 38.69246442486685], [-5.450937864672542, 38.692114033781415], [-5.452682286925475, 38.691430177728215], [-5.452973929080509, 38.69126809377764], [-5.453653186797299, 38.691354306210265], [-5.4545120799672855, 38.69184578772632], [-5.454444996049713, 38.692150018494736], [-5.454280427043396, 38.692286286502174], [-5.454071908023354, 38.69257645809776], [-5.45387204687932, 38.69296844086254]]], [[[-5.286729532539115, 38.696701755271064], [-5.285066988241161, 38.6969583375977], [-5.284470777273381, 38.69602409202674], [-5.286560151969352, 38.69557456255404], [-5.286729532539115, 38.696701755271064]]], [[[-5.318988508169328, 38.69499172487836], [-5.319137792770741, 38.6945162723652], [-5.319245686781297, 38.694788311922196], [-5.319598893498106, 38.695066475566925], [-5.320251802475479, 38.6956745936212], [-5.32072006434502, 38.69603309315267], [-5.323016288875184, 38.6969461843302], [-5.3239042781175705, 38.697398597830095], [-5.325741423430018, 38.69807189554082], [-5.327311463745925, 38.69838863391774], [-5.32840788543393, 38.6985270962956], [-5.3295270886711235, 38.69885385756744], [-5.331074084492085, 38.69906558512477], [-5.331428090185722, 38.69922097747842], [-5.3319308989610255, 38.69951162049282], [-5.333211321496075, 38.69977062085222], [-5.333558226229462, 38.6997957756683], [-5.334502964742149, 38.70011290272553], [-5.3351317193977765, 38.700287492255654], [-5.3357386668254785, 38.70064001004869], [-5.336462480786355, 38.70112813852867], [-5.336869496690214, 38.701286508896544], [-5.337008528473717, 38.70128003921394], [-5.337336912952665, 38.70116346267829], [-5.337672927525886, 38.701104667991686], [-5.338074426880403, 38.70114304344908], [-5.339113969798855, 38.70106909152254], [-5.339706215800052, 38.7010613904011], [-5.3402085316212045, 38.701130807497066], [-5.338555176610543, 38.70464160442841], [-5.337409124750417, 38.70738592892609], [-5.33613621676272, 38.70698095636872], [-5.334952880327474, 38.70647272123586], [-5.332834049296427, 38.70550570231478], [-5.329930509923776, 38.704046648513135], [-5.32826600918384, 38.70333150678793], [-5.326371868296418, 38.70239115701692], [-5.3236796154286985, 38.70110036899727], [-5.3232272459905925, 38.70091465194496], [-5.32220844066832, 38.70060998291045], [-5.3195489736126715, 38.700119903100514], [-5.317089027041727, 38.69945840188239], [-5.317989567914809, 38.69865090472043], [-5.318544493005266, 38.69803631349516], [-5.3190339522778665, 38.6957261367397], [-5.318988508169328, 38.69499172487836]]], [[[-5.285917537559217, 38.697003885455], [-5.286265749133485, 38.69760535625054], [-5.286302097892278, 38.69821607584989], [-5.28545606007224, 38.698569231644846], [-5.284449625368756, 38.69717718194258], [-5.285917537559217, 38.697003885455]]], [[[-5.310935490575626, 38.69938698876821], [-5.305251556075108, 38.69865023515175], [-5.305146754417306, 38.698519401491204], [-5.305029152355244, 38.69825150446967], [-5.304968283732833, 38.69808520495081], [-5.304955042229425, 38.69794139271015], [-5.305025137655462, 38.69772890093059], [-5.305383672854017, 38.69718582063212], [-5.305424438357506, 38.69699075623774], [-5.305560549603571, 38.69672885189609], [-5.309236178967491, 38.69762321021796], [-5.314090806990625, 38.698907871675615], [-5.313209523490753, 38.69923661087366], [-5.3123128405393105, 38.69941256026601], [-5.3116556802148995, 38.69944294058601], [-5.310935490575626, 38.69938698876821]]], [[[-5.4503566706546955, 38.699197601952115], [-5.4500684222284965, 38.699456821958606], [-5.44998934099845, 38.699609041551255], [-5.449896839335024, 38.70004192483463], [-5.449838609652972, 38.699952685019504], [-5.449831200051655, 38.699769306495675], [-5.449959182639952, 38.69943289292783], [-5.450025101248232, 38.69940367010393], [-5.450025011294705, 38.69909084452147], [-5.4500781881206555, 38.69878943064922], [-5.450071167137658, 38.698425303197254], [-5.450024370359791, 38.69828041670915], [-5.449875833912275, 38.698078462696344], [-5.449419612767973, 38.69773455814389], [-5.4511549698696316, 38.697561776649955], [-5.451277803341606, 38.697579837772814], [-5.451487059754366, 38.697738525177606], [-5.451706187711766, 38.6977550119002], [-5.4521446248676915, 38.69759490487388], [-5.451680458293245, 38.698533565729036], [-5.45151693280513, 38.69867385355336], [-5.451350406305512, 38.69876366246978], [-5.450705273618551, 38.69901919680769], [-5.4503566706546955, 38.699197601952115]]], [[[-5.324036591178647, 38.701887699208875], [-5.323725058015523, 38.702198974068594], [-5.323503336159801, 38.702673799547085], [-5.323393410815057, 38.70282294101484], [-5.323201289967042, 38.70340989036707], [-5.322774262791243, 38.70327556217379], [-5.32227030868658, 38.70417208012666], [-5.319833198355801, 38.70340755914007], [-5.3213057642054125, 38.700881448217345], [-5.323050497052898, 38.7012977554573], [-5.324195160077788, 38.70165343917659], [-5.324036591178647, 38.701887699208875]]], [[[-5.260763508600533, 38.70677402866624], [-5.262182100537101, 38.70610777814782], [-5.262305803728796, 38.70641695867375], [-5.260930408709501, 38.707264562651645], [-5.260763508600533, 38.70677402866624]]], [[[-5.2610425397266996, 38.70773227873521], [-5.2607283683894055, 38.707465521048135], [-5.262339934932194, 38.706485586929276], [-5.262743998979138, 38.70760133552614], [-5.262071635617924, 38.70772552885953], [-5.261899622134651, 38.70779534934141], [-5.261568744372833, 38.70782337274005], [-5.261223737972556, 38.70780427907617], [-5.2610425397266996, 38.70773227873521]]], [[[-5.261428560467162, 38.708366967016154], [-5.259645016197395, 38.709226232892306], [-5.257191364613153, 38.71023644439721], [-5.258022380175507, 38.71206154892186], [-5.258867321805681, 38.71268360216295], [-5.259445705684543, 38.71291867635334], [-5.25987659440191, 38.71317353916136], [-5.2605746465169965, 38.713479817250956], [-5.2611094420680775, 38.71379087622553], [-5.262219281676944, 38.71425965940025], [-5.262593477705898, 38.71430260693105], [-5.2628174761119, 38.714363679892855], [-5.263423691118595, 38.71439727099159], [-5.264118551504038, 38.71436436236218], [-5.264678164104792, 38.714255046173385], [-5.265248335634286, 38.71432374541894], [-5.2660550019038785, 38.71432091023062], [-5.266534267546942, 38.71454075126072], [-5.2665992434578826, 38.71464626251737], [-5.26638932487831, 38.714506795937496], [-5.266043025938288, 38.71435682303805], [-5.265250768573971, 38.71436073039199], [-5.264790924111047, 38.71428962282119], [-5.2639577232222114, 38.71441387639794], [-5.2634178536540235, 38.714434416192105], [-5.262808730843909, 38.71439998034373], [-5.262582899074379, 38.71433912306675], [-5.262204861638956, 38.714294713615296], [-5.2617644467132925, 38.714117532177006], [-5.254947664470021, 38.71342852077619], [-5.255380558480211, 38.712448780349916], [-5.25470585689141, 38.713975776344896], [-5.254470064397875, 38.714589590434635], [-5.255196869304931, 38.71618785929137], [-5.256436635773364, 38.718619584179415], [-5.256424437145917, 38.71890084513726], [-5.2562909347333875, 38.71890531044574], [-5.25627564873641, 38.71938495124993], [-5.256391670667548, 38.719383972554354], [-5.256328302830981, 38.72041541971826], [-5.256257641831762, 38.72056779589309], [-5.256053799537728, 38.72056659101937], [-5.255841624920613, 38.72097713510488], [-5.2558384341229845, 38.72105486509892], [-5.256327330875072, 38.72132096457495], [-5.256146192922817, 38.72177118124195], [-5.255830642290071, 38.721710687239025], [-5.25582695795413, 38.72300533805595], [-5.2562841279905665, 38.72313248565109], [-5.2563023185747015, 38.72329773834681], [-5.255386158146134, 38.72305141017896], [-5.255408130596264, 38.722901596105395], [-5.255399527666222, 38.721709538843136], [-5.255467909327586, 38.72117373521807], [-5.255617237306097, 38.720959026392556], [-5.255900312305513, 38.720348983020614], [-5.256002615786334, 38.71867904734769], [-5.254790671395918, 38.71630183362742], [-5.249176260176449, 38.717048045695684], [-5.249304181528221, 38.717727566366236], [-5.249098171045068, 38.71762394873653], [-5.248825481223807, 38.71762018172009], [-5.246888304201459, 38.71791583079545], [-5.245734901323685, 38.718005289950895], [-5.2446251749343755, 38.71796883622918], [-5.243962564901263, 38.71780603214182], [-5.244145557988577, 38.71854181127366], [-5.244210238066325, 38.71889260058637], [-5.244217603622073, 38.71913167739529], [-5.244288434946264, 38.719281869923314], [-5.2443063677285515, 38.71961256295292], [-5.244443274457088, 38.7204228313213], [-5.24453594335891, 38.72150263533788], [-5.241926723652105, 38.72090764915576], [-5.241147656215369, 38.72083553991305], [-5.239210244350722, 38.7202798707153], [-5.238961714157758, 38.72018840282788], [-5.238822195176739, 38.720073937671614], [-5.238426805214409, 38.71952566766297], [-5.238681977069833, 38.71944311559374], [-5.239435875737697, 38.71908891137569], [-5.240985269973403, 38.71850501031112], [-5.241908348956881, 38.7181036658948], [-5.24228020877814, 38.71800904622873], [-5.242582551147982, 38.717831698053864], [-5.2450898575899, 38.716849145887274], [-5.2453176636611065, 38.717388444709236], [-5.246231474011187, 38.717202855862695], [-5.245904882453421, 38.71648029174365], [-5.247189637664802, 38.71578597318073], [-5.248311638970683, 38.71509927705995], [-5.248773860133206, 38.71486846970863], [-5.250221991409535, 38.714027895755564], [-5.251052753311568, 38.713455080005104], [-5.255113978033976, 38.710966433008025], [-5.255268075426226, 38.710863986051244], [-5.255338194554579, 38.71073847590645], [-5.255673402375828, 38.710536758555], [-5.256072742845214, 38.71030470357689], [-5.259425979135847, 38.708935025587664], [-5.261193622653026, 38.70808219319296], [-5.261428560467162, 38.708366967016154]]], [[[-5.258839910482547, 38.708531512738574], [-5.255325267148333, 38.710685744995565], [-5.255176761556539, 38.71072095311004], [-5.254861175568145, 38.7108921060694], [-5.253761824894602, 38.71155995632687], [-5.253509448219234, 38.711257572811164], [-5.253351207982759, 38.711363696958344], [-5.25310385980699, 38.71160236797816], [-5.252918237850048, 38.71162026826475], [-5.251864256231525, 38.711572454885825], [-5.251591613934475, 38.711664922884665], [-5.251392354711838, 38.71180895700377], [-5.251172058984624, 38.71203043384271], [-5.251032644458182, 38.71255381841134], [-5.250723537621361, 38.71301270473655], [-5.250674653085637, 38.71306374330087], [-5.250336046075614, 38.71312125748565], [-5.2498571663366835, 38.71355376670981], [-5.24995687874259, 38.71391712350805], [-5.2482621884083684, 38.714992916048956], [-5.247743785099587, 38.71530283096608], [-5.247696416392931, 38.71489567122845], [-5.247563305442224, 38.71489039236065], [-5.246920841305936, 38.71498085656386], [-5.245331442829566, 38.715458102390194], [-5.245211571984444, 38.715508430183014], [-5.244232161800624, 38.71618470442754], [-5.2433053894542425, 38.716683719137144], [-5.243114807325161, 38.716852621356054], [-5.242884878239768, 38.71699903191656], [-5.242364149818022, 38.717250310965944], [-5.242051757809149, 38.71746299146034], [-5.241827915167721, 38.717528105094516], [-5.241619962211504, 38.71754965967188], [-5.24128160150365, 38.717494514638254], [-5.240941305653202, 38.71732182607549], [-5.240414951451191, 38.71695879784083], [-5.240082013988042, 38.71688201074122], [-5.239823824362005, 38.71689299188278], [-5.239540820934273, 38.71699382998144], [-5.239403928221993, 38.7171622334509], [-5.2392027650448325, 38.717578484184955], [-5.239022299760869, 38.71805731538084], [-5.238803604054378, 38.71811061127948], [-5.239267738718627, 38.717136010195944], [-5.239468604737271, 38.71689465912944], [-5.239600374262183, 38.7168124830582], [-5.2398281567486835, 38.716755502042886], [-5.240421146693539, 38.71687362201474], [-5.241436706629543, 38.71744513689551], [-5.242052793070173, 38.71742233974778], [-5.242151336099967, 38.71737756021227], [-5.242262758281632, 38.71724810717442], [-5.243044115720552, 38.716864880641346], [-5.2434106646550065, 38.71658213467601], [-5.244335553042165, 38.71605972860496], [-5.245154259763536, 38.71543735893271], [-5.246826523416049, 38.71489229236672], [-5.247292708625949, 38.71484297166567], [-5.247820521694917, 38.714852111775684], [-5.248137056323186, 38.7147761934238], [-5.248341774888195, 38.714648098021904], [-5.248358591802895, 38.71463425907516], [-5.247506382632548, 38.71203723428105], [-5.2466571467894765, 38.71233268789023], [-5.24597835075382, 38.712624950075735], [-5.244167869442391, 38.713481706535966], [-5.240783878151667, 38.714556638282566], [-5.240100153709065, 38.714803008714554], [-5.239975490254761, 38.714718354353046], [-5.239888595581693, 38.71471623551285], [-5.238892256178987, 38.71503932091423], [-5.2389015083113755, 38.715125728005205], [-5.238396478948192, 38.71528695071586], [-5.237750429046942, 38.71534040099408], [-5.237767849834037, 38.71523672393086], [-5.233950769454269, 38.71574524164562], [-5.233791549506084, 38.715791815638006], [-5.23378521754809, 38.71571753688636], [-5.233332174047361, 38.71582026299833], [-5.232775887503214, 38.71600020487859], [-5.231693011210405, 38.71642104496099], [-5.231613186404923, 38.71630271886881], [-5.233056505899546, 38.715746641148954], [-5.233571001996196, 38.71561193543336], [-5.234792569283139, 38.71544434986452], [-5.235632569178986, 38.715277820921315], [-5.236757861481613, 38.71517647563359], [-5.237264471046047, 38.715087947258844], [-5.238126378927559, 38.71499360847819], [-5.239071397506063, 38.714761620229446], [-5.239734894702571, 38.71446401000367], [-5.239878618831758, 38.71447774427589], [-5.241033649354357, 38.7141325148139], [-5.243933619046552, 38.713191383642084], [-5.2439616422606035, 38.71324166356081], [-5.244404533849576, 38.71309134597272], [-5.245159392657831, 38.71273059513002], [-5.245320457551806, 38.71269200478142], [-5.246417624989513, 38.71209842517483], [-5.247182427416526, 38.711776574893534], [-5.247974279603969, 38.71159539041876], [-5.247954425650285, 38.71154531475144], [-5.248174510021543, 38.7114929708651], [-5.2482088796441175, 38.71157322199496], [-5.248911326841904, 38.71140158549921], [-5.248882108614014, 38.71132060473522], [-5.249130304418278, 38.71125546413677], [-5.2491589712584625, 38.71135186302163], [-5.249583896647862, 38.71125277529822], [-5.249614317010067, 38.711192361503244], [-5.2500996206062025, 38.71103111461538], [-5.250546933206511, 38.71093808429198], [-5.250563193288954, 38.710968856620596], [-5.251195350138915, 38.71082973560717], [-5.251170440562181, 38.71072488531327], [-5.2515448952054085, 38.7106300964847], [-5.25156208238914, 38.710723562320716], [-5.251929044480951, 38.71064288253871], [-5.25199594694076, 38.71060907080521], [-5.252018286148001, 38.710558723422736], [-5.252575502933212, 38.710556553542126], [-5.2531713057828835, 38.71048678086854], [-5.254488753864383, 38.71043264454966], [-5.254815652763648, 38.71013117052998], [-5.255334494179142, 38.709910688231965], [-5.255490902872576, 38.7098123411144], [-5.255589643325979, 38.70955112438767], [-5.255699056813095, 38.709406474683405], [-5.25578961841447, 38.70934967397425], [-5.256186494435012, 38.70922596965773], [-5.256716455631911, 38.70914384007602], [-5.256978249193607, 38.70903967620031], [-5.257473817392855, 38.70892424317994], [-5.2576340623125555, 38.70884564622656], [-5.257963367176753, 38.70876378290406], [-5.258307970729017, 38.70863476964842], [-5.258839910482547, 38.708531512738574]], [[-5.25686329340055, 38.70943960492368], [-5.2569276119620625, 38.709521171732014], [-5.257097861693053, 38.70943886378307], [-5.257033540329884, 38.70935721152544], [-5.25686329340055, 38.70943960492368]], [[-5.249240689790562, 38.71158130929137], [-5.2498432700536135, 38.713503036087566], [-5.250291834319867, 38.71310129957245], [-5.250670249485572, 38.713018686641526], [-5.250832089967917, 38.712711662260176], [-5.250996131233569, 38.71253731208079], [-5.251107715512888, 38.71205789313815], [-5.2513035503164955, 38.71181183906728], [-5.251541228462182, 38.71162778014793], [-5.251908577488803, 38.71150798835175], [-5.252526014119828, 38.711570428731605], [-5.253073778203653, 38.7115489763931], [-5.25388537009173, 38.71079567426015], [-5.25315252242754, 38.71081529261283], [-5.252604768501562, 38.710895492045275], [-5.251994852438475, 38.71089660522678], [-5.251546970681006, 38.71097857391033], [-5.249240689790562, 38.71158130929137]]], [[[-5.529688157482904, 38.730574653299776], [-5.527799055382523, 38.73030153797631], [-5.527717480901116, 38.72912932349915], [-5.527701173443698, 38.72841546965883], [-5.527808301404211, 38.72764993165114], [-5.52820949751713, 38.72771549223651], [-5.5293927796771385, 38.72801802504278], [-5.529811805942984, 38.72818149155249], [-5.530484110518999, 38.72852417319387], [-5.5310420622372884, 38.72874553733032], [-5.531573346304761, 38.73048719281349], [-5.532619643370426, 38.73026222528179], [-5.536291109745187, 38.72925904898804], [-5.536317682278977, 38.72930843306327], [-5.5355313586241115, 38.72951158990675], [-5.536095977314309, 38.73087760212079], [-5.5366373738537, 38.73230120159772], [-5.536245690116024, 38.73274956072718], [-5.536090870779685, 38.73268787046629], [-5.535993918678417, 38.73280863450994], [-5.535323378100153, 38.7325274800463], [-5.535098247406208, 38.73238361280954], [-5.534389192833259, 38.73210590590995], [-5.533706118791297, 38.730319877791445], [-5.5339322409869185, 38.73025990254679], [-5.533625927327242, 38.73034114699222], [-5.532754198362621, 38.73058321239504], [-5.531992307194349, 38.73076325488043], [-5.531471960432681, 38.730849023823325], [-5.53114610239796, 38.730942527823295], [-5.529688157482904, 38.730574653299776]]], [[[-5.536273082567569, 38.73129554419124], [-5.536084642348592, 38.73082516493352], [-5.536767903004454, 38.73060202962772], [-5.536969066755218, 38.73097923463868], [-5.536273082567569, 38.73129554419124]]], [[[-5.531089530100896, 38.73223481112888], [-5.531253641627578, 38.73296059807757], [-5.532697911759439, 38.732755331730154], [-5.533083614464923, 38.73266146648313], [-5.533664601215193, 38.73246254956819], [-5.533508379700327, 38.73205193510187], [-5.5352125475703815, 38.732698188829694], [-5.53591045578543, 38.73292702891915], [-5.535553492226011, 38.733296877266675], [-5.535405381654196, 38.733506326698596], [-5.5344554911497434, 38.73335683085977], [-5.534393425038436, 38.73480622932071], [-5.5336086599051, 38.73572332412564], [-5.53308184537072, 38.73469519691549], [-5.532955034230159, 38.73356063874866], [-5.532063752211268, 38.73368311671452], [-5.532348652817633, 38.73501768715403], [-5.533285364015107, 38.736076398061265], [-5.533203380272667, 38.73617503146938], [-5.533106708511193, 38.7361184735035], [-5.532204292260984, 38.73531426658959], [-5.53200255598918, 38.73510006014973], [-5.531676769139672, 38.73386142411716], [-5.531620383431003, 38.73375335655872], [-5.5310156644910995, 38.73381799032902], [-5.530646058108553, 38.733009078709124], [-5.5301828762014456, 38.731803957042416], [-5.529911487694556, 38.73121458802398], [-5.530738158264561, 38.73104816446873], [-5.532875452041938, 38.73182887957764], [-5.531711611887638, 38.73207267476517], [-5.531089530100896, 38.73223481112888]]], [[[-5.54341044339245, 38.73537454883145], [-5.543327606990705, 38.735554088923166], [-5.543004928083449, 38.73541740634738], [-5.5430287910710625, 38.735352876641834], [-5.54341044339245, 38.73537454883145]]], [[[-5.543456115641129, 38.73559434877831], [-5.5435197400389855, 38.73539704099198], [-5.545906533088473, 38.73541614102332], [-5.55032443088017, 38.73538618698762], [-5.550342652354222, 38.7355458935722], [-5.544721549554455, 38.735515567839286], [-5.544516085128785, 38.73589669263014], [-5.543456115641129, 38.73559434877831]], [[-5.544351752936211, 38.73550353003721], [-5.544661934097967, 38.73551362730111], [-5.544721549554455, 38.735515567839286], [-5.544351752936211, 38.73550353003721]]], [[[-5.542186584741566, 38.735926156864835], [-5.538995517799325, 38.7361279764514], [-5.538843643959283, 38.73596802335392], [-5.538762758485936, 38.73579201713627], [-5.540450937482899, 38.73579154419317], [-5.5415284695214195, 38.73574388104905], [-5.542601222348469, 38.7356490960001], [-5.542989285134073, 38.735897434293584], [-5.543143248969003, 38.73585344412023], [-5.543285280168553, 38.735898014267484], [-5.543306214396324, 38.735820164176836], [-5.543952855993095, 38.73600313472881], [-5.545162083971983, 38.73647666690196], [-5.545777619016967, 38.73673589271225], [-5.546266363530145, 38.73700715877332], [-5.545155577653393, 38.737025682239036], [-5.544340091600676, 38.7369507295072], [-5.54433286226711, 38.736776096463146], [-5.544389886317533, 38.736551591247704], [-5.543554171090044, 38.73680106664452], [-5.543802898758377, 38.737236321454276], [-5.543860079064694, 38.73747960289581], [-5.543802957943291, 38.7377210439204], [-5.543559222952427, 38.73838622533276], [-5.543535466417617, 38.73861144741862], [-5.543590005528641, 38.738793429589755], [-5.544674485964635, 38.73876206905215], [-5.545940627565607, 38.73880585042779], [-5.546473079721714, 38.73887254108813], [-5.54725724303279, 38.73902681720521], [-5.54921258401074, 38.739455925227574], [-5.549653832751589, 38.73994012364575], [-5.549941588173024, 38.740332797424145], [-5.550191710041245, 38.7407281840062], [-5.544416596080703, 38.740062477594165], [-5.544893475836363, 38.7405012296215], [-5.545674074244513, 38.741134550924365], [-5.547009861378827, 38.74166729203577], [-5.547701693726735, 38.74213603780823], [-5.548536278599612, 38.74255246269226], [-5.549392691315719, 38.743281230001536], [-5.549768355159725, 38.74384542413118], [-5.550193601302883, 38.74401147265211], [-5.550381798876499, 38.74431504232216], [-5.550617660150778, 38.74416366592003], [-5.5510066428226805, 38.74399272578162], [-5.551131462541921, 38.74383764885853], [-5.551196179850507, 38.743813530867044], [-5.5512151534380605, 38.74436270977584], [-5.551185906757909, 38.744895286997945], [-5.550893181857776, 38.748355652429154], [-5.550195086755114, 38.74814978934788], [-5.54969829158746, 38.74792971243766], [-5.548933695818422, 38.74750680551621], [-5.549552467506298, 38.7467517871927], [-5.550748510180198, 38.74603057197144], [-5.549334044053002, 38.74559266807914], [-5.549144299444749, 38.74545780994351], [-5.550342075500969, 38.744346452894305], [-5.550223249335733, 38.74413011520544], [-5.550114520301429, 38.7440102257058], [-5.549885709982515, 38.7439523317728], [-5.549730958602351, 38.743874170729775], [-5.549350288024704, 38.74330522044525], [-5.548501360259186, 38.74258295679759], [-5.547671476454388, 38.74216949248196], [-5.546980937245625, 38.741701529224], [-5.54564327203496, 38.741167747535265], [-5.544782638549819, 38.740467334464746], [-5.544316270464445, 38.74002312734879], [-5.543925825325686, 38.73952374674631], [-5.543667120123332, 38.73908654732593], [-5.543495430876309, 38.738679442198936], [-5.5434811260213905, 38.738548660782435], [-5.543517080338352, 38.738336507671264], [-5.543752223767246, 38.73771106651226], [-5.543807148270458, 38.737446788398955], [-5.543738441390183, 38.73721889439588], [-5.543379288292817, 38.73658287201221], [-5.541699624963969, 38.73675925425053], [-5.541082831577825, 38.73736965329172], [-5.540668040202191, 38.73769473458757], [-5.540080167003239, 38.7380894395295], [-5.5395971525989465, 38.73828166390116], [-5.539466942173218, 38.73836639363812], [-5.539384997958011, 38.73852440517303], [-5.539366744628313, 38.73868129807222], [-5.539514510304925, 38.73919615100276], [-5.539555874937647, 38.74017218240635], [-5.539525418923819, 38.74040998747118], [-5.539425685074605, 38.740630909379185], [-5.539982580273265, 38.740549607479934], [-5.540461059387451, 38.740537496233266], [-5.540458309504236, 38.74056701363864], [-5.539986727478637, 38.740578979427404], [-5.53940763021619, 38.740663556995244], [-5.539300370808027, 38.740847436319505], [-5.5392829540933946, 38.740790962909706], [-5.539480622906564, 38.740402217191296], [-5.539509954574539, 38.74017147324768], [-5.539468871888107, 38.739200296491234], [-5.539320771514746, 38.73868248203704], [-5.539340088354262, 38.738516641796515], [-5.539393032570128, 38.73839403856781], [-5.539537408593144, 38.73826755579688], [-5.540116846460451, 38.73802404160064], [-5.540563808040312, 38.73772042682009], [-5.541048283892135, 38.737345897996995], [-5.541882679102263, 38.73655588425623], [-5.542287866626055, 38.73628452606983], [-5.542685670447115, 38.73607441379821], [-5.542501620259183, 38.73599652003862], [-5.542186584741566, 38.735926156864835]]], [[[-5.55117601489614, 38.75890727585175], [-5.550918652069025, 38.75809427223892], [-5.550744871797617, 38.757705691118126], [-5.550211053510211, 38.75715522628203], [-5.550145442115509, 38.75703178307499], [-5.550110908090495, 38.75643663429403], [-5.550174039615788, 38.75602819391873], [-5.550103447988218, 38.755622497172745], [-5.550079277556391, 38.75526020070552], [-5.550035578261974, 38.75511870993913], [-5.54929850901262, 38.754168502586225], [-5.548982249290402, 38.753674824658724], [-5.54861188970623, 38.75334873248649], [-5.548164942285794, 38.75277437811815], [-5.547639045845858, 38.75235797358436], [-5.547356524011985, 38.75203608817098], [-5.546818401754075, 38.75099367537198], [-5.546581066712923, 38.75041790220459], [-5.546344573975718, 38.75019294719014], [-5.545888095543777, 38.74990953740253], [-5.545793423300947, 38.74990682093104], [-5.545498636628728, 38.750032534598766], [-5.545137146115394, 38.74939467859471], [-5.543802269098382, 38.74667118200553], [-5.542060255576546, 38.74463243054479], [-5.540795744927846, 38.74321603103509], [-5.540882100505855, 38.7430720680498], [-5.544034732905377, 38.744916518634945], [-5.545347956929068, 38.74563500176904], [-5.547239937271831, 38.74657466489457], [-5.5493763461357934, 38.747763849805104], [-5.549698291907876, 38.74792972144047], [-5.550195087075595, 38.748149798350674], [-5.550893182178348, 38.748355661431944], [-5.550524495047983, 38.75288254599991], [-5.55044318435566, 38.753591405067475], [-5.550400259748087, 38.75426365708589], [-5.550413800199712, 38.75506090334264], [-5.550496154792065, 38.755531934328], [-5.550727397098816, 38.75630659194282], [-5.551068018381657, 38.757083090332024], [-5.551323663112377, 38.75755079082495], [-5.5516055659677, 38.75798349973799], [-5.55117601489614, 38.75890727585175]]], [[[-4.954932955484414, 38.68345654655279], [-4.954803571288782, 38.6837588515373], [-4.954763596084047, 38.684004971077], [-4.954565174372155, 38.68430086113661], [-4.954568776523911, 38.68442055294415], [-4.954660060530895, 38.68471664521612], [-4.954517432160119, 38.68508558005427], [-4.954483898340261, 38.68512488663693], [-4.9542863316893975, 38.685156397396234], [-4.954195282844013, 38.68521558327402], [-4.953856632867704, 38.685613834697484], [-4.953788872346943, 38.685738864092464], [-4.953784549558723, 38.686002764716044], [-4.953670802231387, 38.686216506873464], [-4.953877919452721, 38.686903975768786], [-4.95401036381798, 38.68708585038706], [-4.954619322008156, 38.687470243692864], [-4.954722174472108, 38.6878194900625], [-4.9550630754951275, 38.68834009436777], [-4.955373115525953, 38.6886771346023], [-4.95573677384558, 38.68885946017064], [-4.956257107389455, 38.68887616421862], [-4.956438904802273, 38.68891114695542], [-4.956747480564263, 38.68907619409099], [-4.956908665613891, 38.689261814698874], [-4.956994552915762, 38.68931687389944], [-4.957496643782115, 38.68945290881578], [-4.957725786366849, 38.68955891183019], [-4.957910278126544, 38.689717924135806], [-4.9579886728846025, 38.68988627314994], [-4.958077888300151, 38.6901815904977], [-4.958034341040386, 38.690439750368135], [-4.958115339312992, 38.69065293783023], [-4.958235665531345, 38.69072706249183], [-4.958689043056289, 38.69082597319552], [-4.9588496932811, 38.69089914675239], [-4.959408313405602, 38.6913787941362], [-4.959429960269435, 38.69188176290557], [-4.959635313193833, 38.69213917511535], [-4.959923469395985, 38.692688405896384], [-4.960238630439127, 38.69303038370424], [-4.960338054552265, 38.6931851416652], [-4.960377325684443, 38.693840635421964], [-4.960563307383508, 38.6941969473829], [-4.960558935345061, 38.694243155321054], [-4.960396439811769, 38.694460874998114], [-4.960344073209116, 38.694602134855664], [-4.960579287947167, 38.69541013670511], [-4.96057513250239, 38.69562006027588], [-4.9604526886080045, 38.695894051163684], [-4.96046558682249, 38.6960927002096], [-4.9605375750226735, 38.69637541439241], [-4.9605298101144895, 38.69649106132836], [-4.960043203650523, 38.69742577893965], [-4.959990918492793, 38.69775563040313], [-4.959924664174147, 38.69792739871285], [-4.959662931669676, 38.698090464522636], [-4.958472140760902, 38.69861591040853], [-4.957830050266393, 38.69919685659803], [-4.956894270780566, 38.70025018044334], [-4.956415238379546, 38.700575009277564], [-4.956197973764789, 38.70079661332342], [-4.955544234877623, 38.70205317227559], [-4.955374436880089, 38.70248140162507], [-4.955084350652678, 38.70342821485838], [-4.954641602425062, 38.70409015370206], [-4.953785648865379, 38.705266460599226], [-4.953187865955555, 38.70596648275463], [-4.953092822700451, 38.70612917695638], [-4.953043453818538, 38.70631399951114], [-4.945290857811927, 38.70397545814731], [-4.945670588285822, 38.70434992449164], [-4.946189512295588, 38.7045777211629], [-4.952813471673345, 38.706652223027085], [-4.951811876771863, 38.70842087646203], [-4.951248588882804, 38.70958354162156], [-4.950696330732506, 38.71060220988837], [-4.950141025308822, 38.70992207977489], [-4.9495249830916555, 38.70943587359333], [-4.949303363863974, 38.709312429356224], [-4.948835310550093, 38.70912587872692], [-4.948335402460571, 38.70898139181617], [-4.947465660621398, 38.70879467795867], [-4.947035105168448, 38.70872256142036], [-4.9464446056609335, 38.70868932521939], [-4.945215378363501, 38.70871473978165], [-4.944417975244188, 38.70866358114039], [-4.943875170624564, 38.70872703842631], [-4.942148986746991, 38.70871230150777], [-4.941062879413237, 38.70864203832117], [-4.9406629257302, 38.70857010187069], [-4.939161517958958, 38.70841300894895], [-4.939105842204616, 38.708391135599456], [-4.939055153009743, 38.70818779465976], [-4.938960811125597, 38.708028523664424], [-4.938852396953575, 38.707935980272474], [-4.938716851654039, 38.707907592243664], [-4.938533807900305, 38.707921621123404], [-4.938129061370317, 38.708055203289184], [-4.9379635054658255, 38.70817174859516], [-4.937830166293743, 38.70835282113533], [-4.937724243994358, 38.708412150840076], [-4.937564708047137, 38.70844930636357], [-4.937407246185766, 38.70844381130809], [-4.936186060247683, 38.70816182808417], [-4.935296843273816, 38.70790389560371], [-4.934399170407651, 38.70769465927478], [-4.932526916882635, 38.70718688445388], [-4.930983717724635, 38.70652587314829], [-4.9304361250437125, 38.70638128130915], [-4.930103825137624, 38.706232870798914], [-4.928557468630694, 38.70517910314152], [-4.927856909738434, 38.704548656795744], [-4.927092525094099, 38.70405053961678], [-4.925405442994385, 38.703234043386225], [-4.923692627376044, 38.702511837299674], [-4.923195696493399, 38.702204734317554], [-4.922557479947763, 38.701705411961484], [-4.921711120688636, 38.70089575983361], [-4.92064915055797, 38.69999448654001], [-4.920370882268021, 38.69985236400818], [-4.919796332967948, 38.699686006973735], [-4.91923626851402, 38.699398575675154], [-4.919424998427709, 38.69908181414756], [-4.919440136325744, 38.69887819840356], [-4.919382290440099, 38.69865811553778], [-4.919179570038366, 38.69827497911482], [-4.919178497648769, 38.69782626787667], [-4.9190223346358595, 38.69742110145284], [-4.919001026098318, 38.69726917024142], [-4.919103496567207, 38.6968998555215], [-4.919317581198278, 38.696383365414746], [-4.919940885656509, 38.69650811038198], [-4.920741126811355, 38.696718245360636], [-4.929848386856547, 38.699493190016256], [-4.939620731964377, 38.702356856275856], [-4.945266177240673, 38.70407886085013], [-4.9451591354838484, 38.703943679963224], [-4.943725376051117, 38.70350005641366], [-4.939573356117917, 38.70224600005681], [-4.933696276796617, 38.70052863042816], [-4.933077660976628, 38.70030260631048], [-4.931102096047143, 38.699699735243776], [-4.931210860728772, 38.69942554963725], [-4.936808118224427, 38.701163181117515], [-4.94377831050088, 38.703059459796094], [-4.945025718838465, 38.69990104888781], [-4.945213073018702, 38.69927016193057], [-4.945350774541548, 38.69922588514455], [-4.945349587006873, 38.69851145274267], [-4.9446679719848525, 38.69841385943979], [-4.943621560240549, 38.69815625681756], [-4.942844097321615, 38.69812394744544], [-4.942251227090932, 38.69805504174407], [-4.941740383050205, 38.697936482273924], [-4.941451771113092, 38.697834229071354], [-4.941038589265253, 38.69740668998902], [-4.940841451019243, 38.69727264040515], [-4.9380267586076725, 38.696140209106986], [-4.937067752873495, 38.69581739693262], [-4.93531602437444, 38.695141869197435], [-4.93487284782065, 38.69495205132889], [-4.934485026755113, 38.694712842683], [-4.934141689144307, 38.69456696390555], [-4.93321604725843, 38.69326114010289], [-4.9328686710599685, 38.692879248392806], [-4.932544426613082, 38.69264348720582], [-4.930809457174434, 38.6918769656873], [-4.930001399991353, 38.69144329252448], [-4.928702675609794, 38.69081802806072], [-4.9264322631757445, 38.68987546792209], [-4.925630976226456, 38.68955995853762], [-4.924911023476557, 38.689468912903884], [-4.924135321987048, 38.68929669727875], [-4.92392494536399, 38.68883385959861], [-4.924129840985179, 38.68834102977651], [-4.924142400660377, 38.68799860050848], [-4.9240536945975855, 38.687760105055695], [-4.923757614203633, 38.68732057345281], [-4.923477406534455, 38.68664488372972], [-4.923070836303093, 38.68591251746931], [-4.922955069105381, 38.68550443835768], [-4.922880852487375, 38.684780390472405], [-4.92271474696663, 38.684523257629415], [-4.92197146139499, 38.68397474657473], [-4.921775815850352, 38.683786124424124], [-4.92154623902331, 38.68337333660678], [-4.921464798455914, 38.683027496315916], [-4.9222655046039305, 38.68232817580995], [-4.922770743411462, 38.6820618903968], [-4.9230740295911115, 38.68194724148381], [-4.933648358011583, 38.68142494031559], [-4.936162283065889, 38.68131278498819], [-4.93707049831943, 38.68130702609593], [-4.941048104322772, 38.68155138332128], [-4.945192736658015, 38.68186698397536], [-4.95503394212891, 38.68329798624989], [-4.954932955484414, 38.68345654655279]]], [[[-4.926504813201322, 38.69832055293811], [-4.9204389851112245, 38.696504163563375], [-4.919361428802608, 38.696277130050355], [-4.919563074889616, 38.695884921216496], [-4.919742065175757, 38.69562977660132], [-4.920042087895229, 38.69537768984987], [-4.9225488932320705, 38.69593840021756], [-4.9227784719868, 38.69599309927173], [-4.923401421036701, 38.696220368943884], [-4.926756684411564, 38.69770557530444], [-4.926725455956688, 38.69775465770474], [-4.926803300618084, 38.69785303298003], [-4.92680693762851, 38.69804444592451], [-4.926645395784563, 38.698147397607784], [-4.926504813201322, 38.69832055293811]]], [[[-4.893206802136245, 38.70308338668192], [-4.893176056664176, 38.70326509046593], [-4.893193928045859, 38.70333229141141], [-4.893296715381886, 38.70345812849628], [-4.893971322906705, 38.70371373750884], [-4.8947434342306195, 38.70386837379859], [-4.895290646991354, 38.70392834910339], [-4.8957692085187166, 38.70393581239562], [-4.896367145324438, 38.703895661765706], [-4.897357055656697, 38.70370669129291], [-4.898156824756009, 38.70341545580951], [-4.898630712095163, 38.70317222380255], [-4.899001980794211, 38.702931918536834], [-4.899341816320253, 38.70267256957272], [-4.899652750953425, 38.70237710575656], [-4.8997276653830575, 38.702409408195415], [-4.899453254055749, 38.702673011512154], [-4.899063454228747, 38.702977955841625], [-4.898278768814365, 38.703434835498655], [-4.897514797864717, 38.70373196942326], [-4.897026918227482, 38.70385919015116], [-4.8964404907267385, 38.70395583490875], [-4.895718829734824, 38.70400502085943], [-4.894688054025583, 38.703939825471274], [-4.8935981523255885, 38.70369968931117], [-4.892312173569003, 38.70333656696515], [-4.891857354948801, 38.70323939981665], [-4.891233479919424, 38.70315893282276], [-4.89034061356795, 38.70314706381916], [-4.88815713242647, 38.70331155841902], [-4.885912581713563, 38.70355512068724], [-4.883117262006085, 38.70403313395219], [-4.878744385605919, 38.70472017090501], [-4.8781433820996485, 38.7048811193535], [-4.877771118527293, 38.70504253089933], [-4.877595174044644, 38.70515672999325], [-4.877265709671732, 38.70546874292692], [-4.877114156188384, 38.70573735423206], [-4.87709923913413, 38.70587049779611], [-4.877157601100917, 38.706158530734086], [-4.877428388626336, 38.70669392555458], [-4.87722476669835, 38.707055909101584], [-4.877048013219944, 38.707557307602], [-4.876961646722216, 38.708014719244865], [-4.876944691163764, 38.708390919759246], [-4.877026578419767, 38.70934131052878], [-4.877246323087207, 38.71043546114808], [-4.8773891247501995, 38.71134432465864], [-4.87783458009766, 38.714660572068695], [-4.877342401020347, 38.71467162753049], [-4.876709449615686, 38.7147926240623], [-4.875564758477652, 38.71476611984145], [-4.874074954956203, 38.71489940214162], [-4.872031362316061, 38.71479401132228], [-4.871038369030597, 38.714379107423284], [-4.869832839853153, 38.713782874860804], [-4.869744239113098, 38.71370175376669], [-4.869477877053575, 38.713273318303656], [-4.8693524759511515, 38.713178999036934], [-4.8673363655654285, 38.712262397921535], [-4.866426667857096, 38.71194821517343], [-4.865767589700779, 38.71175842832185], [-4.864998271964953, 38.71160607927723], [-4.863553541336513, 38.71114370789353], [-4.862706787485823, 38.71098924420165], [-4.862004923290953, 38.71094483050588], [-4.86138057099458, 38.71084736190948], [-4.859939946979959, 38.71037335075721], [-4.858555116532177, 38.710334641016885], [-4.858089972813961, 38.71027823526514], [-4.85552547877274, 38.70951989812977], [-4.854127063740299, 38.70923490683388], [-4.853852264180126, 38.70913465039763], [-4.853187918726739, 38.708800977983266], [-4.852142104476392, 38.708551285411474], [-4.85203663242696, 38.70826524262598], [-4.851997015313693, 38.708022399246914], [-4.851645652198304, 38.70731179837006], [-4.851605312967678, 38.707094376628596], [-4.851821236706359, 38.70666484111431], [-4.851851173641167, 38.70643432176523], [-4.85206388751019, 38.70602312851505], [-4.852137692759548, 38.70570586561628], [-4.852070467659241, 38.70533316376991], [-4.852142210883999, 38.70514100309025], [-4.8527680525434445, 38.704772911319914], [-4.852992987730942, 38.70459940715264], [-4.853145187380802, 38.70441029111914], [-4.853691065482267, 38.70336396394272], [-4.85387153458901, 38.7031384546844], [-4.854310058405881, 38.7027403458849], [-4.854445544804555, 38.702558882125984], [-4.854540231543992, 38.70238275110329], [-4.854645286755168, 38.70205607012401], [-4.854659104618109, 38.70175840510772], [-4.854594523600258, 38.7013771068871], [-4.8545977055342435, 38.70122432370082], [-4.854860876898736, 38.70074222541938], [-4.8549797710584865, 38.70022123230298], [-4.85510284941162, 38.699911380828745], [-4.855857123597223, 38.69856213662701], [-4.856907861958553, 38.697090763722606], [-4.85706560945458, 38.69671260286884], [-4.8759132145785316, 38.70541845549186], [-4.876696446792775, 38.70579262470775], [-4.876885963583591, 38.705938078990684], [-4.876854153421451, 38.70566250043952], [-4.876888815459793, 38.705567605865284], [-4.877193181242881, 38.70519282719556], [-4.877486446893184, 38.70493014402504], [-4.8778630868622965, 38.70472063579051], [-4.8780709577464565, 38.704653229781925], [-4.878788159890373, 38.70451222916731], [-4.884592023054592, 38.70352433196622], [-4.88670922912641, 38.70325689957344], [-4.890182357487392, 38.702988601082176], [-4.891215018742174, 38.703086514874286], [-4.893361437315812, 38.70296482838122], [-4.893206802136245, 38.70308338668192]]], [[[-4.905738931579667, 38.70492151009858], [-4.906072248305374, 38.70531380837128], [-4.906178414822115, 38.70552283774842], [-4.906237792254336, 38.70575380523421], [-4.906255793522289, 38.70597282794497], [-4.906209412718316, 38.706413032314565], [-4.906227619065485, 38.706851913056354], [-4.906147529251767, 38.707114074751445], [-4.90575329172161, 38.70758103603333], [-4.905630214646522, 38.70766657191321], [-4.905430400299782, 38.70774632573853], [-4.904508597419997, 38.70796814446243], [-4.903895642814506, 38.70823655269043], [-4.902571502296197, 38.70869025330439], [-4.902362330100092, 38.708725465601745], [-4.901559490979901, 38.70874159273505], [-4.90115567926824, 38.70878329860573], [-4.899026442360334, 38.709373588119895], [-4.897688274607881, 38.709624995308936], [-4.897050798985955, 38.70968057689171], [-4.89607919747944, 38.7095732507014], [-4.895436310857745, 38.70942401195234], [-4.894368334835131, 38.70910702287358], [-4.8928293826352185, 38.70888811928475], [-4.891124652591358, 38.70857465178095], [-4.8909116810235975, 38.70850953008179], [-4.890455263192495, 38.70824370736379], [-4.890272168618776, 38.708186386640314], [-4.889664129928993, 38.70829379963911], [-4.889082319073437, 38.70830590712877], [-4.888563098843922, 38.70821409341685], [-4.887409587202874, 38.7079355508739], [-4.886672711905539, 38.707853550479186], [-4.8860209317018395, 38.7078328060534], [-4.884971708622122, 38.70785539834669], [-4.883541049276831, 38.70811985362073], [-4.882482333311296, 38.70840767246717], [-4.8817613446651675, 38.70868635540811], [-4.881420975912406, 38.708862858213], [-4.881180092281269, 38.709030996431665], [-4.880500409195888, 38.70969727961393], [-4.879794874408814, 38.71049182799869], [-4.879244682629205, 38.710882094965676], [-4.879162330244756, 38.710987132543224], [-4.87905565596675, 38.71122618579622], [-4.8790193099280215, 38.711463387547134], [-4.879114406758126, 38.71321992998388], [-4.879120226898424, 38.71420668301698], [-4.879155351880041, 38.71452464323253], [-4.878685220662556, 38.71457410053633], [-4.878665264548012, 38.714154345384365], [-4.878515770759558, 38.71315746657978], [-4.878372540970178, 38.71096287854959], [-4.878192753770158, 38.709234097034596], [-4.878113944946827, 38.707958104101124], [-4.87806285178048, 38.70769734313719], [-4.8779771452151595, 38.707467594560605], [-4.877856373195101, 38.70725552965678], [-4.87754761833783, 38.70685591596777], [-4.877813762393779, 38.70646625568268], [-4.87812393833265, 38.70617292855973], [-4.87843291976555, 38.705939725997816], [-4.878904358085365, 38.705691746927705], [-4.879746549111919, 38.705330671227074], [-4.880065881426709, 38.70522055592233], [-4.880619416234064, 38.705104698676806], [-4.881354231789336, 38.70500394278486], [-4.882242243046229, 38.70493045103144], [-4.8839528693961505, 38.7049517361654], [-4.8897919904268505, 38.704907423286315], [-4.893931744676037, 38.7049379323224], [-4.894455520434739, 38.704923952683345], [-4.895350468190037, 38.70483961179897], [-4.896632095619536, 38.704570862092346], [-4.897373923003379, 38.704318867596854], [-4.898054687445021, 38.704014611072786], [-4.898975269487994, 38.70344352645921], [-4.900801517489228, 38.70220002738895], [-4.901164251168754, 38.70221079830026], [-4.905085272344337, 38.70273573505812], [-4.904811476077821, 38.70325146069051], [-4.904749508653108, 38.70357693743945], [-4.904773508759395, 38.70380100336258], [-4.904956307832617, 38.70413357913241], [-4.905738931579667, 38.70492151009858]]], [[[-5.240220939010084, 38.717725318500854], [-5.241068724022253, 38.7177780915062], [-5.2413268983127015, 38.717876758463845], [-5.241929847441332, 38.717867905004404], [-5.242272644221712, 38.71782574662525], [-5.240359963266181, 38.7185716830441], [-5.240220939010084, 38.717725318500854]]], [[[-5.235536006810906, 38.71988631704546], [-5.2359893751695115, 38.71937623456398], [-5.23630395022841, 38.71917370541453], [-5.2364906242856355, 38.7191185086081], [-5.237367101527394, 38.71917643571333], [-5.23773123255549, 38.719239032124186], [-5.238295588667251, 38.71939708138395], [-5.238236226599166, 38.71942606011779], [-5.237304135420619, 38.7192299909451], [-5.236954208724279, 38.71919136346822], [-5.236582960314993, 38.719176930156486], [-5.236319322024161, 38.7192388259166], [-5.2361152952400705, 38.719390404119565], [-5.2357050009962585, 38.71982100325071], [-5.235558761144642, 38.71991156106801], [-5.235361274624444, 38.71998138419132], [-5.235524004250675, 38.720180191803024], [-5.235814557749566, 38.72026230329938], [-5.235980909420173, 38.720274532598026], [-5.236277784994886, 38.72015343470138], [-5.236442327776229, 38.720163170575276], [-5.232951673552062, 38.721561938632284], [-5.232267018686194, 38.72063903031318], [-5.232112998600117, 38.720697831559725], [-5.2318361772070014, 38.72089818689857], [-5.230948056258014, 38.72129491518875], [-5.2307873611499565, 38.721442408767764], [-5.230690077641172, 38.72158374506668], [-5.230682592751051, 38.72201610695614], [-5.231564227737998, 38.721946577888104], [-5.232203460714151, 38.72185310555813], [-5.230018405985841, 38.722683547519814], [-5.2295315541266385, 38.72290276775586], [-5.229060703161506, 38.723055905667024], [-5.22911546142425, 38.72321902860954], [-5.23167909556379, 38.72221550382949], [-5.231983140356582, 38.72242405177021], [-5.231984684348706, 38.72249232474951], [-5.231864390607037, 38.72257390827082], [-5.231780446760659, 38.72277058413874], [-5.231853134317043, 38.72314762339378], [-5.232237771215416, 38.724175733985305], [-5.232457471338579, 38.72494848915849], [-5.231872137454173, 38.72488965107583], [-5.231423234740862, 38.724768651473305], [-5.2308259501765155, 38.72471787526445], [-5.229970762786169, 38.724536773393076], [-5.230049496140602, 38.72507868120493], [-5.230006287238306, 38.72560533695884], [-5.2298496666446335, 38.72602126248668], [-5.229635470792566, 38.72638322902109], [-5.229276197036644, 38.72677751665648], [-5.228795805016193, 38.727127800508605], [-5.228483145388484, 38.72727531052526], [-5.227891203475721, 38.727460036569624], [-5.227852109876558, 38.727385904180245], [-5.228542756147863, 38.72713538380057], [-5.228953583511782, 38.726886140205416], [-5.229212001433316, 38.72668944038644], [-5.229449478118176, 38.72644816921009], [-5.229658923063249, 38.72613128200434], [-5.229818654839328, 38.725741940768486], [-5.22986544715102, 38.725540573568345], [-5.229889584350506, 38.7251471924931], [-5.229826159047167, 38.72475650041663], [-5.229593122524889, 38.72422883092652], [-5.228820424690014, 38.72304000377882], [-5.227907878775619, 38.72327871115309], [-5.227423942739196, 38.7233549638951], [-5.227267189871113, 38.72324072773816], [-5.227275225521609, 38.72312893707959], [-5.22683956683148, 38.72315993661169], [-5.226659488598358, 38.72320569834626], [-5.22635949915546, 38.72258981196464], [-5.226284011553074, 38.722492501789006], [-5.227001472488709, 38.72162262826], [-5.227485363477205, 38.721554541554404], [-5.227967694429766, 38.721608427886665], [-5.227918826790461, 38.72121993921826], [-5.227809674954015, 38.72123339786101], [-5.227880492117311, 38.72067493823062], [-5.227975956988928, 38.720229979373485], [-5.227909036004951, 38.720110674045884], [-5.2280669503709225, 38.72007232546648], [-5.228154324678025, 38.720184955598675], [-5.228251728950203, 38.7201769713938], [-5.228565189187754, 38.719796895734525], [-5.22910432668495, 38.71930682852862], [-5.22923079341434, 38.719142320982805], [-5.229368214985494, 38.7188263980766], [-5.2296980959413455, 38.71884104897686], [-5.229589651825762, 38.718945095595096], [-5.22955906263395, 38.71906524668502], [-5.229484453584155, 38.71916622931977], [-5.228939185022437, 38.71966281250016], [-5.228856604740559, 38.719803416366844], [-5.2287993722616495, 38.720112024716606], [-5.228226907999953, 38.7208703271879], [-5.228175794644826, 38.7210170883035], [-5.228151218391531, 38.72135516804006], [-5.228217682914521, 38.721658448623735], [-5.228596581795482, 38.72180007793471], [-5.228761711510258, 38.72189892518696], [-5.229113460032115, 38.72192555868203], [-5.229382149217, 38.72200342239037], [-5.22987884410318, 38.722060630861755], [-5.23032586356858, 38.720619392094136], [-5.2305518609597215, 38.72046758472307], [-5.231092805678004, 38.719998558053895], [-5.231183994796104, 38.71939871850593], [-5.231191293768298, 38.719012222386084], [-5.231340315266801, 38.71894829184493], [-5.23223745339454, 38.71921922670511], [-5.232429044008485, 38.71934405362138], [-5.23316112684538, 38.71915644706533], [-5.233890527755647, 38.719104050540615], [-5.23491798988585, 38.7188692534106], [-5.235133411578847, 38.71997329939126], [-5.235536006810906, 38.71988631704546]], [[-5.227963284375215, 38.72168420427399], [-5.227946023071286, 38.721762556632825], [-5.227963333148012, 38.721683983621844], [-5.227963284375215, 38.72168420427399]], [[-5.229644962712208, 38.72383153789254], [-5.229916474784492, 38.72431840888924], [-5.229969936002279, 38.72452867991347], [-5.230414024905918, 38.72394364999322], [-5.229640060017497, 38.72368124974648], [-5.229309328139477, 38.723413376523666], [-5.229644962712208, 38.72383153789254]]], [[[-5.233024774800049, 38.72164884259608], [-5.2351319871680095, 38.7208026286655], [-5.235512390840147, 38.720623264888815], [-5.238120158501239, 38.71962073818903], [-5.238351435725628, 38.72001483327516], [-5.238512587640168, 38.72022547031463], [-5.238718883460198, 38.72040478755432], [-5.239041605938629, 38.72064773888589], [-5.23946397381943, 38.72081445399723], [-5.239795106670948, 38.721005978040644], [-5.240209292243673, 38.72421468423018], [-5.241039053702358, 38.724317993809635], [-5.242743669925991, 38.724387936002856], [-5.242191978848833, 38.72443419899926], [-5.241936733021888, 38.724499911046], [-5.2403110572851075, 38.72468892616503], [-5.238114695236562, 38.72482134976106], [-5.238161036733051, 38.72402089943589], [-5.237265269763195, 38.72397334518386], [-5.236962018090108, 38.72355125253429], [-5.2369572678469725, 38.72338772133212], [-5.236897190414747, 38.7233312010628], [-5.2364924933177805, 38.72339228338074], [-5.236094658656639, 38.72350710995014], [-5.23515675842021, 38.72229550556781], [-5.234977947480915, 38.722344963555656], [-5.235575006281809, 38.72342270574148], [-5.236499467582954, 38.72445715118713], [-5.236854375587877, 38.72476527183496], [-5.236583048903036, 38.72476938395632], [-5.236383960013841, 38.72455586185689], [-5.236287403094337, 38.72449878248266], [-5.235174845195981, 38.72420523539699], [-5.234647700036445, 38.724219723091565], [-5.234622584687561, 38.72411874761475], [-5.234535984744529, 38.7240267867855], [-5.234115015199888, 38.72397905757602], [-5.234053726895121, 38.723684241553194], [-5.2339508827526, 38.72353231203695], [-5.233494113285351, 38.72344273638828], [-5.233410145793183, 38.7233909102362], [-5.23326123323966, 38.723211293436975], [-5.233166141206145, 38.723145713762], [-5.233030076277064, 38.722883506151334], [-5.233254845415234, 38.72303940921243], [-5.2338511866940305, 38.723311578298826], [-5.234040115847537, 38.72339482572452], [-5.234270793793418, 38.723433845077786], [-5.234026219254257, 38.72313703692398], [-5.233024774800049, 38.72164884259608]]], [[[-5.222520101435399, 38.731857943178085], [-5.222491206824003, 38.73252164074656], [-5.2223912497260025, 38.732915394656054], [-5.222253868780679, 38.73324859477102], [-5.221920615174647, 38.73377977214488], [-5.22155621366572, 38.73422269936993], [-5.221232537532731, 38.73455465104176], [-5.2213114043999, 38.734456566067415], [-5.2210589233130795, 38.734305127133695], [-5.221030838776221, 38.73417095720076], [-5.220636588979512, 38.733609536328075], [-5.220447146411092, 38.73319776665895], [-5.220410199474654, 38.733048533054635], [-5.220429055485241, 38.732921945131835], [-5.220508010629813, 38.73277826244832], [-5.221001570997577, 38.732126282169546], [-5.221052960172966, 38.731861668892634], [-5.220929311194377, 38.73125285572436], [-5.220859342537598, 38.730702125129035], [-5.220777301193562, 38.730445093532715], [-5.2205032549491435, 38.729849405132974], [-5.2204020287043456, 38.72908014677017], [-5.220293013652312, 38.728828573921724], [-5.220173811005992, 38.728686313668604], [-5.220007808669915, 38.72861143836142], [-5.219467047994046, 38.72845870975662], [-5.219583494453936, 38.72838937129768], [-5.2201576301907835, 38.728587242065046], [-5.220315390047333, 38.728674347563626], [-5.220435158461173, 38.72880515384746], [-5.220525857452181, 38.72903003922995], [-5.2206920469947455, 38.73001746351191], [-5.220979364633261, 38.730521444747495], [-5.221075405126083, 38.730825788934496], [-5.221221144459177, 38.73075490542748], [-5.221244796715489, 38.730642097521766], [-5.221370950780872, 38.73074493957784], [-5.221783425313676, 38.73071070657619], [-5.222205065729394, 38.7306378238832], [-5.2224076161020525, 38.73051458547045], [-5.222437571259601, 38.73089109177858], [-5.222142192210082, 38.73120368525037], [-5.222478011911154, 38.731182620838474], [-5.222520101435399, 38.731857943178085]], [[-5.2212088426739065, 38.73163543543799], [-5.22126205279404, 38.73200528740414], [-5.221167115977542, 38.7322454997388], [-5.221250628712034, 38.73213426157132], [-5.221298231076019, 38.73199973412158], [-5.221330408873255, 38.73148229684235], [-5.22138881925947, 38.731333147430114], [-5.221461762626544, 38.731259142321], [-5.221110425977486, 38.73129176612558], [-5.2212088426739065, 38.73163543543799]]], [[[-5.222717095804635, 38.73216018546956], [-5.2225517090456135, 38.729785624696575], [-5.222715292909517, 38.730669476932576], [-5.222706470404605, 38.73078191292622], [-5.222786205066225, 38.731294703386446], [-5.222884431491658, 38.73182137371803], [-5.222935294005852, 38.731944387668165], [-5.223387742335244, 38.73175936724547], [-5.22337022815408, 38.731008972532706], [-5.2233321695821004, 38.73065712417884], [-5.223229427034768, 38.730307587710634], [-5.223111531567445, 38.72969190970358], [-5.222896317442708, 38.72895356062182], [-5.2228824119709145, 38.72873136109937], [-5.222881686698504, 38.7282697822576], [-5.223216955954129, 38.72827593289898], [-5.22313067990694, 38.72832415300014], [-5.2230810376048655, 38.72840736136486], [-5.223043641785131, 38.72881173375267], [-5.223186355854625, 38.7294227049134], [-5.223256141869289, 38.72962203630047], [-5.223495517283479, 38.730055832173775], [-5.2235235771424815, 38.730204143676644], [-5.223562530084458, 38.73166837579071], [-5.22471859813953, 38.731196686134254], [-5.225125690929414, 38.732112218550306], [-5.225144312210249, 38.732389916746726], [-5.225038117045216, 38.73275640481323], [-5.224938998088049, 38.733502888264056], [-5.224832628526568, 38.73398615266241], [-5.224801479698879, 38.73434300769143], [-5.224724779742252, 38.734626034752964], [-5.224032632378641, 38.73468650115137], [-5.2235453591052545, 38.73439798029763], [-5.223464788999554, 38.734622968421256], [-5.223257659700247, 38.73478062048688], [-5.222267179843302, 38.73504803755642], [-5.222106955566596, 38.73513803386197], [-5.221466809997545, 38.735377071120425], [-5.21936945012349, 38.73611085781511], [-5.218996935261647, 38.73631858716685], [-5.218742487248025, 38.736505242019796], [-5.218498351199279, 38.73675378140399], [-5.218356855042207, 38.73693603827219], [-5.218010114706469, 38.73752746922195], [-5.21782442621346, 38.73792140045967], [-5.2181002828882495, 38.738326132091764], [-5.218143099386619, 38.73847939513524], [-5.218114904112783, 38.73858670222844], [-5.217946970144763, 38.73875513412287], [-5.217273088012686, 38.739084171127836], [-5.217256049779681, 38.7391209815881], [-5.2172921301667765, 38.739283387552454], [-5.217416646250685, 38.739712432457324], [-5.2173688446250095, 38.739941115028294], [-5.2172832032621566, 38.74007717362559], [-5.217172942242822, 38.74015765087218], [-5.216669021738387, 38.74031362446407], [-5.215876411603506, 38.74164836753471], [-5.215737631903111, 38.741963651613304], [-5.215661740781078, 38.74230026870438], [-5.215667515327958, 38.74269562043434], [-5.215785893223096, 38.743234888924256], [-5.216469344827847, 38.74466897211513], [-5.2168586011990765, 38.745369168748525], [-5.216934929397628, 38.74562748224628], [-5.216905198789789, 38.7458416754721], [-5.216768867723143, 38.746035365555336], [-5.2164200022041385, 38.74633274105822], [-5.216018181597354, 38.74695665213733], [-5.213405232974592, 38.75006140828338], [-5.213271108787425, 38.750245145740564], [-5.213235474080643, 38.750499730295296], [-5.212800645236315, 38.75080907636107], [-5.21260763526558, 38.75100122213617], [-5.211905494144371, 38.75217141372572], [-5.209632972122615, 38.756431065287444], [-5.209336634483822, 38.75707972359172], [-5.209256504117912, 38.75738064565545], [-5.20923042020114, 38.75787453225342], [-5.20931603567936, 38.75830747850853], [-5.209486896013856, 38.758832789615596], [-5.2105224814207745, 38.76152582100816], [-5.21037510578703, 38.761553293099325], [-5.2091640876021525, 38.75829115998244], [-5.20908055820267, 38.75774654142541], [-5.209157261718736, 38.7571813184558], [-5.209339942723803, 38.75669041734831], [-5.20947260485718, 38.75643247187367], [-5.212169630722612, 38.751427764095695], [-5.212568793896188, 38.750846174569716], [-5.215038225282913, 38.747935891885724], [-5.215095433719338, 38.74785461585654], [-5.215222171229934, 38.747238347482664], [-5.215428348781634, 38.74687349561614], [-5.215689722041872, 38.7466449988885], [-5.21628434015798, 38.74628774021429], [-5.216387339993716, 38.7459796217516], [-5.2164504471059745, 38.745616932367106], [-5.216422722028794, 38.745025221861134], [-5.216249581080833, 38.74448257346366], [-5.215787657108999, 38.743560031960335], [-5.215562617822019, 38.74301656897398], [-5.215503976394971, 38.742686467505045], [-5.215517161031114, 38.74233869096057], [-5.215635989636478, 38.74183556068207], [-5.216649350167571, 38.74011261333122], [-5.2176755271782715, 38.73790170085518], [-5.217322952411307, 38.73716261065915], [-5.217287806440589, 38.73698964938257], [-5.217324321353387, 38.736808755255424], [-5.217432005121367, 38.736689758261484], [-5.217941659155616, 38.73645988301317], [-5.219262333389585, 38.73603234035688], [-5.222012546466729, 38.73505386659815], [-5.222587164331527, 38.73470470572138], [-5.222856830747931, 38.73443062368104], [-5.223141165053427, 38.73399137830632], [-5.223330982867162, 38.733542667816465], [-5.223390272742022, 38.733110217447475], [-5.223397283738834, 38.73270165240914], [-5.223089185529366, 38.732882579693495], [-5.222512760562145, 38.73428624177298], [-5.221997150573003, 38.734241346256525], [-5.221775055424779, 38.73438739124082], [-5.221738019185917, 38.734365299424105], [-5.2220735944609205, 38.73399815118505], [-5.2223185362220965, 38.733609123311076], [-5.222495164968797, 38.733202378057165], [-5.222616939955704, 38.73278902168087], [-5.222703352585467, 38.73239236711991], [-5.222717095804635, 38.73216018546956]], [[-5.217421443964581, 38.736910079971224], [-5.217444767673558, 38.73713615143336], [-5.21773837608718, 38.737761569420556], [-5.217996989209412, 38.73723695198305], [-5.2182502398036625, 38.736829123471985], [-5.2184988768124745, 38.73655518024073], [-5.218858326091033, 38.73626328320576], [-5.217739356007516, 38.73665491660859], [-5.217479358334762, 38.73679247791491], [-5.217421443964581, 38.736910079971224]], [[-5.216235656794341, 38.74641020776947], [-5.215675771551668, 38.74675941912407], [-5.215483878495674, 38.74695398116772], [-5.215319138875133, 38.74725984557663], [-5.215206774311896, 38.747749251687246], [-5.215941952627064, 38.74689142187506], [-5.216135295402787, 38.746613761364536], [-5.216235656794341, 38.74641020776947]], [[-5.2180162682059175, 38.738477477825874], [-5.2179543825506, 38.73831061076265], [-5.217760427766164, 38.73804668678682], [-5.217346618526805, 38.7389248255156], [-5.217867955110645, 38.738677703866614], [-5.217970227252421, 38.73859214715418], [-5.2180162682059175, 38.738477477825874]], [[-5.217223279098365, 38.73997352116966], [-5.217287533058731, 38.73984525690231], [-5.217300069261085, 38.73971869935689], [-5.217175718070907, 38.73929496275377], [-5.216731793221992, 38.74020043579148], [-5.217112303427789, 38.74007924071053], [-5.217223279098365, 38.73997352116966]], [[-5.223012363112578, 38.73471653897793], [-5.223317858800095, 38.734577554680214], [-5.223374836797022, 38.734478533281674], [-5.223392067692804, 38.73391750009854], [-5.2232492124180405, 38.73423358682369], [-5.223043188912593, 38.734497358589806], [-5.222585901967755, 38.73485321467322], [-5.223012363112578, 38.73471653897793]], [[-5.216486941430999, 38.74613838552525], [-5.216744007321768, 38.74590492243369], [-5.216803499257882, 38.745789903827834], [-5.2168202913813335, 38.74566326567589], [-5.216749436193102, 38.74539961779876], [-5.2165553187850895, 38.745045592570534], [-5.216592936444264, 38.74557378213013], [-5.216486941430999, 38.74613838552525]]], [[[-4.716997049382935, 38.73981815499966], [-4.7170267496352505, 38.738565121533185], [-4.717244834623561, 38.737712831481645], [-4.712806975688985, 38.736803756023065], [-4.714553321109368, 38.73564090099797], [-4.715328090172382, 38.735210355136616], [-4.715578605630787, 38.73510738267017], [-4.7176589624146965, 38.73367187709187], [-4.7178293629948955, 38.73344229843557], [-4.717967849707336, 38.73273544069573], [-4.718112960738722, 38.73260283001119], [-4.719881619962659, 38.73174081401586], [-4.72033958239721, 38.73162549735916], [-4.721793239589897, 38.73154517821459], [-4.7226315983917155, 38.73174874647539], [-4.7233644287550725, 38.73248219684584], [-4.723553529064077, 38.73254247185622], [-4.724593310419738, 38.73264399199146], [-4.7248220449963885, 38.73262898713895], [-4.725100806251639, 38.73255726878705], [-4.725577921585297, 38.73256140615419], [-4.7266047842492, 38.7324562896281], [-4.727406608449066, 38.73248220733827], [-4.728356108628101, 38.73258060707151], [-4.728790676368499, 38.73246145651512], [-4.729865467710673, 38.73191448153082], [-4.729995712506873, 38.731764229361566], [-4.730252047722216, 38.731762135135], [-4.731592536663484, 38.73159141798094], [-4.731973394720481, 38.73166282300526], [-4.732263728882173, 38.73164089672227], [-4.732861488478459, 38.731543601939585], [-4.736156040408988, 38.730069507544236], [-4.736532340374892, 38.73002951455028], [-4.736855615055575, 38.73008856103325], [-4.737623567214255, 38.73048339210901], [-4.737942870913084, 38.73069606495269], [-4.740817142484963, 38.73122101124987], [-4.743279374556367, 38.731461150845554], [-4.743921367980398, 38.73108094677352], [-4.744350962665578, 38.73090940022688], [-4.744827219504874, 38.7320795063553], [-4.745295875520425, 38.7326653374137], [-4.74619984265101, 38.7335056175798], [-4.747661674867303, 38.73476133441009], [-4.745474707904264, 38.73977561449061], [-4.742713178292263, 38.74031230164553], [-4.742092661958836, 38.74038146171468], [-4.741684591229295, 38.74038718353067], [-4.738769954378611, 38.740239522866716], [-4.738775328033839, 38.74019069421703], [-4.738413837645245, 38.74014803964959], [-4.7378984873916155, 38.74002305566481], [-4.737897461027085, 38.73998071992604], [-4.737540889168164, 38.73984211854085], [-4.737159128595209, 38.73994591745831], [-4.73594848737974, 38.73989090514693], [-4.735922077804402, 38.73999284975041], [-4.734548959302619, 38.73999348586076], [-4.734062546685837, 38.74002331692795], [-4.733632851156715, 38.73984343299525], [-4.733620606821876, 38.73978432770109], [-4.733334591045628, 38.7395796939571], [-4.732483559693321, 38.73958941598937], [-4.731990823233133, 38.739633389097975], [-4.7310289455259715, 38.7396122185375], [-4.729162542961543, 38.73963441940917], [-4.7284783394996825, 38.73981105248557], [-4.727812174634398, 38.740077974050465], [-4.7277778146910965, 38.740122635257045], [-4.72720543826016, 38.74018002037063], [-4.727146087706469, 38.740257129401144], [-4.727199083165096, 38.74051315124878], [-4.727172172549649, 38.74059482693446], [-4.727119253527956, 38.74059984411312], [-4.7269008177881195, 38.74042528774341], [-4.72663811497101, 38.740351941697185], [-4.724355049587811, 38.74018126116303], [-4.724202706374708, 38.74010898899211], [-4.7238295090567135, 38.739780096591886], [-4.7236018407693265, 38.739694602872866], [-4.723451268845985, 38.73969114660098], [-4.723285461061667, 38.73971413191425], [-4.722925519427256, 38.739831439466805], [-4.721897603159441, 38.740289369499926], [-4.720530214627006, 38.74042888871126], [-4.719898157293881, 38.740454407225776], [-4.717167617058093, 38.74018085962362], [-4.716821729732505, 38.7400304091309], [-4.716997049382935, 38.73981815499966]]], [[[-4.718691992244597, 38.7415603718996], [-4.718075984038601, 38.74133451166338], [-4.7214916793606685, 38.7410888420449], [-4.721495710971423, 38.74112257340866], [-4.723002921239911, 38.74112290259875], [-4.723864126737102, 38.74096630793874], [-4.726904558624186, 38.74072384792857], [-4.727431086050045, 38.74085438766227], [-4.728401645307358, 38.74082004704655], [-4.729064431583825, 38.74092324809919], [-4.7294831114841, 38.74103302266887], [-4.718691992244597, 38.7415603718996]]], [[[-4.744957366174974, 38.74020278589378], [-4.745108775775264, 38.74071342227183], [-4.743332145476705, 38.74490542516003], [-4.742857648769127, 38.74460316050616], [-4.742565239219236, 38.74434566151691], [-4.740890682719032, 38.74271612910663], [-4.740312837764735, 38.74227878436771], [-4.739922490248615, 38.742100049984884], [-4.733047713806723, 38.740757783668684], [-4.732209726182246, 38.74065558027745], [-4.731403415219278, 38.74071176297502], [-4.730819184571485, 38.74083124602499], [-4.730815024893147, 38.74079715648005], [-4.730979663708818, 38.740577822193856], [-4.731718634645716, 38.74045362162312], [-4.732506727907069, 38.740390948701354], [-4.732850694128629, 38.74031773147855], [-4.734311600042985, 38.7401694717663], [-4.734805186198507, 38.74016503839305], [-4.735947343655873, 38.74029478858027], [-4.736206560540926, 38.740285351153325], [-4.736285717362506, 38.74024759109261], [-4.737663024082571, 38.74041906961198], [-4.738739450825815, 38.740428663899635], [-4.73875665695154, 38.74032216998573], [-4.741583728917189, 38.740478790616585], [-4.7422938910323476, 38.74044325888753], [-4.742926197145727, 38.74034769134577], [-4.745440894549205, 38.739884790281366], [-4.745367699557091, 38.74005402128024], [-4.744957366174974, 38.74020278589378]]], [[[-4.210150433314138, 38.65914990481762], [-4.210349406053424, 38.659288244119985], [-4.210640881903768, 38.659343711641306], [-4.210858788875545, 38.65932325727899], [-4.210897809067863, 38.65989354761614], [-4.211572031940617, 38.65987548119511], [-4.211623825525081, 38.65990720559377], [-4.211640715719266, 38.66005698091498], [-4.211688930868502, 38.66013551170612], [-4.2120813285469385, 38.66040314506688], [-4.212153626398431, 38.6605466688643], [-4.209098101982095, 38.66076814954023], [-4.207456919588679, 38.66083898386643], [-4.2072860543066195, 38.66055346309016], [-4.207115177908994, 38.66016485129487], [-4.208325021380922, 38.66018327655986], [-4.2083584525530116, 38.659662700819545], [-4.2090785427456545, 38.65972050628693], [-4.209756969884509, 38.65987758922665], [-4.209817557604034, 38.659058367984095], [-4.210150433314138, 38.65914990481762]]], [[[-4.228206255428578, 38.66351227836312], [-4.227150706834455, 38.6629885262786], [-4.227257328229638, 38.66289873512843], [-4.227818158018819, 38.66266675673473], [-4.227437856913859, 38.662088516193364], [-4.226673795808928, 38.6611862886668], [-4.226462270847094, 38.66096745679588], [-4.226181082771627, 38.66076151581605], [-4.2257014783285936, 38.6605525216957], [-4.224796154165597, 38.66029526322336], [-4.224423774593685, 38.66015335737624], [-4.222849605510365, 38.659256149002964], [-4.222167318040958, 38.658927334531946], [-4.221590952469573, 38.658731315111964], [-4.220945627111318, 38.65856844937057], [-4.219937576848576, 38.65843180696874], [-4.219154133684954, 38.65817584641474], [-4.219181516083701, 38.65813014336121], [-4.219957217220767, 38.65838366128943], [-4.22096249834081, 38.65851970163434], [-4.221613249997001, 38.65868404255293], [-4.222195624171892, 38.65888198159232], [-4.222886946242898, 38.65921493681073], [-4.224455900939503, 38.6601096760813], [-4.226078370584504, 38.66064201975398], [-4.226443282801089, 38.66087844281751], [-4.226660181007427, 38.661081808838645], [-4.227492690274665, 38.662062168044734], [-4.227855413509157, 38.66260716058278], [-4.228823901740638, 38.66087400974256], [-4.228872569679256, 38.66117997684729], [-4.2289687160292475, 38.66076642820699], [-4.229010937009969, 38.660883133030595], [-4.229146023186656, 38.66033390907986], [-4.229310267385204, 38.660516196103345], [-4.229440658086905, 38.66094340873812], [-4.2294960702047755, 38.6612534499227], [-4.229463866411329, 38.66140671227031], [-4.229286583201547, 38.66167261039433], [-4.2290581778835, 38.66225561216559], [-4.228980266883171, 38.662538848780045], [-4.2289634429205805, 38.66285938151937], [-4.229081757372968, 38.663063778783815], [-4.2286336013260915, 38.663062445462295], [-4.228559745006885, 38.66299122007768], [-4.228544835987923, 38.663094016752], [-4.228206255428578, 38.66351227836312]]], [[[-4.209177551068147, 38.66133757186167], [-4.204959760419897, 38.661317278630015], [-4.207493217023244, 38.661084441148766], [-4.212300805637514, 38.66072104660058], [-4.212388020626714, 38.66090433627228], [-4.2123946103740515, 38.66102249797696], [-4.212096288535651, 38.66150940942515], [-4.209177551068147, 38.66133757186167]]], [[[-4.241715654825298, 38.66506114094927], [-4.2427157241830695, 38.66520714139488], [-4.243990258417836, 38.66525307122968], [-4.2451714144750206, 38.665242403018524], [-4.246536521369755, 38.66516199663165], [-4.247102428125257, 38.66517263913715], [-4.249936572251441, 38.665080042443996], [-4.250094106688548, 38.66513026433713], [-4.250654652998538, 38.66541417256094], [-4.251106521034706, 38.66556226295131], [-4.251293695320077, 38.665657768312094], [-4.251628735159795, 38.66572330057965], [-4.252142007577718, 38.66566779760401], [-4.252673380950321, 38.665490530248114], [-4.253125398589064, 38.665270770487446], [-4.253662074976138, 38.66530529977722], [-4.2546574819076, 38.66541971249031], [-4.255884505423779, 38.66565318892819], [-4.256711605758516, 38.66587689275535], [-4.25841555225879, 38.66625643237468], [-4.258746950750556, 38.66637605621337], [-4.2596828969579095, 38.66697281034291], [-4.25995571856043, 38.66706836591942], [-4.260389083969481, 38.66695241012708], [-4.260524199850004, 38.66695582003546], [-4.261142313295317, 38.66716345150972], [-4.261835749215507, 38.66728123000119], [-4.262440918715675, 38.66731398857737], [-4.263172990232661, 38.66721003140446], [-4.264888380913888, 38.66658296555742], [-4.26666846588213, 38.66587217912347], [-4.267632644250339, 38.6656216780636], [-4.268080883079268, 38.66558807242843], [-4.268576224099392, 38.66550727969808], [-4.269292465065982, 38.66513941797438], [-4.2697131282752885, 38.66496958740674], [-4.27052994737815, 38.664843753304005], [-4.271720634122046, 38.664462971787025], [-4.272344868299255, 38.664314167383765], [-4.272799519778357, 38.664123680378715], [-4.273290253280293, 38.663991282665656], [-4.273642967391058, 38.66394472809124], [-4.274015152601927, 38.66398483458768], [-4.275296494394749, 38.66400629308092], [-4.2760763257892025, 38.66393435126111], [-4.276742089920769, 38.66383409221874], [-4.277740782994365, 38.66360845327724], [-4.278141151387235, 38.66354676607522], [-4.279270157239126, 38.663488198185874], [-4.279888550338289, 38.66354884197031], [-4.280481292198654, 38.663672482521584], [-4.281141196590865, 38.66407590402374], [-4.281315211656084, 38.664146904209176], [-4.28203019496756, 38.664267575470774], [-4.28194219988202, 38.66432819535356], [-4.281294611183878, 38.664216337279676], [-4.281120595968145, 38.66414533706695], [-4.280460691039994, 38.66374191546219], [-4.27987382846904, 38.663619291836646], [-4.279249554952492, 38.663557630934406], [-4.278157978174422, 38.66362047549797], [-4.2767955294353905, 38.66389848087724], [-4.275438538302857, 38.664076564802784], [-4.274269720597904, 38.664074698202015], [-4.273548024302647, 38.66402226865218], [-4.272875964607486, 38.66417628590488], [-4.2723804046698985, 38.66438028478333], [-4.271761149609354, 38.664531197966106], [-4.27060296425046, 38.664904052727145], [-4.269753107378337, 38.66504007295569], [-4.269341583462249, 38.66520025240567], [-4.268627925982149, 38.665571240389184], [-4.268086203635081, 38.66566163775518], [-4.26765428101969, 38.665694976446005], [-4.266716207745467, 38.66593978810941], [-4.264929452153726, 38.66665073753312], [-4.2631945941096285, 38.66726206410143], [-4.262693962289322, 38.667343702265505], [-4.262442792217984, 38.66736830701688], [-4.2618261159278, 38.66733485707565], [-4.2604368305120275, 38.66709301389734], [-4.26021212280782, 38.667105974303134], [-4.259964253327476, 38.667168390504294], [-4.2596160952698545, 38.66703066206235], [-4.258563835566573, 38.666401456565836], [-4.258179471176647, 38.66629618946608], [-4.25722835750743, 38.66773020419273], [-4.258381701614196, 38.667941201206176], [-4.26185204987214, 38.66866879863266], [-4.263581560117746, 38.668832113722466], [-4.2631863171221775, 38.66887972825875], [-4.262590141915986, 38.66883209335282], [-4.261975301246703, 38.66873579032985], [-4.25307811343636, 38.66700479080291], [-4.250406520851879, 38.66653150507926], [-4.248509423794439, 38.66628353061935], [-4.247547791046637, 38.66611901465037], [-4.246792425413036, 38.66604818903179], [-4.245206067886096, 38.66582660150949], [-4.242682594190283, 38.66541911320433], [-4.242376591448722, 38.66533076467586], [-4.242267764106431, 38.665232806497286], [-4.2427109364218865, 38.665289556511276], [-4.242170913879867, 38.66522040415157], [-4.242349657894444, 38.66536139714408], [-4.242670024521864, 38.665453892461166], [-4.245197358191486, 38.66586199460927], [-4.246785658498949, 38.66608385350188], [-4.2475401432036035, 38.6661545966423], [-4.2485010783720885, 38.66631899305668], [-4.250397508961931, 38.66656685987542], [-4.253067138135431, 38.66703979736452], [-4.262250758085309, 38.668823303608754], [-4.2631864913876845, 38.66891597061396], [-4.26373541824454, 38.66885012399611], [-4.264899902660111, 38.6689628241732], [-4.265848212682684, 38.668970685392665], [-4.266605909374562, 38.669028719779874], [-4.2662843392049306, 38.66924657835928], [-4.261452231920024, 38.66880359677065], [-4.258891777060674, 38.668457651270366], [-4.252134392676909, 38.667448792314914], [-4.251966399170289, 38.66735245674], [-4.251095804206711, 38.667007350631465], [-4.250028385143879, 38.66668560878784], [-4.2482285764671825, 38.66643645922196], [-4.244152708492954, 38.665780132340984], [-4.240708653895731, 38.66531278421757], [-4.240760436782564, 38.66510983866548], [-4.239987554605101, 38.66508748252206], [-4.240739848855294, 38.66501579776747], [-4.240311909518801, 38.663434869763904], [-4.2405444513304555, 38.66338311549248], [-4.240616161188342, 38.66330260386188], [-4.240677571490227, 38.66314443298239], [-4.240746377751712, 38.66309549200725], [-4.240672928014907, 38.662688865348564], [-4.240308327995093, 38.66258702866639], [-4.23997884397751, 38.662555643723536], [-4.239580721656841, 38.662596270124105], [-4.239149188388268, 38.66271230972177], [-4.238733418442318, 38.66287612599079], [-4.238342647188963, 38.66312347772028], [-4.23817793998889, 38.66328337183945], [-4.237835717449657, 38.66374756312966], [-4.237565663742469, 38.66399733372139], [-4.237234675149751, 38.66416601483335], [-4.2366459028901255, 38.664322637842766], [-4.236428065132937, 38.66431412732967], [-4.2361976878473335, 38.664258164195935], [-4.235682497941221, 38.66404814576187], [-4.235604080102879, 38.66411322563467], [-4.2349341940978125, 38.66348201360749], [-4.2347571289291945, 38.66326382440294], [-4.234481402041187, 38.66244741725882], [-4.234409946561463, 38.66232219187294], [-4.234165935378921, 38.66216751784063], [-4.2339145514811865, 38.66209249188041], [-4.2335508021939985, 38.66207334536206], [-4.233055366537077, 38.662176433755384], [-4.233000811616521, 38.663077064664016], [-4.233019287419031, 38.663417501379904], [-4.233083723536122, 38.66377015960145], [-4.233107166519581, 38.66429293490718], [-4.2318748675074875, 38.664161914341165], [-4.231988323252176, 38.66324344727593], [-4.232534165585554, 38.66234548031141], [-4.231758209728312, 38.662692299720156], [-4.231229725072724, 38.66331595306731], [-4.231406661700905, 38.663761777396374], [-4.231416264158371, 38.66394695099748], [-4.231359390356526, 38.66410245604422], [-4.229728630898012, 38.66388521834927], [-4.228833964848526, 38.66368996822421], [-4.229043504441374, 38.663367865578294], [-4.228676837338359, 38.66310398446244], [-4.2291316343495176, 38.66312399157415], [-4.229651726238542, 38.66331299092062], [-4.230089011103238, 38.66328343539382], [-4.230404249223483, 38.66318090369005], [-4.23173102486894, 38.662446934789834], [-4.232458525994227, 38.66210972771308], [-4.232797404353411, 38.66200558875534], [-4.233452458335836, 38.66187432911728], [-4.233954249095317, 38.66188084544917], [-4.2343466795327735, 38.661984030371656], [-4.234571135537375, 38.66212404162126], [-4.234740338457952, 38.66228617305538], [-4.234843848252383, 38.66250433245514], [-4.2348703793924125, 38.66291812233023], [-4.234936738998177, 38.663107922947525], [-4.235542304569136, 38.663675022483694], [-4.235792842442914, 38.6638411592003], [-4.236117271415658, 38.66394595772646], [-4.236720515627951, 38.66396959281017], [-4.237061760464453, 38.663895969673376], [-4.2373662722258, 38.66374496119929], [-4.237652206081931, 38.663455913484604], [-4.238027031302839, 38.66293640798474], [-4.2383828325026505, 38.662700326893294], [-4.238945929248001, 38.66253540634902], [-4.239431958726681, 38.662433748934134], [-4.239941060354634, 38.66237743813579], [-4.240200424502219, 38.662394968283586], [-4.240833860196634, 38.66251675227318], [-4.241238479898238, 38.66266646825713], [-4.241398716161211, 38.66276731740474], [-4.240961134498998, 38.66435796469929], [-4.241165892996454, 38.66502056337737], [-4.241715654825298, 38.66506114094927]], [[-4.252719366631165, 38.665563660799236], [-4.2521624969021214, 38.66574904126433], [-4.251632588494665, 38.66580598397037], [-4.2514861051258555, 38.66578988922681], [-4.251249130467839, 38.665732224185284], [-4.2510597522971, 38.66563557535458], [-4.250604984298685, 38.66548598385993], [-4.249916495737617, 38.66516153983809], [-4.247101878085773, 38.665253567390714], [-4.246599506518178, 38.66524179710848], [-4.245174658164413, 38.665323831568124], [-4.24398615333856, 38.665334668101], [-4.2428033848094255, 38.66529172812819], [-4.24287785542895, 38.66542412529852], [-4.243886133227497, 38.66552596268045], [-4.246898042946342, 38.665999897798294], [-4.247346196883205, 38.66601332189732], [-4.248140638939289, 38.666171205520854], [-4.248329786490067, 38.66613557420525], [-4.248432991277742, 38.66606211102089], [-4.248613773147354, 38.666100732366694], [-4.248638397192306, 38.66620815569021], [-4.253214073673004, 38.66702189698414], [-4.253643683987261, 38.6653843466381], [-4.253100366315128, 38.665364482384746], [-4.252719366631165, 38.665563660799236]]], [[[-4.227736296309353, 38.66353333867401], [-4.228044208369047, 38.66364121672833], [-4.228039879481055, 38.66375786993663], [-4.22622751519788, 38.663458417983264], [-4.2269274221184645, 38.66303096520055], [-4.227659386105892, 38.663404742042474], [-4.227674499751027, 38.663475052691936], [-4.227736296309353, 38.66353333867401]]], [[[-4.189781513850305, 38.66241143661053], [-4.197376272692619, 38.66185821989897], [-4.195109545738824, 38.66290906932465], [-4.194519941438295, 38.663055581110555], [-4.191885239342305, 38.663566826014566], [-4.190383325459115, 38.66396718138892], [-4.189909207932262, 38.66413376151584], [-4.189648514541127, 38.66427176546223], [-4.1892525753101655, 38.66430084405721], [-4.188063377774274, 38.66450640161296], [-4.1843266738487745, 38.66528423066227], [-4.183472247536771, 38.66542588881945], [-4.182095167769576, 38.66556642644263], [-4.175208374981511, 38.66602053001321], [-4.176076858373101, 38.665675762732405], [-4.1768475369821285, 38.66564097595796], [-4.179011996597185, 38.66546021404412], [-4.180329363892168, 38.665455487124056], [-4.181208652017095, 38.66523159660486], [-4.181687981637914, 38.6650727488198], [-4.182212078432838, 38.66488947610728], [-4.182874063628207, 38.66458531470833], [-4.183605045208527, 38.66435335397312], [-4.184653304725174, 38.664145660284106], [-4.185317692916976, 38.66405800589901], [-4.187365889002077, 38.663627208973786], [-4.189924408935988, 38.6630730452039], [-4.191121881928664, 38.66275825142975], [-4.1909032760311185, 38.66273055958193], [-4.19039978774271, 38.66273316205592], [-4.1901125709171705, 38.66261551187635], [-4.189781513850305, 38.66241143661053]]], [[[-4.179012168312654, 38.66424420689854], [-4.176238519340157, 38.665440289752674], [-4.175947497613259, 38.66411258484416], [-4.178930595525287, 38.66313878305787], [-4.179408123742528, 38.66306683320145], [-4.179908946853883, 38.66391012000665], [-4.179012168312654, 38.66424420689854]]], [[[-4.3417852394739205, 38.665439257537095], [-4.338956349086317, 38.664918190503414], [-4.334007322360642, 38.66385389485787], [-4.334081224818049, 38.663822863886196], [-4.338972207640716, 38.66487484466688], [-4.341722413254288, 38.66537392531412], [-4.341843023612775, 38.665332986304655], [-4.342095230726177, 38.665008478011906], [-4.342553287988566, 38.66466583642205], [-4.342755836258842, 38.66453204028217], [-4.343107204653249, 38.66443306578826], [-4.343427180146449, 38.66373223915692], [-4.343869688858883, 38.66293868285599], [-4.343520504874113, 38.66256872368618], [-4.344973776863381, 38.661438259492925], [-4.345086091672671, 38.661474419337864], [-4.343551979720944, 38.664346639622714], [-4.3430644720578675, 38.66541989219879], [-4.342808781965351, 38.66608110114491], [-4.342784372926373, 38.666306213967395], [-4.342827930572399, 38.66657055216059], [-4.342253573685213, 38.668078513315166], [-4.3417462086659535, 38.669691581352325], [-4.341413171195238, 38.670637796782955], [-4.341017938629339, 38.67147929197049], [-4.339696354392282, 38.67369732371433], [-4.338703361988517, 38.67552157837371], [-4.338500113534319, 38.675841999841765], [-4.337989231746295, 38.67650755562511], [-4.337690323528078, 38.676994157415365], [-4.337020886029878, 38.678301501509615], [-4.336824795164277, 38.67882207403034], [-4.336619287949511, 38.67960290135502], [-4.33653907169348, 38.68032120410598], [-4.336387613112992, 38.681251901955015], [-4.336068239478553, 38.68111157283929], [-4.33609425788838, 38.679950649080425], [-4.336504027006074, 38.67860165677165], [-4.336799337714283, 38.67786637973439], [-4.33754819122589, 38.676391248856845], [-4.338703172916336, 38.67458909457793], [-4.3405192454306345, 38.67126443992131], [-4.342276020687739, 38.66637403770373], [-4.341959949449002, 38.666671169262685], [-4.340886652976138, 38.666616156641645], [-4.34114279728504, 38.66648373124877], [-4.341447685358595, 38.666222515026966], [-4.341866509525499, 38.66600036150774], [-4.342054969375878, 38.665764264943846], [-4.337811790190335, 38.665003640939226], [-4.335568064523738, 38.664697569718236], [-4.334820077674583, 38.66476071351498], [-4.334175725129602, 38.66487106117161], [-4.331555221844314, 38.665562521028406], [-4.331018657300284, 38.66578426573882], [-4.329856597268513, 38.66608061274706], [-4.329493796419608, 38.666202065284324], [-4.328294940448946, 38.66641122043437], [-4.328235397777102, 38.66637368863454], [-4.329530460511655, 38.66614604853269], [-4.329835722112002, 38.66603948809129], [-4.330996069535486, 38.665743791576986], [-4.331534119393154, 38.66552157949242], [-4.334160225392516, 38.66482861438351], [-4.334640829243098, 38.66473851876185], [-4.335451153056155, 38.66465934053091], [-4.335799766451443, 38.66466635752627], [-4.337284664596731, 38.66487206662947], [-4.342856393135488, 38.66585455042279], [-4.342935872476472, 38.66561763566768], [-4.3417852394739205, 38.665439257537095]], [[-4.342623296270446, 38.66549291908316], [-4.342780033610929, 38.665149636709046], [-4.343107204653249, 38.66443306578826], [-4.342623296270446, 38.66549291908316]]], [[[-4.232336182116074, 38.6646964776405], [-4.232523715746072, 38.665055859118894], [-4.232445716171818, 38.66544760069664], [-4.232269363709888, 38.66565338272776], [-4.232031403977521, 38.66575194690495], [-4.232010326684271, 38.665836605875334], [-4.231885807859644, 38.666002015347544], [-4.231684051571367, 38.666046849915446], [-4.231447704667133, 38.66563580955284], [-4.231224033293339, 38.665642575572015], [-4.230759247908582, 38.66558357679221], [-4.2306779874614335, 38.665415828364814], [-4.230578608587192, 38.66535793942815], [-4.23036073710942, 38.66536103819866], [-4.230251895794051, 38.66532109112831], [-4.230167027014732, 38.66523087845216], [-4.23065056547229, 38.664988615429074], [-4.230484101035139, 38.66440210177522], [-4.232336182116074, 38.6646964776405]]], [[[-4.160096178531171, 38.668817317545304], [-4.161502013977084, 38.66843842732246], [-4.162985636028728, 38.668133882504804], [-4.163860346322244, 38.66799198397789], [-4.164503457401264, 38.66793521267577], [-4.165867594843514, 38.66761532241876], [-4.166757930174805, 38.66744405704255], [-4.16920799212476, 38.6670302938075], [-4.169769060204122, 38.66686995661198], [-4.1703165421599975, 38.666757783747855], [-4.1725545057266675, 38.666387074914006], [-4.174104984288101, 38.66621040805293], [-4.173207703948791, 38.66669257106435], [-4.167550428021987, 38.66741717990921], [-4.1642642132634595, 38.66807054426009], [-4.160096178531171, 38.668817317545304]]], [[[-4.2594686160657185, 38.668716740236064], [-4.259303333180254, 38.66911078129353], [-4.257713247832671, 38.66927161520773], [-4.256936705327889, 38.669305997818675], [-4.25727910210889, 38.66839082434348], [-4.2594686160657185, 38.668716740236064]]], [[[-4.257666037379291, 38.66938512121697], [-4.259473002762536, 38.6692163698897], [-4.2602394279033975, 38.66917576699296], [-4.261557450015763, 38.669199052862794], [-4.260813891136381, 38.670668348595754], [-4.258376931341658, 38.67042694011312], [-4.2583406166426645, 38.67000722455722], [-4.258187402645056, 38.6700074311991], [-4.258192836176392, 38.66985850463826], [-4.257528078381235, 38.66977823965296], [-4.257666037379291, 38.66938512121697]]], [[[-4.174941913162559, 38.66613125458387], [-4.180675064804983, 38.66576811938394], [-4.177767395963663, 38.66676310399539], [-4.177740925147204, 38.666803111062976], [-4.177569874139634, 38.66675292750459], [-4.1772991955434895, 38.666879830384126], [-4.177422703471247, 38.66736069962716], [-4.177367027570698, 38.66737207387408], [-4.17722759351873, 38.66679602373122], [-4.1760971976801855, 38.66715082307004], [-4.176322564728912, 38.667584170048976], [-4.176459925360218, 38.667556294708696], [-4.175205584286692, 38.670032721715124], [-4.177580382706532, 38.670109405971765], [-4.177747209335059, 38.669999498591885], [-4.179086370129802, 38.6712414792405], [-4.1783124215996725, 38.672062364176355], [-4.172140101936801, 38.67394012030157], [-4.171642544571994, 38.6730566678317], [-4.171379958286019, 38.67315319753819], [-4.169161887005591, 38.669425188336994], [-4.164706288835505, 38.67077675336497], [-4.157989718337421, 38.67327293992026], [-4.155704190679302, 38.67416379769587], [-4.155645795001586, 38.673920795121575], [-4.155395542381224, 38.673584797505676], [-4.158372891342976, 38.672668982270864], [-4.162858532056968, 38.67119831317233], [-4.16527605735519, 38.67022183400312], [-4.174941913162559, 38.66613125458387]]], [[[-4.258469601838447, 38.670553003455055], [-4.259330850992751, 38.67064890422646], [-4.259268240783422, 38.67090027062886], [-4.2602156148787635, 38.671141758013455], [-4.260553449050234, 38.67119462289634], [-4.260713593285374, 38.67082198808638], [-4.26176872818262, 38.670935420863884], [-4.261661729054843, 38.671401652680736], [-4.2609581389066475, 38.67127082184082], [-4.260394365761984, 38.67367977051932], [-4.258378140863458, 38.67336634123591], [-4.258945806873182, 38.670821197834634], [-4.25848953505308, 38.67073328699606], [-4.258469601838447, 38.670553003455055]]], [[[-4.26051931406383, 38.675200621259336], [-4.260831394978995, 38.67372489694093], [-4.261848278747486, 38.673857119788515], [-4.2626171010130305, 38.67391064406581], [-4.2622029104838495, 38.67552039282333], [-4.261835344807097, 38.67551074783723], [-4.261198587316075, 38.675247189971884], [-4.26051931406383, 38.675200621259336]]], [[[-4.528654429368704, 38.70959033228057], [-4.526666115169048, 38.71037495076802], [-4.5260443190038435, 38.71058807192592], [-4.525239461540089, 38.71094900854226], [-4.523578956038118, 38.711516455165295], [-4.521908603324349, 38.712130864263166], [-4.521254250592496, 38.71243178712165], [-4.520951160095805, 38.71251150979075], [-4.520279479047951, 38.71260260835708], [-4.519335566447679, 38.71264496812269], [-4.518812341296271, 38.71263752967724], [-4.518186307356325, 38.71257600581033], [-4.51604086046348, 38.71231242078217], [-4.515787358290148, 38.712268039313855], [-4.515329851779306, 38.712115640956135], [-4.515097930143996, 38.71208531041188], [-4.51375445770426, 38.712007012283216], [-4.511747289055661, 38.71177607005837], [-4.509821163069604, 38.711439337428835], [-4.508448985883315, 38.711258532039466], [-4.5076270479310985, 38.71119920877866], [-4.507177163237978, 38.711101922657235], [-4.505983966000377, 38.71103682621655], [-4.50502095098007, 38.71080367517984], [-4.504019580238545, 38.71072140073689], [-4.503157225590388, 38.710566232526986], [-4.502567009198421, 38.71054408343553], [-4.501228125131714, 38.710380787278964], [-4.498962197253662, 38.710047427029124], [-4.499098801033592, 38.70989204017722], [-4.499563550761796, 38.70960601827761], [-4.499727879535134, 38.70940710274433], [-4.5000811565986485, 38.70925767570558], [-4.5002110357660685, 38.70896783321462], [-4.5002767824639385, 38.70869071281869], [-4.50050311548765, 38.708520827291444], [-4.500743654588114, 38.708281832845536], [-4.500847435779021, 38.708025580226106], [-4.500933680442508, 38.707904174411325], [-4.5009423942635385, 38.70786991035928], [-4.500785749780867, 38.707704224303626], [-4.500725489243855, 38.70752279286367], [-4.500664332237687, 38.70758449315577], [-4.500620086041956, 38.70774545920918], [-4.500492942038341, 38.70789090429277], [-4.500387467828488, 38.70811573400664], [-4.500285825173277, 38.7086281496551], [-4.499214437231976, 38.70849563917706], [-4.498867644884434, 38.70861984391259], [-4.498223717784341, 38.70895510297723], [-4.4978547378432125, 38.70899146473545], [-4.497429492710796, 38.70896590968209], [-4.492137341549746, 38.708347185338596], [-4.491572162607417, 38.70822832741674], [-4.491108697011025, 38.70821747454241], [-4.490858796184185, 38.70813992643692], [-4.48942637694784, 38.707361325338994], [-4.4892069238458046, 38.7071438932926], [-4.489531400364195, 38.70641463306639], [-4.489737453744351, 38.70607544592569], [-4.489933008930007, 38.7060114933383], [-4.490100001048534, 38.705895919221504], [-4.490458552187033, 38.70575636170125], [-4.490811790534386, 38.70565481224421], [-4.49105410959922, 38.70564432828995], [-4.490954526385387, 38.70463121868107], [-4.490391730902364, 38.70462010663381], [-4.489207348887635, 38.704880117912204], [-4.488858213601425, 38.70515723744772], [-4.488456935574313, 38.705537566640025], [-4.4880875804966, 38.70606031473639], [-4.487969602842292, 38.706122010819016], [-4.487737249766765, 38.706152902465234], [-4.487388722845972, 38.70603261849624], [-4.485890654259253, 38.705773404349976], [-4.485312790676585, 38.70571226282658], [-4.482627854057873, 38.70554349411854], [-4.4812019493532835, 38.70531898408366], [-4.480547419906244, 38.70525437478201], [-4.4785872702889415, 38.705182212988944], [-4.477445529877306, 38.70521403445867], [-4.4764629306813415, 38.705161387504596], [-4.476123912405603, 38.70508852855416], [-4.475714342918867, 38.70483949449413], [-4.475217123312533, 38.704639680080675], [-4.475068259738107, 38.70454189953663], [-4.475071616780992, 38.70431324414004], [-4.475145981537493, 38.70408747747961], [-4.475585575534345, 38.70367715327345], [-4.475691253956611, 38.70351469991078], [-4.475623050911568, 38.70343004489606], [-4.4751834596529285, 38.70314651457265], [-4.47416905836764, 38.70233307670811], [-4.473863305355018, 38.70204254152103], [-4.473672181488425, 38.70179597240865], [-4.473563605375844, 38.7015537692558], [-4.473400948335456, 38.70081149273737], [-4.4733514325012385, 38.70029235734236], [-4.473257685556013, 38.69999959453447], [-4.473261409414177, 38.6996652379031], [-4.4741671160326, 38.69977385004505], [-4.476510630572458, 38.699819258979126], [-4.479047028458828, 38.699978514987656], [-4.481012410490186, 38.69983180844187], [-4.4827726108167, 38.699182330153526], [-4.483972777911228, 38.69932831231778], [-4.485039364161711, 38.699664677023776], [-4.485863556462028, 38.69987903346135], [-4.486732136920616, 38.699859435242004], [-4.488030172596479, 38.69998836597269], [-4.488858069824383, 38.69981490872977], [-4.488992607884833, 38.699815087685536], [-4.490449907947919, 38.70006577621497], [-4.491156303916807, 38.70023771252166], [-4.492246856746153, 38.700308597424076], [-4.495159610466304, 38.70085161540279], [-4.496849903678465, 38.70111790139523], [-4.497842871016856, 38.70117375873369], [-4.498620960259676, 38.701082421355146], [-4.499275666326146, 38.70109051761086], [-4.500793407095078, 38.70114936001781], [-4.501873869227859, 38.701286511771166], [-4.505910208612766, 38.70192801033416], [-4.506534294172349, 38.70207667347645], [-4.50743594663973, 38.702388280343875], [-4.508341159159478, 38.702447527139164], [-4.510570786625671, 38.702721432583886], [-4.511331567395479, 38.70269285703804], [-4.512294143253772, 38.70273447627282], [-4.515220587945889, 38.70340784123075], [-4.516318155932578, 38.70533784992393], [-4.517040963920703, 38.705748030267486], [-4.520177161544416, 38.705728845866076], [-4.520595882955887, 38.705626165915334], [-4.521580022687625, 38.70530500987104], [-4.522365703076401, 38.7051537619495], [-4.523511138159798, 38.70479849526925], [-4.524766435609559, 38.70436438365261], [-4.525383925014991, 38.7043462404851], [-4.525937419404997, 38.70404390793769], [-4.52619412588673, 38.70393719956037], [-4.528871318646863, 38.70328740461057], [-4.5288548254141805, 38.70410609930357], [-4.5289050687660675, 38.70428376755861], [-4.5289568383056364, 38.70435490903897], [-4.529421432438267, 38.704657737246684], [-4.5304497122614915, 38.7054279762319], [-4.53117416349082, 38.70581975898633], [-4.531568925080304, 38.70612556110384], [-4.5320359578757055, 38.70671372379822], [-4.532380098020455, 38.70729853934299], [-4.532636508912229, 38.70763057117802], [-4.5334698026785905, 38.70839441781444], [-4.534713902277198, 38.7094270780402], [-4.534866776830401, 38.70958474758372], [-4.5340926327101405, 38.70955570633604], [-4.532710882489105, 38.70940666577308], [-4.530634002977345, 38.709347001243955], [-4.53019032419889, 38.709374436215896], [-4.528926603057181, 38.70951820297581], [-4.528654429368704, 38.70959033228057]]], [[[-4.529565894028891, 38.71382948055998], [-4.529098942725615, 38.71367825575445], [-4.528287577079082, 38.71361000991355], [-4.528243801673624, 38.71313119643647], [-4.52813278683169, 38.71274102545788], [-4.528121783250385, 38.71256995846377], [-4.528201033466198, 38.712348871493944], [-4.52839591571698, 38.71213537392036], [-4.528404032033366, 38.712089851875625], [-4.528270051960808, 38.71180910560346], [-4.528138426245861, 38.7116175382519], [-4.527740763150479, 38.71126778868158], [-4.527710390794586, 38.71132135108608], [-4.528012070728281, 38.71159756327649], [-4.528229627811614, 38.71190370992879], [-4.52831422185475, 38.7120796720722], [-4.528131792744076, 38.71233788198731], [-4.528053790415414, 38.71258517489178], [-4.528077179758796, 38.71278698805184], [-4.5281736981711305, 38.713052725132926], [-4.528217183915967, 38.71362057205246], [-4.527748241306209, 38.713775380141335], [-4.527293230136081, 38.713882344660426], [-4.526325455608898, 38.71396598311875], [-4.526454055379907, 38.71346923880955], [-4.526452236828959, 38.71332427400524], [-4.526393025726444, 38.71318465426243], [-4.526118296903658, 38.7128072519355], [-4.525922491665583, 38.712333837252444], [-4.525838663620776, 38.71103608049922], [-4.528398297041968, 38.710005578656826], [-4.529919667327127, 38.70971724653005], [-4.5300328972614485, 38.71009269887975], [-4.530240921652162, 38.71041545690413], [-4.530285845007054, 38.7105697696195], [-4.530229815324373, 38.71147521267906], [-4.5303534644457475, 38.7119127002469], [-4.530613341938407, 38.712606671017944], [-4.530589479476394, 38.71324063906968], [-4.530602522762556, 38.71365263568864], [-4.530654091093341, 38.71390291940244], [-4.530152971143024, 38.713767280355846], [-4.529733261690159, 38.713841618154596], [-4.529565894028891, 38.71382948055998]]], [[[-4.703557598626576, 38.739347511136636], [-4.703252538327901, 38.73921922709394], [-4.702838925813825, 38.73848734811047], [-4.70270684234963, 38.73832752706139], [-4.702255826275794, 38.73797744607215], [-4.702055820667885, 38.73788817762269], [-4.701218773980945, 38.7376719253733], [-4.699689261298884, 38.737179283502286], [-4.698672378424536, 38.73669467496023], [-4.69815202768297, 38.73664636475623], [-4.6975818996963525, 38.736774573366915], [-4.696588479162796, 38.736206164763466], [-4.695295431741455, 38.73557676059411], [-4.694094671008665, 38.73493240223549], [-4.693536320096681, 38.73458969522641], [-4.691953385016752, 38.733461104311345], [-4.691514766520641, 38.733111702514115], [-4.690530399652132, 38.7324641746401], [-4.688947435970299, 38.73135500132542], [-4.6880999279429805, 38.73087515468574], [-4.687136369732709, 38.73041048437623], [-4.686789870761411, 38.73018021051904], [-4.685296630228818, 38.72963891589287], [-4.684590743234196, 38.72930946144484], [-4.684435781377062, 38.72915265205695], [-4.683593317131771, 38.72852239720361], [-4.6822230852018, 38.72772049694636], [-4.682156500596115, 38.72762792184395], [-4.682101838219883, 38.72746516022362], [-4.6821037036455, 38.72736322430396], [-4.682056138034324, 38.727218562591254], [-4.681935868520784, 38.72709828539644], [-4.681960663257676, 38.72707152657797], [-4.682211763532073, 38.727056108576534], [-4.682529194610746, 38.7270636186706], [-4.685519593672767, 38.72825469600901], [-4.68623880578031, 38.72857872186504], [-4.687788488511679, 38.72915316528571], [-4.6882979158223, 38.72928710350665], [-4.688816289874355, 38.72938126217936], [-4.689895971130849, 38.72944766942312], [-4.691197069658217, 38.72933767326692], [-4.692116127684112, 38.72910550511257], [-4.69314835345468, 38.72865804618683], [-4.696249189451139, 38.72718301324606], [-4.696944318087279, 38.72699811582194], [-4.697726495179224, 38.72689467458597], [-4.698616278999949, 38.726890406320464], [-4.699606045764472, 38.727081390085495], [-4.700049022967207, 38.727216693837136], [-4.700548247833374, 38.727444440425856], [-4.700951876478531, 38.72769592314498], [-4.701502002792105, 38.72812918444424], [-4.701905001587932, 38.72859134340194], [-4.702136811342488, 38.7289266020186], [-4.702507868607503, 38.72980164844664], [-4.7030777942886015, 38.73183305261014], [-4.7031514537401495, 38.732541857817054], [-4.703131291831239, 38.7328312167125], [-4.703068548362058, 38.73313444210529], [-4.702888425275423, 38.73364447027198], [-4.702418660880683, 38.73460663561367], [-4.702187558712489, 38.73533447767977], [-4.702152653622202, 38.73565721113494], [-4.70216015854176, 38.73599779923627], [-4.7023189572317525, 38.73686170350664], [-4.702441886910396, 38.737135465969516], [-4.702759096728183, 38.7376839378268], [-4.703106426792168, 38.73813897292002], [-4.703748584363532, 38.73859710268114], [-4.704951750913073, 38.73925898644253], [-4.704078178654051, 38.739312537608505], [-4.703848367302039, 38.73937787867238], [-4.703557598626576, 38.739347511136636]], [[-4.690618877838619, 38.732186530194056], [-4.691181434816884, 38.732333383605344], [-4.691240762999761, 38.73229783762089], [-4.691325068467701, 38.73175073669442], [-4.691458168548456, 38.73117518041789], [-4.691490255522947, 38.73078463817572], [-4.6914259075645015, 38.7305780436043], [-4.6912100883182015, 38.73034823458836], [-4.691047877495241, 38.73033841691405], [-4.690616531546772, 38.73059388990024], [-4.6901573915979275, 38.730783086983614], [-4.690062867187589, 38.730857892800884], [-4.689985999975425, 38.73097902514735], [-4.689709662430569, 38.731886269938876], [-4.690618877838619, 38.732186530194056]]], [[[-4.7132107698004395, 38.733187311904885], [-4.714302012704713, 38.73287227912459], [-4.715343419962984, 38.732655138328425], [-4.715599725285189, 38.732645807592284], [-4.716708727038838, 38.73276888208126], [-4.717658340502974, 38.73271880975115], [-4.718003175979728, 38.73263976650419], [-4.7179192221259285, 38.73276571116734], [-4.717791862757486, 38.733432847534004], [-4.717636394899605, 38.73364706839839], [-4.7155048038850875, 38.73511458887922], [-4.715311992033598, 38.73518184669408], [-4.714530848780236, 38.735620055099815], [-4.712740778821856, 38.73679164820865], [-4.70966502057618, 38.73616524560677], [-4.708622102071001, 38.73668545388587], [-4.707227566300151, 38.73805059991999], [-4.707210858594648, 38.73870682743124], [-4.705097908220434, 38.7392268523866], [-4.704332310903491, 38.73882783515423], [-4.703815493704248, 38.7385126864191], [-4.703198648633139, 38.73807905818777], [-4.702865403890892, 38.737640398177376], [-4.702437294293475, 38.73683547015599], [-4.702323448365935, 38.736309270351136], [-4.702274560426867, 38.73582502063124], [-4.702309035102743, 38.735348747776825], [-4.702415472162643, 38.734976489208755], [-4.7038978999765915, 38.735115230622824], [-4.704439780271443, 38.73510670391984], [-4.705158184024076, 38.73494914085397], [-4.7057754373551575, 38.7345876203149], [-4.70600109804365, 38.73419967500493], [-4.706544352056954, 38.733801820061], [-4.707458551482238, 38.733556802239015], [-4.7082479557427845, 38.73355096358033], [-4.708962590994956, 38.73335313294251], [-4.709149393971408, 38.733346891581554], [-4.710231981921933, 38.733487545334484], [-4.71093183929017, 38.73344247058059], [-4.7116344914219415, 38.73334039018399], [-4.711987792903679, 38.73335566393222], [-4.7132107698004395, 38.733187311904885]]], [[[-4.722269436936878, 38.740916367659345], [-4.717925231291131, 38.74125139485789], [-4.717651473737326, 38.74097094102483], [-4.717199239613062, 38.74072311531184], [-4.716767173222806, 38.74009653939675], [-4.717118364379346, 38.74025249886087], [-4.717250266805548, 38.74027407914819], [-4.719763876662654, 38.74053540412561], [-4.720103478750481, 38.74053888094762], [-4.7234053634915245, 38.74022238337654], [-4.724337818727033, 38.74025891873065], [-4.726555524586436, 38.74042434769908], [-4.725469322748128, 38.74038649129451], [-4.725121761073996, 38.7405016404303], [-4.724664754466966, 38.74038132787423], [-4.724608851362698, 38.740458384761155], [-4.724381659732275, 38.74045046910947], [-4.724009991858863, 38.74028096147502], [-4.723862940446701, 38.7407827786277], [-4.722965052938274, 38.740767806536326], [-4.722269436936878, 38.740916367659345]]]]}}]}