{"type": "FeatureCollection", "features": [{"type": "Feature", "properties": {"status": "ok", "version": 6, "n_rows": 324, "n_parcels": 320, "n_matched": 320, "foral": 0, "public_domain": 0, "declared_m2": {"expropriation": 7787, "easement": 4336, "temporary": 46348}, "parcels_m2": 16369264, "catastro_date": "2026-08-21", "identifier": "BOE-B-2026-29434"}, "geometry": {"type": "MultiPolygon", "coordinates": [[[[-2.9819544273277403, 39.99557001835874], [-2.9818378483514856, 39.99593438792921], [-2.9816112941457416, 39.99635351104034], [-2.981532176823858, 39.99662924004122], [-2.9813881236246496, 39.99692667085061], [-2.980964551099614, 39.99736735462457], [-2.9799875613362836, 39.998140135030006], [-2.979741888842745, 39.998368067911116], [-2.9796571614811906, 39.99848746857993], [-2.9796133606758985, 39.99869650097459], [-2.9796268114584725, 39.99874867010978], [-2.9797807104026486, 39.998867531879135], [-2.9796722053016182, 39.99895112839055], [-2.979524632449821, 39.99883216848874], [-2.979481077450061, 39.998750171562996], [-2.97927055311147, 39.99914233089058], [-2.9790759156569573, 39.99931131533453], [-2.9785302097912068, 40.00008776597378], [-2.9780261693328827, 40.00062456112077], [-2.977757767868692, 40.00098417669716], [-2.977770155055094, 40.00107986316267], [-2.977865497027492, 40.0011439365911], [-2.9787374996865505, 40.0014217819069], [-2.9786862724989165, 40.00152150648479], [-2.977646515451037, 40.001211832967705], [-2.9774969045127495, 40.0012303597009], [-2.9765562602340223, 40.0019385192471], [-2.975679547555521, 40.0027084016243], [-2.9747444943685424, 40.003398613452774], [-2.9738932685889226, 40.00388386819906], [-2.973165953810132, 40.004163812153486], [-2.9728222784791756, 40.00421379455458], [-2.9723966761851246, 40.00444075164209], [-2.9730450904326013, 40.004349566103116], [-2.972995280653963, 40.00439351780728], [-2.9727257772188356, 40.004474727561956], [-2.97181214662548, 40.005091315037504], [-2.9702926897617687, 40.00589550113376], [-2.969374148959936, 40.00664604358955], [-2.968916958212542, 40.00694008257714], [-2.9689780347447696, 40.007096767507825], [-2.969161439634447, 40.00702474983389], [-2.9737643679896504, 40.005759930740055], [-2.973772647713781, 40.00586110809265], [-2.9736546132121844, 40.00598388931239], [-2.973294807625456, 40.00600542596301], [-2.9714747756651496, 40.00663243427378], [-2.971145865077092, 40.00670181384737], [-2.970275349470697, 40.00696350850576], [-2.9696961972850597, 40.00723472893945], [-2.9692173455657485, 40.0075040810935], [-2.9686167736669176, 40.00772222725362], [-2.968047918748018, 40.00800660100004], [-2.967746579394755, 40.00822400935647], [-2.9671715852278226, 40.008834071935794], [-2.9672288630217625, 40.00911375198732], [-2.9673253097126095, 40.00932100435043], [-2.9673374466662965, 40.009422633676266], [-2.9672992023321165, 40.00952272163532], [-2.9670650761989728, 40.00980699972995], [-2.966904877932148, 40.009868135054845], [-2.9666794853546756, 40.00978797346215], [-2.9664210046061754, 40.009792493850114], [-2.9657793101437826, 40.00995727535481], [-2.965333899645354, 40.0105151145652], [-2.9647247126213103, 40.01099415224514], [-2.96457060571262, 40.01127539073255], [-2.9642257306515147, 40.01156917946468], [-2.964166814667225, 40.01175296086617], [-2.964045427065446, 40.011749229258875], [-2.9640300040732908, 40.01188932661742], [-2.964429272015654, 40.012002612739074], [-2.9648678119435545, 40.01184074608747], [-2.9654195211611425, 40.011490165617204], [-2.967137532718727, 40.01018615213926], [-2.967565490331822, 40.01081974627045], [-2.9681097567570625, 40.01128335617331], [-2.968482012908995, 40.011526807794965], [-2.968621446388062, 40.011782719007094], [-2.968609702952632, 40.01209589141711], [-2.969107605775234, 40.01228207724169], [-2.969545186700805, 40.01214803737871], [-2.969473082852114, 40.01198160769963], [-2.969077797032125, 40.01136055756516], [-2.9686753629014486, 40.01100078336683], [-2.9679309789286585, 40.01049243235535], [-2.9673875317372573, 40.00980033808152], [-2.968639375180679, 40.00951345155757], [-2.9687638852693325, 40.00959907816693], [-2.9690521917119317, 40.009694929556424], [-2.969635410024685, 40.00980599431313], [-2.970379195385672, 40.009813755021796], [-2.970752699817584, 40.00986421008879], [-2.9712868172083122, 40.01000291417723], [-2.971362187016557, 40.00992986345163], [-2.9713622438704084, 40.009793815676346], [-2.9714311061646064, 40.009604807327534], [-2.9718702403713, 40.00963014665644], [-2.972250352949077, 40.00957986907514], [-2.972790820344418, 40.00995795781128], [-2.972944886749671, 40.00998313118641], [-2.973052943806962, 40.009897473284674], [-2.973069403704937, 40.009768997541784], [-2.9731644959884442, 40.009592702559594], [-2.9732824868001453, 40.00958516159873], [-2.973449524970182, 40.009696015870645], [-2.9737542815450775, 40.00970365350901], [-2.9737968573400426, 40.009880074782565], [-2.973881991563939, 40.01000352358063], [-2.974262010124292, 40.01020515753499], [-2.9743799095427677, 40.0104445691859], [-2.97448147549683, 40.01049747904068], [-2.97461903962088, 40.010477417425406], [-2.9747108196517225, 40.0103942816644], [-2.974986619864503, 40.01043749839626], [-2.9752729423510957, 40.01023681728751], [-2.9754105661748613, 40.01004827623242], [-2.976673676493696, 40.009293976632584], [-2.9764755179251687, 40.00871244931665], [-2.9765334616345913, 40.00852668371162], [-2.9767049461669215, 40.00831823177383], [-2.978941021771037, 40.008829866101074], [-2.978691445453544, 40.00775649322051], [-2.9788296102358154, 40.00766660533369], [-2.9790038214013848, 40.00734345581734], [-2.979401979518276, 40.00722585938862], [-2.9804903264306537, 40.00880328809451], [-2.981208070072751, 40.00929407528727], [-2.981365134695515, 40.009502136658156], [-2.9815456231799082, 40.01018491822697], [-2.9790751425167845, 40.01044028635431], [-2.978320090376955, 40.0104850163052], [-2.9784920107258372, 40.01110752544347], [-2.9781377112122254, 40.010666795028015], [-2.977529630603201, 40.0105596424627], [-2.9768499356974543, 40.01052897001393], [-2.9768447601266006, 40.01058851916289], [-2.9770098820321556, 40.01086515246932], [-2.9773590077814696, 40.011342284838484], [-2.9776896209717796, 40.01147281064327], [-2.9777245198029565, 40.011528493322096], [-2.9775398330866616, 40.012302479231614], [-2.9773528134892917, 40.01234046862768], [-2.9763314632807547, 40.01252541108369], [-2.974399396447494, 40.01158484294978], [-2.9730585172332096, 40.01325980010042], [-2.9721930295566255, 40.0130714759195], [-2.9724875750879995, 40.01442191242242], [-2.9909860930044228, 40.0124889101612], [-2.996076177601744, 40.01152181915299], [-2.997873018705334, 40.01113120627472], [-2.9979077980057167, 40.01125841651964], [-2.9954436738464048, 40.01174298172417], [-2.9953783701452923, 40.011786293677815], [-2.995089785045226, 40.01184378991328], [-2.9910971087610054, 40.01260208837908], [-2.9793682855085453, 40.01383035975946], [-2.9837288629479906, 40.02402465800211], [-2.983782766920028, 40.02404376626081], [-2.983832108859972, 40.02402710508939], [-2.98571098227785, 40.02167636584874], [-2.9907003554152403, 40.016393776868455], [-2.990766205377192, 40.01642955094995], [-2.985777655254184, 40.02171106166144], [-2.9857315274992966, 40.0220600944333], [-2.9856939629695924, 40.022899786650406], [-2.988070431861858, 40.02381543892456], [-2.9875184487284505, 40.025117188181845], [-2.9904048884780936, 40.02638601970428], [-2.9961736885621058, 40.018738218699696], [-2.996893462710385, 40.01811602972738], [-2.997430052986796, 40.01793540138849], [-2.997566223840096, 40.01794810811096], [-2.9977950775004083, 40.01803397584587], [-2.9979787015505477, 40.01804605229232], [-2.998293575796422, 40.017813515064084], [-2.9984882158165598, 40.017762792732206], [-2.998679696407404, 40.01776901181684], [-2.9995191907944156, 40.01791785532061], [-3.000290251354687, 40.01734096904179], [-3.0009386091629247, 40.01702057796413], [-3.00120085849583, 40.016663072109424], [-3.001329642953228, 40.01656044934285], [-3.0019707272892204, 40.01637483880254], [-3.002331522383508, 40.01620374093479], [-3.0024508106493326, 40.01620481964683], [-3.0022830086856804, 40.01633186093786], [-3.0013931553104927, 40.016609912272955], [-3.0012242960446924, 40.01675208845991], [-3.000936969899062, 40.01711283808707], [-3.000464850869641, 40.01732609783782], [-3.0001916967480726, 40.0174952121033], [-2.9996712928405254, 40.01794038028932], [-2.9995297307282898, 40.0180025472483], [-2.9993782143667724, 40.01799480263289], [-2.9986137161508735, 40.0178238805773], [-2.9982966207277797, 40.017885683407535], [-2.9980275641829714, 40.018126866308826], [-2.997902999009652, 40.01813974809955], [-2.9975493406227707, 40.018036218848685], [-2.997412472152889, 40.01802909815143], [-2.9970264642336177, 40.018124322209054], [-2.9967192022031854, 40.01833451195733], [-2.9962401294686867, 40.01877552133743], [-2.9952201698375838, 40.02013549541725], [-2.995172355086937, 40.02026081935603], [-2.9953929987454533, 40.020520665632574], [-2.9994685858383776, 40.02470727968898], [-3.0012718423738125, 40.02404118200624], [-3.0013823591099533, 40.0242538112015], [-3.0016480407329285, 40.02448652995617], [-3.0023003328995923, 40.023987472456945], [-3.002707920145672, 40.02379411858261], [-3.0033570466098882, 40.02355570318709], [-3.003651534769703, 40.023397662980415], [-3.0040034516335026, 40.023149522383555], [-3.0043374294345844, 40.022708216472445], [-3.004594388438812, 40.02212744593542], [-3.0046958550703606, 40.021762456137346], [-3.005119228188722, 40.02137466224219], [-3.0052856154408643, 40.02104607297052], [-3.005407459906792, 40.020587834927404], [-3.005310621206192, 40.020037707277005], [-3.005266917835027, 40.0184501152026], [-3.0052121425649827, 40.017858360186146], [-3.00524659208693, 40.01775655267707], [-3.004969565527451, 40.01771169620679], [-3.004816044909217, 40.01753042600606], [-3.0047423063155008, 40.01698967129958], [-3.004727740466303, 40.01639052623465], [-3.0046352670891747, 40.016111316962345], [-3.0045159678350464, 40.01594158196085], [-3.004451620468082, 40.01559993365539], [-3.004529304976086, 40.0155586365773], [-3.004621095476925, 40.0158854284288], [-3.004741460811158, 40.01610004729053], [-3.0051155415313993, 40.01644017616296], [-3.005064248920481, 40.01645259388886], [-3.005648707038277, 40.017048640194616], [-3.0061744317092787, 40.01620837508789], [-3.006266992692302, 40.01590211425384], [-3.0057915770803505, 40.015636161321126], [-3.005802501360665, 40.01567497940547], [-3.0054714354876895, 40.01556924323265], [-3.005067843662707, 40.01538683608799], [-3.0051138897547798, 40.015323761107396], [-3.0051177604755606, 40.015375481572924], [-3.0054623917144543, 40.015525384056566], [-3.0058577642785425, 40.015626634658595], [-3.0062766982652587, 40.01587302565978], [-3.0065777697862113, 40.01500925047292], [-3.0066346016507386, 40.015019968870924], [-3.0062688696583257, 40.016117276660104], [-3.005796462519185, 40.01687222597963], [-3.0057637811203506, 40.017013230612214], [-3.0058191003344517, 40.01713179199913], [-3.0067380993060797, 40.0178309818904], [-3.007152474284003, 40.018080343121916], [-3.0071025565476854, 40.01809854593699], [-3.0074282240112495, 40.018264575665455], [-3.007833811182573, 40.01837455830332], [-3.0083988788953864, 40.01842992433488], [-3.0088550945926333, 40.01860792350832], [-3.0096546533009905, 40.01873778059343], [-3.010306706383421, 40.01899783209233], [-3.0106530005722614, 40.01910141316853], [-3.0107186201780785, 40.01907960346683], [-3.0107408802779947, 40.01904869788378], [-3.010623513786916, 40.01858894446164], [-3.010655089278402, 40.018177830068474], [-3.010606670358347, 40.01799403510587], [-3.010088153010309, 40.01732436497716], [-3.01004460432118, 40.01735526147945], [-3.0097667059386715, 40.016963509531955], [-3.0096104242615223, 40.01668321447939], [-3.0094916236635556, 40.01655507055361], [-3.0096871608404614, 40.016506439418144], [-3.010061290357223, 40.017136181921934], [-3.010277172348278, 40.017371678523425], [-3.0137167448241065, 40.0200615192543], [-3.0135272557792208, 40.02006190191878], [-3.010594438984613, 40.01774456005828], [-3.0101996031526745, 40.017402764598074], [-3.0106554109071286, 40.017985471348524], [-3.0107002047619233, 40.018179537768816], [-3.0106775094059253, 40.01842352004746], [-3.010716705993289, 40.018791295400185], [-3.0109508240612546, 40.01947077708518], [-3.011047702439917, 40.02002738710695], [-3.0112840193900854, 40.020457756610064], [-3.011594678864704, 40.02117670112168], [-3.0115043096256713, 40.02176927365381], [-3.011491932186682, 40.02203478826243], [-3.011526452218958, 40.022464636370934], [-3.0114808967559203, 40.02265159357371], [-3.011969189116009, 40.02310184332604], [-3.0122189485866677, 40.02321399336196], [-3.0124074154671776, 40.023345151033595], [-3.012453249453712, 40.02341235897497], [-3.0125544573299092, 40.02383580255515], [-3.012641102035376, 40.024051306728474], [-3.012667259090171, 40.02417644500741], [-3.012649524809651, 40.02463594044706], [-3.012678869197741, 40.024884602229925], [-3.012622547737489, 40.025149310736815], [-3.0125209796738384, 40.02536483980393], [-3.0122379016540504, 40.02575760111077], [-3.012222680648755, 40.02583823558832], [-3.0122539877536267, 40.02592715863835], [-3.0127408223501484, 40.02660968119567], [-3.0127670891127583, 40.02668841911408], [-3.012804262101001, 40.02805743456377], [-3.0127855594765545, 40.02835268192386], [-3.0128914078802844, 40.029096687012135], [-3.012838667470683, 40.02909705325767], [-3.0127328197063563, 40.028353408511514], [-3.0127515166480823, 40.028057890867814], [-3.012719281378921, 40.0267348246418], [-3.0126905472917307, 40.02662248057351], [-3.0122646719659785, 40.02603554494968], [-3.0121850720546886, 40.02590094749646], [-3.0121708756975485, 40.025812653314944], [-3.012209296335905, 40.02570345094888], [-3.0125352538602415, 40.02523608874096], [-3.012610915658177, 40.02498723085705], [-3.012601499829388, 40.02409932858619], [-3.0124874144548213, 40.02378634618479], [-3.012428297779348, 40.023500206875404], [-3.012363590098403, 40.02336813062211], [-3.012189182178944, 40.02324751282882], [-3.0119366156318392, 40.02313374576541], [-3.0114612182066596, 40.02270763177089], [-3.0111868243471687, 40.02310823283351], [-3.0109244610038433, 40.02331359044713], [-3.0107230425927747, 40.02352569465599], [-3.010560663479233, 40.0238772706353], [-3.010509828224906, 40.024085756726166], [-3.0105117856983434, 40.024584442534966], [-3.01046187943477, 40.024741302545614], [-3.010332764563771, 40.024956647493774], [-3.0097987830771835, 40.025497185088604], [-3.009636858564773, 40.02577325329928], [-3.00943102956799, 40.026463138714945], [-3.009381155707215, 40.026884614893326], [-3.0093722393265003, 40.02767242005333], [-3.0093633428746234, 40.027750269601306], [-3.009200941865419, 40.028065344886365], [-3.009199603347734, 40.028570612264296], [-3.0092140272414536, 40.02867566039511], [-3.0093737145239556, 40.02907423477238], [-3.009603233736003, 40.029356667367566], [-3.010223202583466, 40.029999271262604], [-3.0103453676619103, 40.03026378685472], [-3.0104412577328077, 40.030381625858006], [-3.0105679642182426, 40.0304448628555], [-3.010867434708418, 40.0305079935428], [-3.0113740363495833, 40.0307982302253], [-3.0116010880731463, 40.030961284277964], [-3.0120784289999256, 40.03144433402471], [-3.0121106781478493, 40.03154469931611], [-3.0120554932706955, 40.03165146614614], [-3.011593224440246, 40.03235039535255], [-3.011540132933674, 40.0323340029025], [-3.011597891813871, 40.032227051372935], [-3.0120537147466577, 40.03153533511156], [-3.0120259241302425, 40.03146145351303], [-3.011621496490974, 40.03104894714493], [-3.0110889761238826, 40.03067374754545], [-3.010844117593532, 40.030548264828546], [-3.0105487492772194, 40.03048648517137], [-3.010401647779622, 40.030412893271894], [-3.010292628886157, 40.03028109478691], [-3.010172222381416, 40.030019011619764], [-3.009559052705063, 40.02938487606519], [-3.009321796985386, 40.02909271346833], [-3.0092391474380387, 40.028923697033164], [-3.0091429968004313, 40.02857908591724], [-3.0091447949812427, 40.028002285521225], [-3.0092963083033575, 40.027773245380565], [-3.009318682130284, 40.027691349372894], [-3.009332390963483, 40.02676326185369], [-3.009380044451562, 40.02642944634442], [-3.00951768600608, 40.025924356867506], [-3.0096500766083794, 40.025595579675475], [-3.0102248359187302, 40.02500359793726], [-3.010450735748543, 40.02463543881916], [-3.010439419539575, 40.024204777584636], [-3.010575510460657, 40.023641393610845], [-3.0102704790034718, 40.02380458790725], [-3.010061440648398, 40.023983805979306], [-3.0097372978623915, 40.02410348335402], [-3.0094878257130717, 40.02436757575884], [-3.009147178743737, 40.024570768838814], [-3.0086012151348522, 40.02498309746185], [-3.0078322168695437, 40.02528722700888], [-3.0069791723810737, 40.02554550134016], [-3.008263217811424, 40.02699065479115], [-3.0074515610363686, 40.02753002957963], [-3.006354308260271, 40.02708249905695], [-3.0052963034628326, 40.026281863762286], [-3.0054467706810293, 40.026121392924956], [-3.005409613943691, 40.026050312146104], [-3.0042874502090995, 40.02602233873652], [-3.002264286855819, 40.02582995190648], [-3.0018066335738522, 40.02564192169027], [-3.001568724086276, 40.02549651208396], [-3.001427032579065, 40.025358759139536], [-3.00163751150353, 40.02524595411757], [-3.002018627010304, 40.02521467972087], [-3.0023923574104545, 40.0251400762696], [-3.0027463982281923, 40.0249156352006], [-3.0027947993414363, 40.02477274368802], [-3.0015224220022882, 40.02504224492863], [-3.0014874985946034, 40.02479276951938], [-3.0008163221799338, 40.025587703134356], [-3.0002884729324677, 40.02633694398218], [-3.0001533458816283, 40.026484253844586], [-3.000059583244872, 40.02705573857887], [-3.0000490357061365, 40.02739459117103], [-3.0000908756312716, 40.02753433252523], [-3.0018947570603234, 40.03088609097754], [-3.0031120131128355, 40.033021889724715], [-3.0035358771936105, 40.033810856941756], [-3.003652744703881, 40.03410826065887], [-3.0057731581782314, 40.04109569512354], [-3.0060645349493225, 40.04194474445193], [-3.006683664344573, 40.04402747302191], [-3.0074613666122083, 40.04642299627194], [-3.007685359168626, 40.047204206303505], [-3.007642801312638, 40.04718078382223], [-3.008229181234609, 40.049106099977124], [-3.0039402292038644, 40.047014743886194], [-2.990982904284591, 40.04087017253779], [-2.9907390130893496, 40.04217520486611], [-2.9906957586397924, 40.042167813416484], [-2.9909394144139885, 40.04087620567053], [-2.990311877316581, 40.04037296995603], [-2.990117073172448, 40.0402614129229], [-2.9897258111205622, 40.040135517324984], [-2.9817964892624484, 40.038133956798006], [-2.980505676321146, 40.03982530787924], [-2.976542235624889, 40.045177933496475], [-2.9761893472730794, 40.04624217209221], [-2.975967491153947, 40.04770412158897], [-2.976714802681486, 40.0485353179565], [-2.9766494915656834, 40.04856927148403], [-2.9758837821249995, 40.04771752418681], [-2.9761085795785913, 40.04623053291396], [-2.976465693722712, 40.04515359169789], [-2.9777526054289445, 40.04345822756275], [-2.98044461794673, 40.03977998309952], [-2.9817081146931326, 40.038108895794224], [-2.9741941569948462, 40.03624256596986], [-2.969205828347345, 40.04252369613821], [-2.9691437128502356, 40.042494307872886], [-2.972396975494543, 40.038386362887174], [-2.9712084304256514, 40.038010642168366], [-2.9712514729491, 40.0379531706916], [-2.972471087041576, 40.03831069867712], [-2.974116685179868, 40.036226241049995], [-2.9690600923047556, 40.03491842569569], [-2.9681824958243292, 40.03597024724531], [-2.9639465072756224, 40.04125461713001], [-2.963893419177624, 40.04122919313748], [-2.9689747692209747, 40.03490398728514], [-2.966250303398911, 40.034182008920666], [-2.9625276261682307, 40.0332635957424], [-2.961883338591516, 40.03282146181733], [-2.9619253181335043, 40.032786788075335], [-2.9625599984354127, 40.03322188655544], [-2.9666450424158137, 40.03424221374088], [-2.9667082357419856, 40.03420682359893], [-2.969776179782162, 40.030368014282146], [-2.971170218662973, 40.02868338281169], [-2.971235843923142, 40.028713852101916], [-2.9693432893474276, 40.03099695714727], [-2.9668987702541303, 40.03406497462947], [-2.966774327548283, 40.03423675493614], [-2.966782282606176, 40.03426811114429], [-2.974149989664792, 40.03618408287167], [-2.9813340828839796, 40.0271659743214], [-2.975547237311435, 40.02442839405075], [-2.9760468123172417, 40.02382944360757], [-2.976997123013405, 40.02246737292567], [-2.976677609070786, 40.02228405038304], [-2.9761992760727454, 40.022168902895025], [-2.9781172507087046, 40.02168158666792], [-2.977895093876688, 40.02121826666834], [-2.9758089432237442, 40.021767981972644], [-2.974873012352784, 40.02130171196177], [-2.975329244050917, 40.020937369299844], [-2.9755172169743687, 40.02094029229094], [-2.975727841596173, 40.020812578055086], [-2.975878840975113, 40.020651244593935], [-2.975882199470599, 40.02043177178173], [-2.9757225418070745, 40.01992809673162], [-2.9757648208470298, 40.019667182585835], [-2.975723276904959, 40.01950716483993], [-2.975523145063963, 40.019124482201406], [-2.975163371382193, 40.01885312588858], [-2.9745819994594735, 40.0186030732184], [-2.974100935843784, 40.018054451653406], [-2.973823842723002, 40.017635984457364], [-2.9745925185186413, 40.0174289306961], [-2.974006058056293, 40.016127442015815], [-2.9741998924217854, 40.0160729761756], [-2.974300004840206, 40.01597731908468], [-2.9742013418126683, 40.0159736887469], [-2.9738941796038, 40.01605560893938], [-2.973012635918495, 40.016358405823524], [-2.9718084912446607, 40.01635550181641], [-2.9715055438191653, 40.01465176914424], [-2.9661391924865583, 40.01521085761766], [-2.9626349470257196, 40.01553461256961], [-2.9626396272310824, 40.01543553940108], [-2.961988002834828, 40.01550921939626], [-2.961584483875156, 40.01563387176897], [-2.961396226605375, 40.01575697287888], [-2.960175030125817, 40.016684377508994], [-2.9600322164367467, 40.016826322420165], [-2.95989490679688, 40.01678293795929], [-2.9600616303262184, 40.01643143855572], [-2.9600489288337726, 40.016319622844854], [-2.9602176299879255, 40.01557593273986], [-2.9603015566851507, 40.014932217330475], [-2.960341828455491, 40.01419658709807], [-2.9569010104675275, 40.01373776080984], [-2.9565114832487374, 40.01397340125918], [-2.95628601031127, 40.01401710396446], [-2.9556954544279472, 40.01400562198194], [-2.9549900162344107, 40.01388416859912], [-2.954646299243196, 40.01393971053636], [-2.954263203861806, 40.01419877136496], [-2.953879582217779, 40.014347550998735], [-2.9537706626852196, 40.01444120931335], [-2.9536809735321916, 40.01485246543476], [-2.9535181052739388, 40.01517845962289], [-2.953417233077678, 40.0154975454754], [-2.953331719358079, 40.01563130627662], [-2.9531327439411275, 40.01580447950379], [-2.953013822040862, 40.0159548000335], [-2.95297124749926, 40.016181919251544], [-2.953041167303045, 40.01673883740036], [-2.9528099320211783, 40.01713616018658], [-2.9527166713266997, 40.017445427764336], [-2.9526168493947735, 40.017582695965835], [-2.9513485681663743, 40.018438090014385], [-2.9511060597563055, 40.01851817493686], [-2.94991379699569, 40.01872975584346], [-2.9495736061510347, 40.01889141933343], [-2.94937589279052, 40.019083335895075], [-2.9492990208664422, 40.01923276990913], [-2.949273531662436, 40.01994713905437], [-2.9491929706389333, 40.020328933349774], [-2.9492576553840935, 40.0206400690622], [-2.949436222898587, 40.02099918193694], [-2.9493124024789843, 40.02171242224932], [-2.948713920060265, 40.02234004966168], [-2.9484022398290386, 40.022585242763796], [-2.9477363948778414, 40.02300146139586], [-2.947206908877624, 40.023170244605524], [-2.9468266108964247, 40.023338553355146], [-2.9465408705282434, 40.0235173558389], [-2.9462170857994536, 40.02379623394854], [-2.9458806319634796, 40.02422827122147], [-2.945784011786219, 40.02443635161354], [-2.945744913370353, 40.024972499848694], [-2.945686570470298, 40.02523582789379], [-2.9456404049568388, 40.025224363848366], [-2.9457141034572674, 40.02436577243241], [-2.9458181144295015, 40.02414814970635], [-2.9459961954887794, 40.023916411584246], [-2.946351434430631, 40.02358709397738], [-2.9467548147381795, 40.02328446179392], [-2.947095977485571, 40.02310757614087], [-2.9479374185530984, 40.02279234510215], [-2.948259615057116, 40.02259139591175], [-2.948744169219182, 40.022164368071365], [-2.949219409001698, 40.02163940691715], [-2.949288588153724, 40.02143761839065], [-2.949348934718102, 40.02097715998045], [-2.9493055545094813, 40.020847130034845], [-2.9491061276805213, 40.02049755814718], [-2.949091433448768, 40.02040168773555], [-2.949111862263222, 40.02019221953988], [-2.9492025785975695, 40.019864488372114], [-2.9491932572225656, 40.01931841102825], [-2.9492207954217213, 40.019160477284366], [-2.949282648703441, 40.01903698489379], [-2.9494702694563193, 40.01886534058352], [-2.949854185131633, 40.01868269904818], [-2.9502305360516368, 40.01857871281335], [-2.9510046151090084, 40.01846812784916], [-2.9512449024359615, 40.018380388401084], [-2.951571398118771, 40.01818807653077], [-2.9513115621203365, 40.018083183983684], [-2.950261965915831, 40.017422781276316], [-2.9501054575765346, 40.017360186159074], [-2.949894277691596, 40.017387214469174], [-2.949622079102727, 40.01752899591474], [-2.9443950970393793, 40.02292900395751], [-2.943965038029011, 40.02345802595627], [-2.9431651808996584, 40.02432238916372], [-2.941912298995509, 40.02552014752329], [-2.94019936292167, 40.027262020777734], [-2.9394903068564893, 40.02792846046265], [-2.938869092812197, 40.02838195593649], [-2.937229135631729, 40.02936385448452], [-2.9371286139236097, 40.029323350689026], [-2.9369638331584333, 40.029191182645924], [-2.9371339397608485, 40.029139284254924], [-2.93770391014102, 40.028864618794024], [-2.9385728723972, 40.02831422610856], [-2.9388585741054203, 40.02808661502402], [-2.9390270305202137, 40.02790894124964], [-2.939397373869481, 40.02765695237316], [-2.940761953163172, 40.026409274644486], [-2.9441259865565748, 40.022835718037214], [-2.9451048437478744, 40.021868816147375], [-2.947448545665856, 40.01940376640881], [-2.950969614909471, 40.01581232850988], [-2.9511074351383595, 40.01563038922384], [-2.9512597573185295, 40.015313944381575], [-2.9527753426849452, 40.01160743875579], [-2.9516077181606897, 40.01178507601127], [-2.9507452686290514, 40.01170813401722], [-2.95007858651114, 40.01150819193897], [-2.9476517146282775, 40.01061534613343], [-2.9471590281109, 40.011360857954394], [-2.944905043381895, 40.010443972682054], [-2.9426736073032735, 40.014123359719136], [-2.9426359103544573, 40.01422325502183], [-2.9426820087868473, 40.01430544702343], [-2.942468308226344, 40.01427209504543], [-2.9423008549014833, 40.01428309382492], [-2.9420681012098315, 40.014195046761735], [-2.941131371545228, 40.01394833742896], [-2.9399279984619113, 40.013395969946096], [-2.9393895228048685, 40.013192523513816], [-2.9391153492216544, 40.01304578614728], [-2.938766167839348, 40.01278811161907], [-2.9377304192736546, 40.0118172106263], [-2.9369770952876615, 40.011465966936115], [-2.9366652850432358, 40.011359215711245], [-2.934933155119762, 40.01097795767038], [-2.932946233299496, 40.01092294659177], [-2.931024560145048, 40.01042034318159], [-2.9305701289237334, 40.01034772325225], [-2.9289037268464813, 40.01036608399836], [-2.922915713142068, 40.01097077666272], [-2.92292446141426, 40.0109930908036], [-2.921012155366107, 40.0115797817284], [-2.9199227079362897, 40.011872662916105], [-2.9197530737502344, 40.01154666172519], [-2.919168577822594, 40.01005148269988], [-2.91975303269293, 40.01154670224077], [-2.9199814771199786, 40.012081852099826], [-2.9172142426389973, 40.01205964090522], [-2.9172264983048577, 40.01267600884665], [-2.920191344245512, 40.01266997068963], [-2.920406126532323, 40.0132715167897], [-2.9193261009991516, 40.0136926935093], [-2.9182787829863273, 40.013691784030364], [-2.9183978899419496, 40.01501602616217], [-2.9151417365980086, 40.01541273070186], [-2.9150585854593185, 40.01537645048184], [-2.915062012049727, 40.01506994486858], [-2.9145941091665564, 40.01302791292586], [-2.90989155271678, 40.013122292810344], [-2.909166793192196, 40.012710610728035], [-2.9085930596438248, 40.01231229218703], [-2.908014332289442, 40.01196865619542], [-2.9072222926521953, 40.01340066111694], [-2.907102891767705, 40.01366022732124], [-2.9070736366245, 40.01380462612674], [-2.906843895364475, 40.01428898309024], [-2.906556122768918, 40.0147062645374], [-2.905797284851252, 40.01513063689545], [-2.9052628630998645, 40.01502488146097], [-2.9051865664414827, 40.01537403352028], [-2.905104922605382, 40.015522357718154], [-2.9050101428608808, 40.01559453847783], [-2.900726690342514, 40.01358178592341], [-2.900099258344439, 40.01475359012492], [-2.9000352114635306, 40.014724253120015], [-2.9003295620769936, 40.014158066406694], [-2.8981950035207817, 40.0137415899443], [-2.8982894173570113, 40.01321252849737], [-2.8967062430536306, 40.012845425765605], [-2.896108342267845, 40.015898552829874], [-2.895346193961855, 40.015988145030555], [-2.894241256023363, 40.016175626448806], [-2.8938036492512738, 40.01629037119377], [-2.8922497003461665, 40.01645895124696], [-2.8903423304755385, 40.01662348256986], [-2.8898236726737814, 40.016636239513154], [-2.8894036409386503, 40.016600611209334], [-2.888655431224785, 40.01668359105189], [-2.88818836155501, 40.016678100388525], [-2.887879313636581, 40.01663032029349], [-2.8875279580646156, 40.01651853343047], [-2.8870580386492755, 40.01646185542399], [-2.885912471837103, 40.01647442818623], [-2.8852475701080644, 40.01655621114675], [-2.88462701784587, 40.01667713686921], [-2.881498776123567, 40.017082933946845], [-2.880126425959821, 40.017108015772294], [-2.878634763467133, 40.0169468100451], [-2.8777646297171753, 40.016986349407], [-2.8769003221999863, 40.01710553481437], [-2.876182048628246, 40.017276315689735], [-2.876046763921791, 40.016790274028565], [-2.8760091757027424, 40.016516611509054], [-2.8755057443960736, 40.01518434603109], [-2.875415151068553, 40.01499945817722], [-2.8753350171458156, 40.01499117310762], [-2.875318836879622, 40.01506098146338], [-2.875456748429201, 40.01564432800281], [-2.87562193242689, 40.01591966391998], [-2.875782731704159, 40.01629067418348], [-2.876044725704734, 40.01733067801185], [-2.8754476111774525, 40.01756690470189], [-2.874713960194584, 40.01774441726114], [-2.874715394688291, 40.017219509500485], [-2.874656695411527, 40.01702285279193], [-2.874514488433205, 40.0167428598569], [-2.874993274272392, 40.01719530750057], [-2.8752247794361, 40.017473503955614], [-2.8753340163764785, 40.01752786034462], [-2.8754841062324807, 40.017538473040574], [-2.8755365306660496, 40.01751402277637], [-2.87556788080926, 40.0174149489501], [-2.87536689057564, 40.016913253538796], [-2.875149228856686, 40.01617674507235], [-2.8749969659137937, 40.015817451334165], [-2.874816983991045, 40.015244510169914], [-2.8744131257133874, 40.01534083821041], [-2.8740650696809946, 40.01523451005636], [-2.8740881461366907, 40.01542986255264], [-2.873816197092706, 40.01541569171341], [-2.8731062730814116, 40.015575741038724], [-2.872893573557234, 40.01527160823695], [-2.8728075930054926, 40.015382964821576], [-2.8728207437625954, 40.015744091027535], [-2.8727068690909756, 40.01611039352088], [-2.87271190393691, 40.01630167654833], [-2.8728281171865393, 40.01644009965268], [-2.8729426677497165, 40.016470678333], [-2.87271216246341, 40.01685315603997], [-2.8726349308040904, 40.0167986521583], [-2.872553732711343, 40.01660557355349], [-2.8725108849441217, 40.01658408766955], [-2.872377021817311, 40.01660457271056], [-2.8725912198889283, 40.01711205409943], [-2.87261018821794, 40.01768410086561], [-2.872656767523433, 40.01777884475572], [-2.8729491194278407, 40.01797720040683], [-2.873077414757556, 40.01811392911627], [-2.873172571461173, 40.01829809840468], [-2.8727780139253407, 40.018426420054666], [-2.872326183086935, 40.018664051376824], [-2.8716125444040084, 40.01890742321547], [-2.8705306161450017, 40.01913768050937], [-2.8693982453431475, 40.019515000373374], [-2.8691782086106605, 40.01900831758974], [-2.868370026752977, 40.019170299063774], [-2.8683263830135126, 40.019136012361194], [-2.868173695484774, 40.018890773053876], [-2.867786857578297, 40.01799080143545], [-2.8672981226760785, 40.018095661643294], [-2.8675418004956166, 40.01854849666928], [-2.8677676767656566, 40.01936187728173], [-2.8677997413814693, 40.01956679599763], [-2.867785018622243, 40.019969786120356], [-2.867535641972461, 40.0200911331999], [-2.8669828401280935, 40.02052981173601], [-2.8668295964043544, 40.01985120927768], [-2.86687743670062, 40.01911579685654], [-2.866739353746884, 40.01865758599264], [-2.866653678148696, 40.01794571560128], [-2.8665312695269627, 40.017560956574336], [-2.8665064717607223, 40.017297482294], [-2.8665452727185214, 40.016451058870665], [-2.8664565200657472, 40.01551674220332], [-2.8663926423889157, 40.015224391486804], [-2.8662271712124023, 40.01475290376094], [-2.865588414213373, 40.014886676123716], [-2.865613571136112, 40.015084289669254], [-2.865764341929759, 40.01552134838271], [-2.8657906557884956, 40.01584356387814], [-2.8658011347503707, 40.01599746294942], [-2.865747388485993, 40.016453115033286], [-2.865790961740248, 40.01688076480662], [-2.8657421132930865, 40.01776672465963], [-2.8657714150337905, 40.01800272449755], [-2.865892480943624, 40.018350281401965], [-2.865978683510199, 40.0189716903267], [-2.8660054019520866, 40.020283444339476], [-2.866035050660641, 40.02040294812641], [-2.8663155768393027, 40.02088925887812], [-2.86590821822944, 40.02101753329022], [-2.8657593616181978, 40.02031767150488], [-2.8656328277720595, 40.01923148745466], [-2.865646799654286, 40.019157983941334], [-2.8656959893696214, 40.019112271333306], [-2.8658890363990577, 40.01909222291838], [-2.8659347132204323, 40.01904506458001], [-2.8659295348245393, 40.0189965860322], [-2.865868223128393, 40.018949303894615], [-2.865712115762665, 40.01895588043276], [-2.8656562439304265, 40.01882373696539], [-2.865727457854404, 40.01818620259832], [-2.8656481897613264, 40.01791437605099], [-2.8656173525850446, 40.01756827499494], [-2.8655890090287515, 40.016249941261414], [-2.8650881646571875, 40.01626071160331], [-2.865088400179128, 40.016081597583295], [-2.864980377448101, 40.01589506406787], [-2.864950508861854, 40.01535696555033], [-2.864799214764334, 40.015487791266004], [-2.8646514935542675, 40.01582052548481], [-2.8645257861465985, 40.01669387611165], [-2.864398627632757, 40.017114663949144], [-2.864515525065584, 40.017494823825835], [-2.864527680047996, 40.01810056492494], [-2.864623726089505, 40.01865324634912], [-2.8646302995655546, 40.01924059636368], [-2.8646600300473795, 40.01937658398926], [-2.864818748454137, 40.01964778306659], [-2.86489411038341, 40.01987635866106], [-2.8649092073885196, 40.02012414035861], [-2.8648369540983856, 40.02033623612239], [-2.864821317990742, 40.02059632984716], [-2.86492137055238, 40.02084655762393], [-2.8649092998241654, 40.021084491470006], [-2.86488354565871, 40.02118960540949], [-2.8647926789806992, 40.02121310501404], [-2.8656383556002276, 40.02338840139351], [-2.865819652490332, 40.02374629449688], [-2.8660932334288574, 40.02461424642159], [-2.8662514993387265, 40.02542332541429], [-2.8664407930172007, 40.02618918399719], [-2.8666225077614107, 40.026759706426155], [-2.866868660009845, 40.027339767311425], [-2.8670922938824317, 40.02769176038016], [-2.8673553034421517, 40.02792559459372], [-2.867877556334723, 40.02876571113858], [-2.868362275231913, 40.02962777088317], [-2.8689800547926123, 40.03109056448407], [-2.869578183129538, 40.032727941233404], [-2.8695816708080946, 40.03384749181065], [-2.8695075971166784, 40.034950102125556], [-2.869348685611626, 40.03560565221744], [-2.869311113480471, 40.03631476219716], [-2.8693746727767695, 40.03703335625725], [-2.869557540188217, 40.03770343196686], [-2.869784944371209, 40.03831364260435], [-2.8692713716685088, 40.03845740485526], [-2.8690944681041053, 40.03798212609304], [-2.869051649812969, 40.03763240970778], [-2.868655849153429, 40.036761084701055], [-2.8686137996762464, 40.0365620118377], [-2.868664023471175, 40.03635241658305], [-2.8686499054974637, 40.03631861404749], [-2.8683923476203796, 40.03627849874711], [-2.8683299912400715, 40.0362169814657], [-2.8681651686433174, 40.035619092229304], [-2.8681875214737036, 40.03557623128056], [-2.8682816813783694, 40.03555921983982], [-2.86833058253493, 40.035485936105125], [-2.8683891819552585, 40.03524544252135], [-2.868611375039843, 40.034838724528996], [-2.8685905494887645, 40.034696797436446], [-2.8688825553956945, 40.03425655618848], [-2.8689341946679345, 40.034099124256244], [-2.869008435566546, 40.03413263436094], [-2.869059708788232, 40.03410512248912], [-2.869113824522168, 40.034000850771356], [-2.8691214202327466, 40.03370930396872], [-2.86923945050729, 40.03364745466913], [-2.869279759027161, 40.03346919726433], [-2.869293746647698, 40.03314441166674], [-2.8692630726981143, 40.03300355471363], [-2.8691155907940664, 40.03271508080786], [-2.8691059072122282, 40.03244648928109], [-2.8690669692221578, 40.032337157043685], [-2.8688823413728675, 40.03204854622869], [-2.86875452154298, 40.03171567599943], [-2.8686493673291067, 40.031298855930444], [-2.8685622194701796, 40.030666997915034], [-2.8683476240480754, 40.03023789465152], [-2.8682585260919704, 40.029945607139254], [-2.8680239916401598, 40.02964793284584], [-2.867637244785245, 40.02927701069873], [-2.8671507044432594, 40.028514053084066], [-2.8669627138791767, 40.028330943904585], [-2.866831664945163, 40.02828078924184], [-2.8672343715736917, 40.02893823808934], [-2.867166227940365, 40.028964017989104], [-2.867363812513765, 40.02927481050845], [-2.867281977790997, 40.02941031359387], [-2.86708858054887, 40.02953865660069], [-2.8670992468597314, 40.02965894903072], [-2.867134749094715, 40.02972449064216], [-2.867289579682108, 40.0298389973153], [-2.867352426861708, 40.02994619522599], [-2.8674962972809186, 40.030037808807464], [-2.8675515804963556, 40.030238429082004], [-2.867755965480252, 40.03060832810148], [-2.8678250916161825, 40.03068147604941], [-2.868099749661816, 40.03083820278467], [-2.868133124583208, 40.030910674659246], [-2.868113875980424, 40.03098561387759], [-2.8680481363228707, 40.0310432915384], [-2.867910573033415, 40.03108611132201], [-2.8677939076756904, 40.031046695766214], [-2.867736251355347, 40.03110312110625], [-2.867831117876266, 40.03119963367447], [-2.8678615433919834, 40.03128508080347], [-2.867833818963795, 40.03150046779841], [-2.8681075450847517, 40.03207884518355], [-2.868446203617056, 40.033391851288236], [-2.8686327024943665, 40.03362559549795], [-2.8686447514834312, 40.033698948491974], [-2.868581340957822, 40.03424576366094], [-2.8685093986380372, 40.03447407908839], [-2.8684141737166655, 40.03462524010544], [-2.8681192068364414, 40.034899521789214], [-2.86798239745719, 40.034969826708696], [-2.867857536251546, 40.0349891454349], [-2.867642614145939, 40.03496384855005], [-2.8674258208403276, 40.03500306339904], [-2.8671954815858776, 40.03488919126908], [-2.8671026656062724, 40.03488142657398], [-2.8670149044532285, 40.034929437922884], [-2.867057413723723, 40.03500652001342], [-2.867585080027058, 40.03513713029475], [-2.867794196996045, 40.03531305907425], [-2.8678651723664856, 40.03546296756075], [-2.868019689644869, 40.03599057401413], [-2.8681121642786676, 40.036176370097245], [-2.86819920398101, 40.036263048250504], [-2.8682553037920018, 40.03640843918723], [-2.8682609990806953, 40.03655530445522], [-2.868152718656058, 40.03702918379543], [-2.868193848301953, 40.03721537183395], [-2.8682423795094483, 40.03727407593454], [-2.8682282316425796, 40.03762120514364], [-2.868281541981255, 40.037754880199984], [-2.8686254467353196, 40.03824386428904], [-2.868745509233657, 40.03859366831698], [-2.8676200675376955, 40.03885312985101], [-2.8675617797795496, 40.03874774391035], [-2.867507675445527, 40.03872182410999], [-2.867326608594582, 40.03876467897736], [-2.8672315004892197, 40.03872726972463], [-2.8671550470539118, 40.03874150758275], [-2.867078348052468, 40.03881881327623], [-2.866979550415761, 40.038810145154414], [-2.8670580580009073, 40.03870697914739], [-2.867094757499866, 40.03833933831798], [-2.867179351130582, 40.03823753516617], [-2.867135838196222, 40.03812990899563], [-2.8669159464473135, 40.03812965665368], [-2.866829923387188, 40.03818280538098], [-2.8667152486689638, 40.038319171078996], [-2.8666262565712, 40.038331772413024], [-2.8665044813890526, 40.03820784287397], [-2.8664405873580723, 40.03821046766258], [-2.8664487279620463, 40.03836373270513], [-2.866401290517599, 40.03840566340396], [-2.8663319601665997, 40.038373869167124], [-2.866294382526143, 40.038288773877746], [-2.8662608982400988, 40.03802844387169], [-2.86618511209151, 40.03788149762316], [-2.8660597194395914, 40.03792982965196], [-2.86619467366852, 40.03737039512549], [-2.8662686131941344, 40.036902244256375], [-2.8665940436265527, 40.03688000042363], [-2.8666203966887234, 40.036291703642185], [-2.8668188174856715, 40.036245441597195], [-2.8669800480604173, 40.03579405849928], [-2.86698919435077, 40.035731811674744], [-2.866876604601493, 40.03540399801994], [-2.866754046484969, 40.03532042692986], [-2.866618536691778, 40.03532414972251], [-2.866775123998316, 40.035210532291906], [-2.8667419225693656, 40.03510580089121], [-2.8668064696126185, 40.03506425008538], [-2.8667524291325956, 40.03500716078117], [-2.8667772649342718, 40.034953581359886], [-2.8668861039692004, 40.03491901892547], [-2.866904594753872, 40.03487642407501], [-2.866718098017195, 40.03470006921143], [-2.8667460679087955, 40.03448450269237], [-2.8669882363058377, 40.034478293907746], [-2.8672308786367102, 40.03428810166009], [-2.8672593436345872, 40.03429687372406], [-2.867305954448838, 40.034498294911465], [-2.8675211476408515, 40.03450079357243], [-2.8675630742599845, 40.03427632315514], [-2.8676515898052126, 40.03414362063959], [-2.8676763131506964, 40.03414770326011], [-2.867721738729791, 40.03435650641873], [-2.867753447582, 40.03438501340607], [-2.8677940315198494, 40.03437289656022], [-2.8678383321274694, 40.03431465404368], [-2.8678876347458435, 40.03397234443991], [-2.867922889074226, 40.03392489876296], [-2.8679537046199335, 40.033930339730034], [-2.8680248221956273, 40.03412449067186], [-2.868092291998702, 40.03408897900022], [-2.868102274692933, 40.034017813372735], [-2.8680529679651925, 40.0338153983461], [-2.867914730126813, 40.03360045301049], [-2.867827619075474, 40.03337051504816], [-2.867813308958112, 40.03325463338093], [-2.8678988492010564, 40.032782894969316], [-2.8678848519377684, 40.032687105393364], [-2.86760182362745, 40.03242766200891], [-2.867447912644691, 40.032198097860764], [-2.867167027713868, 40.03204704762913], [-2.8671343523958805, 40.031973670813166], [-2.867187650954309, 40.031747497114665], [-2.8671211228080997, 40.03160371534385], [-2.8669071680218132, 40.03145418275811], [-2.8668243294396456, 40.031317589875414], [-2.8668426812305525, 40.031285716450476], [-2.8668859272363663, 40.031287027501705], [-2.8670584331976743, 40.03135741148824], [-2.867237899747479, 40.03134103930188], [-2.867313743376389, 40.031277337141624], [-2.8673063138181183, 40.03117993323649], [-2.867256512784432, 40.031053383810494], [-2.8671683479994434, 40.03094651723926], [-2.8668965160078845, 40.03066329915021], [-2.8667233028869337, 40.03053570218281], [-2.8668130728154857, 40.030362011799475], [-2.8667996598903827, 40.030268114772724], [-2.8665948907182432, 40.030035427622714], [-2.8662468739751836, 40.02951697020258], [-2.8653659918736887, 40.029692721450544], [-2.8653255442512924, 40.02963969710611], [-2.8650672728934814, 40.02890771912806], [-2.865169880650901, 40.0287566548946], [-2.865060089728076, 40.028508578670035], [-2.8651121132010284, 40.02845584207881], [-2.8650898291822484, 40.02834499615984], [-2.864822115731259, 40.027884830799124], [-2.864725351767185, 40.02762902102707], [-2.8646929169500503, 40.02737698029376], [-2.864713728470005, 40.02681183158916], [-2.864675487904413, 40.02676691835024], [-2.864585272226396, 40.026813028510574], [-2.864515483205659, 40.02660770467525], [-2.8644103481384624, 40.026434954760624], [-2.8644297078513277, 40.02618982641441], [-2.864308919061632, 40.02599201545918], [-2.8642459224394456, 40.02578705977677], [-2.864172234455096, 40.025713904289184], [-2.8641012773079892, 40.02550488479629], [-2.863858442067675, 40.02550865415447], [-2.86381345568637, 40.02555932173129], [-2.863809861787771, 40.02571644769609], [-2.8636442764367307, 40.02564886448698], [-2.8634702274206347, 40.02483589369415], [-2.8635715772317907, 40.0245560798146], [-2.863510056679119, 40.02431788390928], [-2.8633553436412056, 40.02415093091225], [-2.863293628126692, 40.024013909758146], [-2.8633328049139903, 40.023817453076745], [-2.863333363461458, 40.02353752044454], [-2.863193984792721, 40.02344212280388], [-2.862976911268799, 40.02345971017013], [-2.862909720466466, 40.02271857774398], [-2.863057757190754, 40.02259144932705], [-2.8631578259700934, 40.023122147962596], [-2.863231726951376, 40.02320701256355], [-2.863279543254552, 40.02320580762033], [-2.863320772351208, 40.023155221390894], [-2.8633197224367954, 40.022859168363965], [-2.8633948456093226, 40.02244868203758], [-2.863382699732624, 40.02231018765345], [-2.863262524989578, 40.021750990054535], [-2.8630182852913735, 40.02147041233394], [-2.862892339858273, 40.02122042260542], [-2.8628456499744948, 40.02118649063822], [-2.8627175127483575, 40.019987057929164], [-2.8623614347524637, 40.01903556445636], [-2.8623678326752326, 40.018825739042825], [-2.8624775621036216, 40.0185694557817], [-2.862457747438694, 40.01845807151485], [-2.857018175653883, 40.01926326801262], [-2.8580470565627434, 40.02095511650153], [-2.8545181980916636, 40.021445466334264], [-2.8544622628222216, 40.02300155789521], [-2.8544922090680607, 40.023303062128676], [-2.854956393796228, 40.02446679513208], [-2.8550191775986797, 40.025198736434824], [-2.8550127759670394, 40.02539937124128], [-2.8549469184989875, 40.025670482542836], [-2.85470806975451, 40.02639104949969], [-2.854659398024148, 40.02679147213765], [-2.854523043217136, 40.02714547454041], [-2.8544967632234575, 40.02732401039275], [-2.854579460194463, 40.02762107572487], [-2.8546206207007163, 40.02788313103381], [-2.854616159149115, 40.02822090111867], [-2.8547310039833396, 40.02877567655756], [-2.8547077017069484, 40.02898692604738], [-2.854531096129659, 40.029418005831445], [-2.8545077011519044, 40.02961456924553], [-2.854553082828265, 40.02982373804325], [-2.854658282101185, 40.03006739910609], [-2.8547104592685484, 40.03038848195628], [-2.8546867923945394, 40.03060279424055], [-2.854429533983452, 40.03115251206669], [-2.8544616580810103, 40.03169647095606], [-2.854426851934118, 40.03186004426509], [-2.8542352027679136, 40.03214370050368], [-2.854174028960698, 40.03230237528881], [-2.8542060041496202, 40.032753168666936], [-2.854170285984989, 40.03284637460022], [-2.8541498780224783, 40.03318303863199], [-2.854005317095236, 40.0335332501087], [-2.8539223532776647, 40.03385082466622], [-2.8539228902309812, 40.034203466753205], [-2.8540227099570306, 40.03504275558198], [-2.8539616654413984, 40.03613123122812], [-2.854048399238335, 40.036680119330065], [-2.8540642876009485, 40.03697980330721], [-2.8540476541975157, 40.03922058539141], [-2.8539767349441854, 40.039768378102025], [-2.85385531131704, 40.039761102824045], [-2.8539205985237226, 40.039216370902814], [-2.8539371010917693, 40.036981174711414], [-2.853834590612375, 40.03613593176107], [-2.8538951927097895, 40.035041513700385], [-2.853782944680539, 40.03403471792831], [-2.853828812728132, 40.03368970256283], [-2.8540231949544697, 40.03317423426079], [-2.8540440883152547, 40.032830088267964], [-2.8540769726385324, 40.03274400100966], [-2.854046772059762, 40.032288610354776], [-2.8541177221224765, 40.032104720650885], [-2.8543040746119743, 40.0318317795458], [-2.854334032615397, 40.03169117503727], [-2.854302031220368, 40.03114235550708], [-2.854345470441948, 40.03100032636827], [-2.8544354915234686, 40.03088619135566], [-2.8545613082675856, 40.03058353614461], [-2.8545825804569867, 40.03039048389155], [-2.854533649691069, 40.03008904631663], [-2.8544293844226463, 40.02984727836287], [-2.854379714859943, 40.029618188073435], [-2.8544059637916166, 40.02939694605572], [-2.854581976245415, 40.02896956422037], [-2.854603252191168, 40.02877723269428], [-2.854489672586944, 40.02823146396716], [-2.8544928752923875, 40.027885223138355], [-2.8544540235068077, 40.027637225901586], [-2.8543680696659868, 40.02732880409651], [-2.8543981598052874, 40.027125045745585], [-2.854533917632037, 40.02677374566628], [-2.854582584031867, 40.026373413171065], [-2.8548223816533396, 40.02565086551334], [-2.8548859930499395, 40.025389121617906], [-2.85489189993387, 40.02520091966564], [-2.854830259818632, 40.02448294485523], [-2.8543665424414706, 40.02332083369531], [-2.854334988841346, 40.023003920717215], [-2.854347076386779, 40.02266805197422], [-2.8488399477279867, 40.02303788668569], [-2.8487532302476333, 40.02245511223171], [-2.848671165062365, 40.02262628067683], [-2.848531687748044, 40.022797554226905], [-2.8484592196128573, 40.0230269381145], [-2.848524637033188, 40.0235455308891], [-2.848562734906949, 40.024280141921416], [-2.8483998536046617, 40.02469356699975], [-2.848431166441994, 40.025001291218274], [-2.84835929446324, 40.02570125087455], [-2.8483667393005145, 40.025938127132136], [-2.848235922401844, 40.02626482985683], [-2.8480541483689725, 40.02647739759423], [-2.847965874146626, 40.02685569155864], [-2.847677648871276, 40.02729408813197], [-2.847560986247541, 40.02763278708762], [-2.8475798431049153, 40.02774354177081], [-2.8478147974478127, 40.028017656992304], [-2.847859306094534, 40.028188089876295], [-2.8478862856623293, 40.03012440207111], [-2.8478573615940483, 40.030740896782326], [-2.847923082025275, 40.031337969018985], [-2.847588591138273, 40.03211731873286], [-2.847356154441344, 40.03217746818619], [-2.847237280313942, 40.03224209612159], [-2.8472216022988333, 40.03249236171535], [-2.847050966196501, 40.03290189987971], [-2.847073092539078, 40.033333315706244], [-2.8469362586551217, 40.033773346677584], [-2.8453286797067916, 40.03684965173855], [-2.845278146099017, 40.0370089665685], [-2.8452576021473313, 40.03759330630444], [-2.845171614610048, 40.03803565968655], [-2.8450284359030245, 40.038371797286196], [-2.8448726448662147, 40.038477002750035], [-2.844807963873923, 40.038570351618176], [-2.844759962172201, 40.03854506005489], [-2.8448243070769106, 40.03844486336279], [-2.8449746924878685, 40.038345687255465], [-2.845110331467667, 40.03802638785256], [-2.845195489103817, 40.03758835808124], [-2.845215565542111, 40.03700365734203], [-2.845269044344499, 40.03683524663498], [-2.846876978464165, 40.033758402279666], [-2.8470101541133093, 40.03333224155543], [-2.846988978307677, 40.032895240929626], [-2.8471175867647163, 40.032566014354984], [-2.846653648241556, 40.03206022932896], [-2.8459798082572476, 40.032484411005775], [-2.845998815927425, 40.03257966928918], [-2.8457039056486693, 40.0325874758489], [-2.845405324277015, 40.032352373992836], [-2.8455083683820295, 40.032135921608194], [-2.8454766194413597, 40.03202587026223], [-2.845367740468397, 40.03197157643998], [-2.8450253406294745, 40.0319898592978], [-2.8448456402955196, 40.031845106985465], [-2.845434986032624, 40.03141657559408], [-2.8454769814473866, 40.031299324679054], [-2.845453583836177, 40.03112432866444], [-2.845793877682571, 40.03094629888622], [-2.8456822920505394, 40.03084551144296], [-2.845303243574942, 40.03074652948087], [-2.84422806851963, 40.03077230309994], [-2.8439956140686706, 40.030534853785525], [-2.8440862958185145, 40.03039523461542], [-2.844083729001368, 40.03028459143425], [-2.8440175428208128, 40.03016953795202], [-2.844107753738886, 40.02987612168283], [-2.8440728920465514, 40.029644434087885], [-2.8440986045477192, 40.02906082149672], [-2.844021940219784, 40.028707175658916], [-2.8419983214369755, 40.02907671709936], [-2.8420435338384733, 40.02994721077505], [-2.8421082931548423, 40.03017379964308], [-2.8421244013811795, 40.03076152754698], [-2.8422132724985034, 40.031203482161516], [-2.842223909257323, 40.03177300731225], [-2.842466892858521, 40.032224361330016], [-2.842522451303025, 40.03242706604757], [-2.8423893748337403, 40.03280132566519], [-2.842359550783209, 40.032977245429734], [-2.842365551384798, 40.03316835029297], [-2.842456241689729, 40.033588327742656], [-2.842434711150342, 40.033827412580465], [-2.842307319178895, 40.03382120275896], [-2.8423588038513024, 40.033706403075676], [-2.8422854974465173, 40.03306697182605], [-2.8422946582557205, 40.03290877316233], [-2.8424472376005685, 40.03241272840882], [-2.842361491059298, 40.032137003642276], [-2.842187878361415, 40.031845031722305], [-2.8421539366468425, 40.03172254753058], [-2.8421694492775424, 40.031300281779615], [-2.842070893630371, 40.03073793918991], [-2.8420563321505323, 40.03019120774677], [-2.841968807841572, 40.029875120986496], [-2.8419357975952813, 40.029555319914856], [-2.841949470867536, 40.02764771271016], [-2.8418971030908184, 40.027436002152605], [-2.8415458632161603, 40.026679968880124], [-2.8415047495127714, 40.02651836774007], [-2.8412619097257688, 40.02490646465333], [-2.8402704652456103, 40.0255004670978], [-2.839814254036344, 40.024989799509115], [-2.8395694286203264, 40.024940357647274], [-2.8392089238462495, 40.02479759391991], [-2.8385785472453144, 40.024495881713655], [-2.8387247595656415, 40.02471394124611], [-2.837189963466554, 40.0252665258782], [-2.8374775949991435, 40.02653279587278], [-2.83752661204723, 40.02686396859822], [-2.8374765807255744, 40.02710590044696], [-2.8373534189717495, 40.02739656251014], [-2.8372643768367336, 40.027924679344935], [-2.8371607861798704, 40.028261674266716], [-2.8371282578762336, 40.02863355112388], [-2.8371505181675585, 40.02903109265025], [-2.8371946671536974, 40.02938875170396], [-2.8373812668048926, 40.0301203306349], [-2.8374521543768974, 40.03057316999409], [-2.837560648553077, 40.03083550131503], [-2.837687681984549, 40.03133409858848], [-2.837870331443621, 40.031760875726995], [-2.8378455543000136, 40.031830121507745], [-2.8377696271904678, 40.03186776607407], [-2.837129480531767, 40.032002559388566], [-2.837115522969225, 40.032056057664946], [-2.8371832017384593, 40.032475822254305], [-2.8370138376255127, 40.033116086964526], [-2.837194378073972, 40.033688184739404], [-2.8371488040911657, 40.03392606803515], [-2.8371538399010947, 40.03417177081719], [-2.8374018580993408, 40.035155347800924], [-2.837864611633167, 40.0364384382191], [-2.8381120048805126, 40.0369034118735], [-2.8403546033253546, 40.03968772552587], [-2.8405059934288426, 40.0398128089317], [-2.8412231900700986, 40.040246617041774], [-2.84142677597259, 40.040459976039614], [-2.841652117191897, 40.04059317777608], [-2.8418075009118677, 40.040767367969], [-2.8421225236138357, 40.04094646063043], [-2.8424642062478327, 40.041310553987785], [-2.842646346751091, 40.04142225186831], [-2.8426288280856955, 40.04149610788202], [-2.842407147599286, 40.041349128151175], [-2.8420681551419227, 40.04098764661248], [-2.8417131149997785, 40.04077732997322], [-2.841596461786378, 40.040633285117465], [-2.841334617402848, 40.04047003088176], [-2.841165428085398, 40.04028527973449], [-2.8405092093145763, 40.0398915584395], [-2.8402885372869178, 40.03971844777718], [-2.838094198211604, 40.03699834964403], [-2.8379605942199495, 40.03679157407613], [-2.8377570607712834, 40.036367381028704], [-2.8376698826519013, 40.03605867533298], [-2.837274436350085, 40.035015337737796], [-2.837179886628431, 40.03465364847029], [-2.837069645253324, 40.03409173604106], [-2.8371183074338306, 40.033689068908174], [-2.836935095824124, 40.03305768313446], [-2.8371073777889526, 40.032472111793076], [-2.8370180918317676, 40.03206988577693], [-2.837027666424796, 40.03198664918428], [-2.837691418159201, 40.031832162656485], [-2.8377564009981255, 40.031813152994765], [-2.837783695065133, 40.03176994442063], [-2.8376138090138037, 40.03134841068685], [-2.83750082807585, 40.03090199948444], [-2.8373774675339134, 40.03058504817029], [-2.837306001495941, 40.030129234737096], [-2.8371184729454213, 40.029394320773115], [-2.837058525041634, 40.02883004587607], [-2.837054530327151, 40.02853866488443], [-2.837102316133321, 40.02816032697402], [-2.837188679831789, 40.02791898696958], [-2.837279501058506, 40.027382223327265], [-2.8374178936090133, 40.02704437159892], [-2.837454500079137, 40.026780256946154], [-2.837263261392151, 40.02598226929896], [-2.837180744939467, 40.025496261729685], [-2.837045731662965, 40.025104237615984], [-2.836434427672743, 40.02428051969633], [-2.832203000515121, 40.02587658043592], [-2.8323901988543043, 40.02619660757254], [-2.8328891649162182, 40.02688900256726], [-2.8331068762980993, 40.02743485691853], [-2.833259850934748, 40.027614641516685], [-2.833660316733783, 40.02790226778078], [-2.8338504356623604, 40.02895343349481], [-2.8338341031232055, 40.029550211457654], [-2.833726931790812, 40.03086881021566], [-2.833627407655419, 40.03116562865922], [-2.833203363100985, 40.03212257496626], [-2.8331360497082074, 40.03237826474311], [-2.8329524571836298, 40.03263774668462], [-2.832968264826652, 40.03302599938595], [-2.8328669380933302, 40.03324235744634], [-2.8326101152960845, 40.03363165817101], [-2.832556222506438, 40.03419729758691], [-2.8323999163154223, 40.03436537361109], [-2.8317184252675998, 40.034900645773924], [-2.831608793311109, 40.03510744027242], [-2.831114169624247, 40.03690515011766], [-2.8309735766737436, 40.03773131828067], [-2.8303792021306324, 40.040126219454734], [-2.830250272002999, 40.04021603788457], [-2.8298763717321718, 40.04029531576545], [-2.8239104868104175, 40.041186574424245], [-2.823872813294077, 40.041113087855535], [-2.8241003722872566, 40.04110063970679], [-2.8298506003177333, 40.040241309623134], [-2.830204673021279, 40.04016894026635], [-2.8303163377058422, 40.04009288149664], [-2.830900111813441, 40.037719408338006], [-2.8310571765353867, 40.03691605891812], [-2.8315431335140864, 40.035116174383546], [-2.831657065896022, 40.03487659073535], [-2.832059275564021, 40.03456814020836], [-2.8324830068178115, 40.034180794033844], [-2.8325370103555936, 40.03361803792881], [-2.832794532362079, 40.033230540323295], [-2.832894453039009, 40.0330140902008], [-2.8328635235822865, 40.03272050810193], [-2.8328801765396436, 40.03262295657859], [-2.8330655388121158, 40.03235879223276], [-2.83313179188863, 40.03210544350331], [-2.8336349875715103, 40.030940215649856], [-2.833711760240489, 40.030217027730586], [-2.833777841374969, 40.0291176672451], [-2.8337480259049976, 40.02870470757439], [-2.8336082964355067, 40.02794390825268], [-2.8332024504718145, 40.02765176919029], [-2.8330401264384473, 40.02746115934341], [-2.8328200810266173, 40.026911427307915], [-2.832322982470255, 40.02622236833044], [-2.832133450410933, 40.02589828331612], [-2.8299927814547274, 40.02663927825623], [-2.829515902487571, 40.025749229236524], [-2.8290354132631528, 40.025885559738335], [-2.829196599850576, 40.02628898397689], [-2.829058282866776, 40.02639311298467], [-2.829069803990205, 40.02656656775604], [-2.8291697162859712, 40.02691809099749], [-2.8266853325989523, 40.02790042931264], [-2.8261492618528066, 40.02670349599352], [-2.8238680940342236, 40.026856555168614], [-2.8229478050919012, 40.02927219431434], [-2.8225457313485993, 40.03042896712293], [-2.82007581948714, 40.03455269810098], [-2.820010924769316, 40.03458214927059], [-2.818336771814034, 40.03243603334178], [-2.8134912822537075, 40.03365006136663], [-2.812913471846643, 40.03376823870631], [-2.8095636429494957, 40.03389153560778], [-2.8057622051648727, 40.03454402706692], [-2.8056544151010283, 40.034611329286065], [-2.8054278579036063, 40.034855113033174], [-2.80274024250416, 40.03792694364146], [-2.804005341032667, 40.03964949445236], [-2.8065284510710895, 40.04470916980592], [-2.8099354717589105, 40.05324716908987], [-2.8100111141128408, 40.05340847688281], [-2.810473078100061, 40.05390620911632], [-2.8103351221610393, 40.05389192821991], [-2.809991980438567, 40.05350124552928], [-2.8088631481226547, 40.05363192616976], [-2.80873710382182, 40.05359288631613], [-2.8099384489347465, 40.053441603539625], [-2.80650182234831, 40.04483994653462], [-2.803864176404807, 40.03953825569358], [-2.802831512007952, 40.0381449543551], [-2.8026423353695664, 40.03793794899727], [-2.800684825130327, 40.036209328646805], [-2.8006755108366246, 40.035988483968104], [-2.800806573380939, 40.03541803255348], [-2.801083136377432, 40.03439265875708], [-2.8011623516747286, 40.03419728335561], [-2.799087188657868, 40.03083623235928], [-2.7984705344432843, 40.02977804806257], [-2.7982464786863677, 40.02948781462472], [-2.797760492100742, 40.0276497941479], [-2.797750874938144, 40.027058827830245], [-2.79771268362832, 40.0267363021738], [-2.797517756686277, 40.026428819304975], [-2.7978196537768745, 40.02642907612814], [-2.797406397807956, 40.026277891521715], [-2.7970787863670816, 40.02586106774329], [-2.796893973055544, 40.02578073736545], [-2.79700151875726, 40.02579408004897], [-2.7973885131406155, 40.02606613107465], [-2.7976792306403073, 40.026200433830404], [-2.79798190934997, 40.02629295145742], [-2.7981442427896313, 40.02644631002787], [-2.7990050134272066, 40.026484849809265], [-2.802490209958177, 40.02586845769347], [-2.8037200959553363, 40.02573685615576], [-2.803807318232782, 40.02556715648678], [-2.803845668124617, 40.025574041791565], [-2.8037894434886392, 40.02556394577983], [-2.804770266824378, 40.02276753248768], [-2.8057323979138675, 40.01806912593653], [-2.8060344389244682, 40.01672663603283], [-2.8060576185367743, 40.016568823692495], [-2.806038404556188, 40.01648482049703], [-2.8060006287640333, 40.01645898932905], [-2.8046761826060806, 40.01599573477203], [-2.8044967109534507, 40.01597966504996], [-2.80389916299747, 40.016039741688274], [-2.803717091002934, 40.016236026602904], [-2.803546233839491, 40.01636016199344], [-2.8018384712184408, 40.01724723924473], [-2.8017868353261486, 40.01775764429221], [-2.801556527943511, 40.01866138007471], [-2.8014171964094072, 40.0189042248396], [-2.801237448379738, 40.01901942185937], [-2.8010690776723823, 40.0190521086933], [-2.8008560787448915, 40.01903795792693], [-2.7995197641909932, 40.018660937780034], [-2.7990810512088946, 40.01857404464935], [-2.798845551750365, 40.0185610224449], [-2.796878958368096, 40.019120432132546], [-2.7965346779130122, 40.01923686500623], [-2.7963649242580733, 40.01933963852926], [-2.7950625517628205, 40.021366250802856], [-2.7944168039133706, 40.022276894618926], [-2.7921341873937267, 40.02520342139055], [-2.791740353373152, 40.02514649341783], [-2.7936056961698723, 40.02275522244333], [-2.796024834121702, 40.01926813809947], [-2.796190459034814, 40.01913526520374], [-2.7986463147942824, 40.01841039357376], [-2.798729854721089, 40.018294583023355], [-2.798910669475088, 40.01825390248628], [-2.7991015601952007, 40.01825369297838], [-2.799468460513504, 40.01833298368795], [-2.8005453019078903, 40.01863738994047], [-2.8005341055662982, 40.0186593544947], [-2.800716293184929, 40.0187106631992], [-2.8009175221091276, 40.01874425509417], [-2.8010310318394867, 40.018717961329706], [-2.8011916083499218, 40.01826153194704], [-2.8014297016646235, 40.017100491237095], [-2.8014735731780975, 40.01704416526044], [-2.8032333516965675, 40.01616096578651], [-2.8034842341730624, 40.015998675064324], [-2.80362475682317, 40.0158671003483], [-2.803816775594407, 40.015390813274436], [-2.803561472368617, 40.01517720965064], [-2.8032955741818495, 40.015062875142775], [-2.802070043410423, 40.014122060507134], [-2.801279813319166, 40.01383915281259], [-2.8013185136393353, 40.01365865306685], [-2.8012679441093447, 40.0138773248824], [-2.8013679250480696, 40.01390713843796], [-2.801352612972279, 40.01393450189874], [-2.800357768337948, 40.01394441497879], [-2.7999254795809843, 40.013874474432804], [-2.799587306659484, 40.01375640269223], [-2.799393105752417, 40.0136508325578], [-2.798114155598377, 40.01281241465535], [-2.7973301323220148, 40.01250165059974], [-2.797128538840769, 40.01259995489988], [-2.796686964475061, 40.012701712290514], [-2.7962616630933836, 40.01422640987758], [-2.7968269129107606, 40.01430704859557], [-2.7964376663376505, 40.01568377910986], [-2.792424157611013, 40.01484794126644], [-2.791785473650419, 40.013213504311295], [-2.7908252768903443, 40.01346837350287], [-2.789694014823576, 40.01383230303542], [-2.7890356740504867, 40.01392552887571], [-2.787978768850418, 40.01395918868706], [-2.7876891067715825, 40.0139987518679], [-2.787253468600475, 40.01414364094536], [-2.785743295689647, 40.01478613847938], [-2.784654016964641, 40.01490007523198], [-2.7867666283462817, 40.02000945492918], [-2.78855291306304, 40.01992443230381], [-2.7888424314622684, 40.01982540233732], [-2.790377697811131, 40.0191279508822], [-2.790655422533991, 40.01905159963648], [-2.7932920630188427, 40.01885532479319], [-2.79357702711947, 40.018747265084166], [-2.7935933136087767, 40.01886460121224], [-2.7932774978359776, 40.01894440537039], [-2.7906065682100287, 40.01912458054812], [-2.788907062027391, 40.01988147070049], [-2.7884266552647645, 40.02001628162224], [-2.7863046674007457, 40.020089781934836], [-2.7845255108395084, 40.019918185171555], [-2.783873091652008, 40.02004517914668], [-2.7832669617046237, 40.020393355535376], [-2.7807141782885765, 40.02207824320823], [-2.778979219284858, 40.02294285701235], [-2.7785442566984426, 40.02303671914056], [-2.7745604898664844, 40.02353268292818], [-2.774392430778818, 40.02389049357678], [-2.7741467580226224, 40.024257522860374], [-2.7738057949717185, 40.0246629273777], [-2.7732274070529144, 40.02517021725965], [-2.772645683453365, 40.02562064613296], [-2.771298075213037, 40.02656329730975], [-2.7729965784433097, 40.0268895463936], [-2.7736762400391552, 40.02698520787549], [-2.7738545994995376, 40.02695420216018], [-2.7749779998290554, 40.02650644218582], [-2.7752354364513896, 40.02648414712996], [-2.77561444704266, 40.02659227785311], [-2.777448440843668, 40.027354615619785], [-2.777674009676373, 40.027402169592314], [-2.7780268444530933, 40.02738095230395], [-2.7782667696108763, 40.02741069332001], [-2.778442539276944, 40.027346699909614], [-2.778869602962386, 40.027058032412285], [-2.780259303211154, 40.02633584160503], [-2.7813873852444293, 40.02543312593177], [-2.7825959217928284, 40.02509284875614], [-2.7834813413715067, 40.02501287812176], [-2.785654515626978, 40.02413648503971], [-2.7856876472635483, 40.02418474850247], [-2.7835082387207355, 40.025068068060484], [-2.7826234910228895, 40.02515768059444], [-2.781450851643595, 40.02548649327673], [-2.7803079071114936, 40.026382514168546], [-2.778916917840377, 40.027104522898284], [-2.7784075990837467, 40.027460065833566], [-2.779165350564702, 40.0277304533409], [-2.7807641985302123, 40.02874771649934], [-2.78072639542432, 40.028804496473484], [-2.779208079107356, 40.027854689086936], [-2.7789472805514683, 40.02771913576424], [-2.778174734012775, 40.027457728259066], [-2.777596332490713, 40.027466620432556], [-2.7774086196944987, 40.02741868854406], [-2.7753998194383147, 40.02660465590824], [-2.7752006034821184, 40.02656336535778], [-2.7748761351756666, 40.02661976717976], [-2.7738174014200396, 40.02703927168521], [-2.7745406984362764, 40.02822780554103], [-2.7744713447158547, 40.02825478992207], [-2.7737037863863354, 40.027054636735485], [-2.7729787947082056, 40.02695113823553], [-2.771209411200513, 40.026617360978754], [-2.769721383813708, 40.02748322354734], [-2.769420123556942, 40.02771021070517], [-2.769400860172538, 40.02754889790039], [-2.770788900315753, 40.026725187551804], [-2.77280455092284, 40.02531741920697], [-2.7738010557895723, 40.02443010612577], [-2.7739850459192144, 40.024182336528945], [-2.774031313734874, 40.0239051966534], [-2.7742805808062014, 40.02376305804812], [-2.774373688256349, 40.023567817806175], [-2.774519583665652, 40.02310743303407], [-2.774795946848309, 40.02252873327511], [-2.7755682249187967, 40.021778187148776], [-2.7758146822147167, 40.02148864011229], [-2.7761889071395127, 40.02086543772964], [-2.7783302895195274, 40.017851103503894], [-2.778428231312187, 40.017676771687306], [-2.778470215114499, 40.01755221721748], [-2.7784883057966194, 40.017326586912546], [-2.77851549869694, 40.015512072107406], [-2.778432792350161, 40.01499826717595], [-2.77804510912095, 40.013642996690095], [-2.7780195576976197, 40.01341651195934], [-2.7781374078036296, 40.01285761154051], [-2.7783104721554075, 40.01231447331], [-2.7783487679045997, 40.01206695802225], [-2.778404498455484, 40.01027881372419], [-2.778443670010766, 40.01011219876486], [-2.7785902508927336, 40.009893631447014], [-2.77893296499373, 40.00953119170795], [-2.7792197311331304, 40.00900421593051], [-2.779703997058309, 40.00757753807914], [-2.7797099743059146, 40.007103094436324], [-2.7796197044639808, 40.004860838591696], [-2.7796380948502937, 40.0046068877531], [-2.7799473253904607, 40.003497199499385], [-2.7802792920414245, 40.00161433328377], [-2.780560452292964, 40.00088525322014], [-2.7805729975415048, 39.9999970003618], [-2.7806645813429536, 39.99975634333959], [-2.781283118001801, 39.99902798934971], [-2.7817287348104114, 39.99837192537471], [-2.7818496762623717, 39.99824754762208], [-2.78203094466919, 39.998124364384346], [-2.7846396098645547, 39.99688904261181], [-2.785932436116462, 39.995949553395945], [-2.7865949214178736, 39.99552443141104], [-2.7862829335595305, 39.995573140149425], [-2.7860627360745376, 39.9955627330365], [-2.7857574325755907, 39.99542152613783], [-2.783452001568389, 39.99454725549034], [-2.7830141988182615, 39.994413001560254], [-2.7828731320149047, 39.994347956917295], [-2.7828097660023614, 39.99427161528309], [-2.782725688787233, 39.99392935556853], [-2.782682414285026, 39.99387107112353], [-2.7825284798129504, 39.993800866342305], [-2.7812156349891755, 39.99355972598742], [-2.7802192594667035, 39.993225018856286], [-2.7794655033076707, 39.99303140804876], [-2.778651683893705, 39.9928664189163], [-2.7781101506258046, 39.992866374545365], [-2.776126589259896, 39.99230683561994], [-2.775525496574001, 39.99203817199292], [-2.7744185210344705, 39.99172554501015], [-2.773909051022351, 39.99166697969351], [-2.773140845685216, 39.991390229154064], [-2.771995734594703, 39.991244906528486], [-2.7715709597867266, 39.99122145555044], [-2.770799730344612, 39.99101270754769], [-2.7689544002231825, 39.990691808588785], [-2.7682168631659994, 39.9904650909393], [-2.7672891846901466, 39.99038736956049], [-2.7666081141879233, 39.99036743995137], [-2.766171042699214, 39.99031105863716], [-2.7659810819292443, 39.990027226791675], [-2.765849467410264, 39.98991136518251], [-2.76555061109606, 39.98995959420689], [-2.7654231581726525, 39.98992861289765], [-2.7652045499804516, 39.98976815612092], [-2.76502307391389, 39.98971030580042], [-2.7648106085351722, 39.989432733251704], [-2.7645647242321267, 39.988961471681286], [-2.7646024335249253, 39.988929473359086], [-2.7648541186671163, 39.989417054369746], [-2.7650523452238276, 39.98967964170057], [-2.765231013131894, 39.98973658530705], [-2.7654484533451344, 39.9898960485926], [-2.7655547226837487, 39.98992185143909], [-2.765860494600646, 39.989872194804896], [-2.7659463143326155, 39.989918047847496], [-2.7660234272964748, 39.99000965306168], [-2.766200551094163, 39.99027949374807], [-2.7663195793752164, 39.99030811466757], [-2.7682264740480296, 39.99042871054652], [-2.768969887472428, 39.990657324249746], [-2.7708116808277143, 39.990976872157574], [-2.7715803344278322, 39.99118516451534], [-2.7720032357474693, 39.99120834147959], [-2.773155955289876, 39.991355120491114], [-2.773921469136158, 39.991630964701656], [-2.7744304700505515, 39.99168961914895], [-2.7755455201278907, 39.99200451410673], [-2.776147314539141, 39.992273449280646], [-2.7781188203745875, 39.99282972124752], [-2.778658012043864, 39.9928293106159], [-2.7794776836100272, 39.99299566230949], [-2.780237525720095, 39.99319081624447], [-2.7812476354628615, 39.99351635914471], [-2.784400083475975, 39.994120606932285], [-2.784807651086122, 39.99418452305719], [-2.785269985894733, 39.994191417088885], [-2.785576253010162, 39.994172252625], [-2.786131120003326, 39.99406948489479], [-2.786839542737721, 39.99400898268577], [-2.7866372536487494, 39.99374119957048], [-2.786409773843669, 39.99336290949739], [-2.786039857166898, 39.99268369897754], [-2.785878636893297, 39.992320576465694], [-2.7858975512276585, 39.99185273227378], [-2.7859570996178507, 39.991688953909104], [-2.786007191160928, 39.9911397185751], [-2.785956327759922, 39.99051019959801], [-2.785769917713495, 39.99015072430369], [-2.7858277997075205, 39.989582492605145], [-2.7857841140168045, 39.989018397861315], [-2.785905377076567, 39.988624065243215], [-2.7861595213042607, 39.98823019213309], [-2.784700017908452, 39.98839552325427], [-2.7841602565793955, 39.988290275891316], [-2.782482589273705, 39.98830030615926], [-2.78264931839296, 39.989853479703676], [-2.7786480776726368, 39.98952467541912], [-2.7783162909767776, 39.986605223383364], [-2.7810979260207853, 39.98650896944972], [-2.781261092709935, 39.986065994697], [-2.7785365430646123, 39.98615416272324], [-2.7785377286021453, 39.98484386778431], [-2.7782144502986768, 39.98473909621182], [-2.777953299290687, 39.98469120460223], [-2.7772929663214274, 39.98464966387288], [-2.775476159321047, 39.984388568285766], [-2.7741675203717406, 39.9840705923936], [-2.7736562399648976, 39.98404553892202], [-2.772839106370613, 39.984068897589914], [-2.7721667285240095, 39.98402442091288], [-2.7718929580095373, 39.983969643383894], [-2.7701354903924535, 39.98345306247329], [-2.770175190562579, 39.98341944448399], [-2.7719101939869324, 39.98392877274017], [-2.7721771757063554, 39.98398218541332], [-2.7728403025104025, 39.984026013213125], [-2.7736552105525463, 39.98400256009216], [-2.7741777320838783, 39.98402835625427], [-2.775488009122679, 39.98434660550017], [-2.7772059598602046, 39.9845841029823], [-2.779398085726797, 39.98283052469779], [-2.7798606318252803, 39.983173445143635], [-2.780023871943061, 39.98336494337629], [-2.780563442135809, 39.98314973049134], [-2.780537248915257, 39.98299011703018], [-2.7805850512850534, 39.98283848219313], [-2.7805707817136742, 39.98279583874135], [-2.7802949865431614, 39.98245843920852], [-2.780213514911928, 39.98229827037516], [-2.780197454226856, 39.98215678576321], [-2.7798306238194126, 39.982633790157], [-2.77915293709443, 39.98165835932088], [-2.7796190187077126, 39.98149328551675], [-2.7795876163529405, 39.98142484127411], [-2.7781222809648125, 39.98057259974726], [-2.777539311348856, 39.98059526831319], [-2.776540913697618, 39.98004573094795], [-2.774756365679373, 39.979664134736346], [-2.7747926526158104, 39.97963429263263], [-2.776556481927146, 39.98001233451969], [-2.777553007096406, 39.98056132757103], [-2.77814116060913, 39.98054066137991], [-2.779250200364288, 39.98120490015209], [-2.7802840968339675, 39.98173843075847], [-2.7807277355595224, 39.98131464937212], [-2.7794434227720335, 39.98062954041414], [-2.780507939498358, 39.97717908652726], [-2.7804359590695022, 39.97639698728295], [-2.7802872232403963, 39.97628885781692], [-2.7801772164594496, 39.976118543695485], [-2.7786077188417226, 39.97571452923654], [-2.779398323594931, 39.974841182064814], [-2.7796882182045857, 39.97456972660983], [-2.780147831709881, 39.973959101977165], [-2.780553788718284, 39.97412177788372], [-2.7809110454942467, 39.974389955554045], [-2.7823205564130404, 39.975753816164456], [-2.7825389086160595, 39.97588279626137], [-2.7831073030502576, 39.976012071044096], [-2.7835837421016256, 39.97618667103032], [-2.7840855638782536, 39.9764088882315], [-2.784428003059539, 39.9766206006246], [-2.7840025680096727, 39.9790386118271], [-2.786571836505821, 39.97814056979368], [-2.788979504058368, 39.97997139504692], [-2.789157444824323, 39.979900612421055], [-2.789420199664698, 39.98068170111958], [-2.7915013530216517, 39.98226411503278], [-2.7907351021548408, 39.98477038640478], [-2.7912500820264463, 39.98479042527147], [-2.7918730805070253, 39.98494164912097], [-2.7929614579971744, 39.985055000594926], [-2.7938790943136134, 39.98501749243637], [-2.7954010541610037, 39.9852037188517], [-2.796131880569294, 39.98521689951647], [-2.797743657972607, 39.9854526269037], [-2.799969763087825, 39.985572356163324], [-2.800363324349184, 39.98570806072853], [-2.801517944461445, 39.986421309511066], [-2.802791824175827, 39.98707453305196], [-2.803009972369594, 39.98725969527963], [-2.803265259848482, 39.98756457045224], [-2.8032818937506194, 39.98772740600219], [-2.8029666796093746, 39.98728475907415], [-2.802593136772714, 39.9870058103493], [-2.801469519233697, 39.98647952007854], [-2.8003108365952523, 39.985773142365275], [-2.8000999942961053, 39.98569754697729], [-2.7993131859280065, 39.9855606797452], [-2.797737679998492, 39.98549388142826], [-2.796124145034385, 39.985258060769354], [-2.7956912180641305, 39.98525551724361], [-2.7956674558062415, 39.988673208330184], [-2.7963444967625306, 39.988945269481825], [-2.7969961952376425, 39.989159669058346], [-2.797962350205817, 39.98966131150958], [-2.799316036807925, 39.98995017513266], [-2.79947328006415, 39.98997333219383], [-2.800170194162293, 39.989944623235004], [-2.8007904846538687, 39.98984126729657], [-2.802342995123645, 39.98971283245998], [-2.8024477924068205, 39.98976643929344], [-2.8025813892719973, 39.98994749379139], [-2.8025111814593897, 39.98996296115908], [-2.8024035563771728, 39.989793032925355], [-2.8023388871706185, 39.98975634283453], [-2.800797388856448, 39.98988389555987], [-2.8001767468513625, 39.98998716083012], [-2.7994689373247432, 39.990016391566726], [-2.7980906054688712, 39.98974289357574], [-2.7977937356687486, 39.98964173648481], [-2.7969677396521, 39.98919664953561], [-2.796322029515257, 39.9889851376062], [-2.795802730396295, 39.98876636670119], [-2.795013425606645, 39.9885153116359], [-2.7938993703253745, 39.98824817732065], [-2.793022890793771, 39.987855950098506], [-2.792501070836661, 39.98758625443447], [-2.7924259593188814, 39.99190597489954], [-2.792289326170688, 39.99167686890707], [-2.791938895767034, 39.99146955544502], [-2.7917586048978302, 39.99143679636767], [-2.7915784437965967, 39.99147701667009], [-2.791539522063125, 39.99148766834375], [-2.791542165983363, 39.99165831881655], [-2.7915061093214018, 39.99176682211749], [-2.791284799610618, 39.99204861090442], [-2.7912338149084572, 39.9922123173327], [-2.790717234876157, 39.99194433512151], [-2.7904261763857634, 39.991513591014446], [-2.7902486811070606, 39.99137127540685], [-2.790103546370441, 39.991333892271626], [-2.789169730884711, 39.991297239405974], [-2.7891664640663043, 39.991331110333284], [-2.7901005137313057, 39.99136794384558], [-2.7902243466298606, 39.99139979245136], [-2.790389220704811, 39.9915324447795], [-2.7906145450700244, 39.991892973964745], [-2.7907551924418827, 39.99201945532689], [-2.7911433111984443, 39.99219791879361], [-2.791466344086182, 39.99243996319093], [-2.79176585489837, 39.992520959225075], [-2.7921561784978968, 39.992785376778436], [-2.7924235068430434, 39.99274089692717], [-2.7932501777166125, 39.99246144877992], [-2.793598668763551, 39.99245990753289], [-2.7945622731936637, 39.99229520839289], [-2.794641325008173, 39.99230066426642], [-2.795026787983564, 39.992548575616084], [-2.795197385418337, 39.99284764229036], [-2.7955562228162703, 39.99275538471344], [-2.79597181894555, 39.99260204937778], [-2.7979725644190587, 39.99156176805478], [-2.798197836191873, 39.99147611683928], [-2.8016839965660467, 39.9905651158891], [-2.8017158209978366, 39.9906586921439], [-2.8019454569752162, 39.99068160927874], [-2.802084465538151, 39.99073293233555], [-2.801747667735648, 39.9907040659544], [-2.8014836750618275, 39.99073406725992], [-2.7983428485055537, 39.991556736698925], [-2.7978000673482706, 39.991784730253904], [-2.795916540123068, 39.99275592961289], [-2.7950670403622175, 39.9929941816044], [-2.7950777052527096, 39.99407991684514], [-2.7949784959697896, 39.99432188973311], [-2.794955241504326, 39.99481216198077], [-2.7949884088987775, 39.99492430257399], [-2.7951691356700437, 39.995108628359795], [-2.796209450796629, 39.99673462613407], [-2.796939412415898, 39.9961520788121], [-2.7968934169170905, 39.99625642178879], [-2.7963110378759493, 39.99670778175267], [-2.7960912479854856, 39.99695246178417], [-2.7957274931485805, 39.99746916381151], [-2.795174652478454, 39.998144012951535], [-2.795094929027539, 39.99843939332571], [-2.79471487662015, 39.99926852287778], [-2.794503390118208, 39.99986504691202], [-2.7938650904008915, 40.00128800111226], [-2.793607236030993, 40.002221767332436], [-2.79302020694846, 40.00345190802003], [-2.79211442660456, 40.00477814914317], [-2.791981820094199, 40.005081090469204], [-2.792212589423126, 40.004899596883], [-2.7923747906352134, 40.00481925450339], [-2.792939730616406, 40.005930446302465], [-2.7921224217769836, 40.00642983704777], [-2.793052950573697, 40.00715814128224], [-2.7927155171252678, 40.00727529609974], [-2.7928647628840206, 40.007437198410486], [-2.7931065640633346, 40.00783361018322], [-2.792593433435974, 40.00785575805406], [-2.791803822081388, 40.008022915255005], [-2.791681375967869, 40.00794872493117], [-2.7915130627025886, 40.007777416640984], [-2.791154233379251, 40.006993550321724], [-2.789697145698769, 40.007314366607346], [-2.7897038754398236, 40.00783217090288], [-2.7922305754367125, 40.008164684154806], [-2.7921478260090153, 40.0085997982227], [-2.792821651392843, 40.00855955975929], [-2.7941023538481438, 40.00857184298186], [-2.795734362186434, 40.00850097910778], [-2.7958764589688863, 40.00905051741569], [-2.795888254182707, 40.00985024610036], [-2.7959759112168174, 40.01023863175067], [-2.7962065609351305, 40.01049365385962], [-2.796491620783515, 40.011089700978374], [-2.7968854988839666, 40.011659269172334], [-2.797258031630391, 40.012158612497004], [-2.79746539269013, 40.01236809192321], [-2.7976025321816347, 40.01243121973025], [-2.7981871466090493, 40.01245701612472], [-2.7984824627589155, 40.01252258057538], [-2.8003716720524285, 40.01255053699626], [-2.8014057594235426, 40.01269984598414], [-2.801064818280433, 40.01162314323861], [-2.801242013274196, 40.01154654207742], [-2.8015229980326732, 40.011328258170835], [-2.801683240889605, 40.01115483211978], [-2.802976465470587, 40.00951897024125], [-2.803294774666146, 40.00920452906614], [-2.8033513392515252, 40.00954059971795], [-2.8032043893803866, 40.01011940873068], [-2.802875979378948, 40.011051632821776], [-2.8026587277242943, 40.01142417772137], [-2.803500293143011, 40.011449213292636], [-2.803821231807086, 40.010955300492604], [-2.803801124230364, 40.01085751037674], [-2.8038243486086576, 40.010767001434715], [-2.804168771579802, 40.010458458484216], [-2.8042923863434583, 40.01008872582483], [-2.8043140920157588, 40.00979116950225], [-2.8042670971724357, 40.00876929107813], [-2.8041944117210003, 40.00845607843295], [-2.8046350136322147, 40.008065437118034], [-2.805761589944956, 40.008383754231915], [-2.8059279064063736, 40.00774244633151], [-2.8060778729370717, 40.00741257894606], [-2.806167201179397, 40.00710513440338], [-2.80624078746363, 40.00614922931785], [-2.806286127021494, 40.006108490786126], [-2.806303504640895, 40.00621952037295], [-2.8062143779352917, 40.00704575458538], [-2.8062463879068664, 40.00731789768501], [-2.8062116126468126, 40.0076512122966], [-2.809628111887106, 40.00789823592045], [-2.8094508066448367, 40.00879576923356], [-2.808693744769214, 40.00860414536464], [-2.808712572860795, 40.0083230712775], [-2.8078033900435697, 40.00823209995286], [-2.8076839440499866, 40.00875257703729], [-2.8085431585681477, 40.00886581101409], [-2.80850871519103, 40.00911613589737], [-2.8076199219284588, 40.00902060183866], [-2.807546134756452, 40.00930275573029], [-2.8093134282286036, 40.00949091809442], [-2.8090050052694875, 40.01047157510756], [-2.806824064365585, 40.01203521094584], [-2.805929136817006, 40.0125623192527], [-2.8056000411229487, 40.01279521093206], [-2.8043712275463046, 40.0140333383967], [-2.803474216856497, 40.01392289258839], [-2.8032070646308562, 40.01392054719566], [-2.803150259373485, 40.01392009047815], [-2.8034742637004193, 40.013922901677596], [-2.80462604079157, 40.014064770877916], [-2.806080659889616, 40.01280781218629], [-2.805687953538583, 40.01555904446854], [-2.8078473009646103, 40.01540323788584], [-2.808423166138997, 40.01546743986256], [-2.808662149710874, 40.01553045258027], [-2.8098326335681407, 40.017134225969166], [-2.810586932307493, 40.01857026208764], [-2.810851949696928, 40.01901082196597], [-2.8107785141855586, 40.0193362248723], [-2.8095692325950963, 40.022425668953865], [-2.808954031272224, 40.02484061829654], [-2.809052797197772, 40.02485078190933], [-2.8105944108452103, 40.024708434987225], [-2.814816342379379, 40.024395407763876], [-2.815139270212535, 40.02432925115777], [-2.8152311799528627, 40.02418758416451], [-2.815240090314355, 40.02384081281284], [-2.815362663455263, 40.023713970589746], [-2.8154163966925148, 40.02360494802244], [-2.8155491579042438, 40.02361119595027], [-2.8157457566846427, 40.023847113872776], [-2.815725175801715, 40.024004661805805], [-2.815752869648446, 40.02416318747012], [-2.8158915515905427, 40.024234314670075], [-2.816432217426731, 40.024215531113505], [-2.817547755433756, 40.02404646333083], [-2.817813615752839, 40.02397678569392], [-2.8213406068080897, 40.02358665848718], [-2.8218422778046035, 40.02346372684525], [-2.822457131157483, 40.02339241220989], [-2.8238539088178904, 40.023085148621874], [-2.8239389182686345, 40.023021578806315], [-2.824052197922812, 40.02267586617293], [-2.824170926472443, 40.02262433035414], [-2.824194254286885, 40.022667252205075], [-2.824373140824533, 40.02273734909215], [-2.824504294028421, 40.02286773881648], [-2.82471187121631, 40.02290057821869], [-2.824548463105094, 40.02319026499511], [-2.824497288826373, 40.02385915759527], [-2.824537286429771, 40.023756236624784], [-2.824532142883089, 40.0236139647482], [-2.8266215822385345, 40.023187524351336], [-2.8271626206313485, 40.023014354092886], [-2.827754524351738, 40.023026948071156], [-2.8289126324771563, 40.02287387596472], [-2.8293914361057944, 40.022702495437976], [-2.829570413428725, 40.02259698420492], [-2.8299328510656, 40.02251489716152], [-2.8302249705763742, 40.02304888351041], [-2.8302976755404985, 40.023264143069795], [-2.830462751239078, 40.02342493410271], [-2.8307475061918557, 40.023622664076285], [-2.8311678143327788, 40.0241216970484], [-2.833049009428329, 40.02339400133248], [-2.835110995736817, 40.022665811564735], [-2.8350095084837053, 40.022568812184936], [-2.834433356846329, 40.02224868451515], [-2.83424009922751, 40.02210858124654], [-2.834282159749799, 40.02206683610623], [-2.8341655192475375, 40.02193710887167], [-2.833978670573799, 40.02157086478776], [-2.834902013289674, 40.02127423105751], [-2.8351281961059467, 40.02117238235474], [-2.8353340642428306, 40.02118492834054], [-2.8366651120574784, 40.020927871416866], [-2.8375574185814942, 40.02068590091376], [-2.840012322185311, 40.019965464152875], [-2.840130632422982, 40.019877633548944], [-2.840514619102397, 40.019865030900576], [-2.840719086093492, 40.02002533005571], [-2.8409479216633025, 40.020135653591176], [-2.8413695849745393, 40.020274801740406], [-2.8414428349111622, 40.02027355052014], [-2.841420397751806, 40.02039587243048], [-2.8414508983205318, 40.02063512342199], [-2.841577618160693, 40.02122281894729], [-2.841559770360055, 40.02144074072959], [-2.841413168021419, 40.02189642970896], [-2.84143889846671, 40.022574089135006], [-2.8413012356283223, 40.02301159490053], [-2.8414314465898447, 40.022806350590606], [-2.841523871359288, 40.02246834517303], [-2.8415085026202163, 40.02197170155423], [-2.8417154596014775, 40.02126355123932], [-2.841738837953804, 40.02103554604325], [-2.841704897379221, 40.020864494361376], [-2.8415406910369025, 40.020422976175645], [-2.841548451700997, 40.020360909505456], [-2.841838009258353, 40.020131393863416], [-2.841963336581825, 40.02008685838555], [-2.842257399249112, 40.01986669996394], [-2.8424529965204606, 40.01960532693611], [-2.842635181371115, 40.0192670775369], [-2.842833247632506, 40.018633018151796], [-2.842890933452582, 40.018637060668816], [-2.84290639590739, 40.01859355994601], [-2.84296772917057, 40.018586034322105], [-2.843019391983927, 40.0187254944353], [-2.8432243572915734, 40.018704968344856], [-2.8438802593635235, 40.01858741590422], [-2.8440815551979104, 40.01850810813056], [-2.844464023633442, 40.01843019204941], [-2.844487261327185, 40.0183809938603], [-2.844756019219313, 40.018295901051715], [-2.844826985592463, 40.01830078929381], [-2.844785793250868, 40.01823732337841], [-2.844660348487787, 40.018191250524616], [-2.8446784803389717, 40.01807330541901], [-2.844769177294366, 40.01799144705372], [-2.8450340045058575, 40.01824191266947], [-2.8452819936096674, 40.018134739454965], [-2.8455487173964977, 40.018121990532734], [-2.846225718007306, 40.017796611053186], [-2.8467045391803167, 40.01763455600998], [-2.8467062679349393, 40.01749562764484], [-2.846744653572923, 40.017465495684235], [-2.846889366947738, 40.017593693275266], [-2.8488041267005375, 40.01724344768374], [-2.8488269709288345, 40.01713199508847], [-2.849156816655297, 40.017158544217416], [-2.8493443763515067, 40.017126353022626], [-2.849681174055285, 40.016956600303025], [-2.849778231340598, 40.016835094244115], [-2.8498226608724617, 40.01686416329108], [-2.8498891192544047, 40.01676802954107], [-2.850172019669756, 40.01678999205846], [-2.8524544453021883, 40.01601160200568], [-2.8545343543999926, 40.01540978822276], [-2.8545827356216726, 40.01527794585069], [-2.8545393398729555, 40.01520025867169], [-2.8546196006776206, 40.01515319321619], [-2.8546835766971395, 40.015184852713], [-2.8548733341372596, 40.01507388735843], [-2.854880211593162, 40.01494703834615], [-2.855149213587192, 40.01492522885697], [-2.855230860734355, 40.01480953274908], [-2.8553793975054145, 40.014818849611416], [-2.855333708739097, 40.01509710001901], [-2.8555107621209097, 40.01510319527335], [-2.8572598749226525, 40.0146986435743], [-2.8592375955095157, 40.014342036580935], [-2.8594413854090432, 40.014068927322725], [-2.859930275480931, 40.013943021982975], [-2.86046444562019, 40.01410498641421], [-2.8618161953584127, 40.013635723606484], [-2.862656543642554, 40.013415672174396], [-2.862574069236663, 40.01329950594462], [-2.8625313114701294, 40.01300213256351], [-2.8626002075813703, 40.01218791496692], [-2.8625813051642655, 40.012089866154355], [-2.8624750525579556, 40.01202036481427], [-2.862547069431571, 40.011928284709846], [-2.8625805763876926, 40.01163820952877], [-2.862585788545838, 40.01125647130712], [-2.8625242853364607, 40.01096466165538], [-2.8625387554124715, 40.01064069157964], [-2.8623683050872577, 40.01010594340929], [-2.862325463951411, 40.0097931629613], [-2.86233161042493, 40.009591441215406], [-2.8626367364104954, 40.008940666181175], [-2.8626012898304, 40.00885485551912], [-2.862219197327397, 40.008686459512894], [-2.8621410400361817, 40.00863194746903], [-2.8619954414835216, 40.008379955196794], [-2.8616067709653605, 40.00822190607506], [-2.8614466509280234, 40.008083779448135], [-2.861212874755575, 40.00775527773385], [-2.86112012751023, 40.007442977529436], [-2.8609916723210302, 40.00717559324864], [-2.8608539213901905, 40.00698604221695], [-2.8607344328283575, 40.00686192402012], [-2.8603915991893945, 40.006696632434746], [-2.8600061777607517, 40.00621631070281], [-2.8598478055560994, 40.00608673872869], [-2.8597725016402578, 40.00589978461911], [-2.8597949850757773, 40.00573646884834], [-2.860048153558433, 40.005572436281405], [-2.860130720518997, 40.005475860913606], [-2.8601945287814248, 40.00538268657845], [-2.8602309573197835, 40.005214427639444], [-2.8595024981405404, 40.004053365073666], [-2.859271581873703, 40.003878114754386], [-2.859201715231567, 40.00378378747186], [-2.8591078339199294, 40.00346598809872], [-2.8590589002536415, 40.00339051663619], [-2.8583937552503786, 40.003182390524515], [-2.858071893156079, 40.0029746859837], [-2.858112803438996, 40.00290427948951], [-2.858159295389145, 40.0029701078899], [-2.8584288787872802, 40.00313702858081], [-2.859109004588047, 40.003349582998275], [-2.8591721862431614, 40.00344705564823], [-2.859266899090098, 40.003765126273926], [-2.8593271853265736, 40.00384655788674], [-2.8595596180852185, 40.00402217032551], [-2.860164583904721, 40.00501451042781], [-2.860359102374656, 40.00528287631709], [-2.8609777381272745, 40.00573329864579], [-2.861660387049614, 40.006105584597044], [-2.8621769113678246, 40.00629810849372], [-2.8629678840963577, 40.006529426703715], [-2.8638864647904403, 40.00669259074984], [-2.864149948448451, 40.006995808964135], [-2.8642894137766834, 40.00733005527232], [-2.864486473899241, 40.00804286536899], [-2.8645293123993727, 40.0080057951328], [-2.8645598049182035, 40.007756620084415], [-2.8646155456233813, 40.007652982569184], [-2.864840481468419, 40.007541163365666], [-2.8647370924793716, 40.007447881549275], [-2.8645026979398485, 40.00742526347627], [-2.8644061206267555, 40.0069688093028], [-2.8644673034645556, 40.006426581724085], [-2.8645436332534473, 40.006279090623856], [-2.8647048032492193, 40.006123774431835], [-2.8647025838099753, 40.006061063709204], [-2.8645677766168394, 40.005803676773255], [-2.8645776804159833, 40.0057128696674], [-2.8644971162186104, 40.00545428913736], [-2.864917002221883, 40.0054631538936], [-2.8647454337119296, 40.00625500438207], [-2.8646351477633623, 40.00716035481876], [-2.8646664257526098, 40.007278415055275], [-2.8647189110141964, 40.00733983298186], [-2.8647694939947415, 40.00729952816834], [-2.864783551105116, 40.00676634984605], [-2.8648416077322962, 40.00620367068598], [-2.8648701250704396, 40.006179827998814], [-2.864937410749512, 40.00622162175381], [-2.864994312397548, 40.00618195488256], [-2.8649254559385446, 40.00699365207123], [-2.864937802527011, 40.00720890577824], [-2.864985253181615, 40.00738762514607], [-2.8652878177804895, 40.0073634706087], [-2.8657078463903676, 40.00748495951101], [-2.865610187691663, 40.00650332904843], [-2.865618635670998, 40.00613853249817], [-2.8655814497111867, 40.006102089827515], [-2.865557106280765, 40.00614846200461], [-2.8654847203632463, 40.00607855214729], [-2.8654494148171836, 40.00609887328787], [-2.8653983259661153, 40.006224410422995], [-2.865358621452581, 40.00621760696184], [-2.865273788107515, 40.00598334395893], [-2.865196037007216, 40.0055439362097], [-2.86555884558975, 40.00502881743451], [-2.8655896634185667, 40.004787399791866], [-2.8657491557996324, 40.00453152638139], [-2.8657607651190244, 40.00440648392069], [-2.8656848464244793, 40.0041074510653], [-2.865751849502845, 40.00357793308692], [-2.8657492225099315, 40.003423772483345], [-2.865685283616468, 40.003289456985925], [-2.8656930610052584, 40.0029077210371], [-2.8658050021913617, 40.002702071508594], [-2.865929920227613, 40.002626894197604], [-2.8659235838464165, 40.002811677750145], [-2.8659617355728964, 40.00301245558637], [-2.86603584316394, 40.00309921548594], [-2.866213871645343, 40.00312455845238], [-2.8663618892120666, 40.002976342419856], [-2.866334172690837, 40.00426965723144], [-2.8661538760927563, 40.00498428149938], [-2.8664060918863523, 40.00571454120653], [-2.866553893277555, 40.00586355320724], [-2.8663882554423217, 40.007585934757685], [-2.8664250849049835, 40.00804637279439], [-2.86634978266629, 40.00844605017555], [-2.8663254570497005, 40.00884353384193], [-2.8665851878781847, 40.0099377019959], [-2.866754055827374, 40.01046235122042], [-2.8668226234460628, 40.010872194921475], [-2.8668011914393086, 40.01176818400395], [-2.8668458718449785, 40.01205006126964], [-2.866929604682515, 40.01231459447777], [-2.8670666068099764, 40.012599280535504], [-2.867123820206351, 40.01282089661035], [-2.867066199655151, 40.01316851337563], [-2.867158778366716, 40.013585682147536], [-2.8672512424526566, 40.01382067299349], [-2.8685767146784324, 40.01394804577267], [-2.870056917714643, 40.013988006459805], [-2.8700984624386785, 40.01352431978998], [-2.870352047890573, 40.01240208443764], [-2.8725574973174273, 40.01228540337075], [-2.8725873287863655, 40.01222585449686], [-2.8725718736008856, 40.01213773987505], [-2.8728758004708266, 40.01209969649756], [-2.8736827338604356, 40.011883826034996], [-2.874272914337965, 40.01187798075891], [-2.874283816746237, 40.01171214955177], [-2.875535821953281, 40.01151170885271], [-2.8760016341542993, 40.01137619652042], [-2.875988843103916, 40.01177864525494], [-2.8759497555818836, 40.01194645563788], [-2.8753194134235853, 40.012628806130984], [-2.8752527053063828, 40.01284208591966], [-2.8751579214417866, 40.0134769029576], [-2.8752848283060457, 40.01353415708502], [-2.875433431186731, 40.01351999135993], [-2.8754866670516415, 40.01324399346498], [-2.8757075275160924, 40.0127372502834], [-2.8757969124064875, 40.01261796653513], [-2.8760542739548782, 40.012463994639184], [-2.876245971758968, 40.01226418238457], [-2.8765936920495743, 40.01242357578925], [-2.8769381089938104, 40.012720363777774], [-2.877066885773788, 40.01265301720155], [-2.877082756494113, 40.01249644406424], [-2.8769294507766405, 40.012325190147635], [-2.876642111438835, 40.01208306215221], [-2.8764842746110637, 40.011891526300786], [-2.8763593764421795, 40.01163128524923], [-2.8763317000761734, 40.01144979872451], [-2.8763588954159767, 40.011352395964266], [-2.8766944877051697, 40.0113502848273], [-2.8769748620943805, 40.01124442504301], [-2.8770417372008597, 40.011329282565185], [-2.877357447882324, 40.01156152436349], [-2.8774514484352767, 40.01174163922835], [-2.877439192251928, 40.011912001224196], [-2.8773748859254265, 40.01209348027918], [-2.8773743441827677, 40.01239620381686], [-2.8772807661995174, 40.01243772994745], [-2.8773051082874908, 40.0125852458165], [-2.87739841563165, 40.012695083679205], [-2.8776001699667684, 40.01276719497904], [-2.8778020579160244, 40.012771192135666], [-2.877863787061007, 40.013045960871004], [-2.8777454812570555, 40.01321756251545], [-2.8777019214851722, 40.01352961528281], [-2.879738632345223, 40.013207304563366], [-2.8778517129085097, 40.01095208863877], [-2.87671819599782, 40.010051626470975], [-2.8766251453317024, 40.00993848619998], [-2.876734265289267, 40.00988246685418], [-2.8775274326107354, 40.010464046868044], [-2.8776584721863134, 40.010681965238746], [-2.877756308524715, 40.010757615504716], [-2.8784313663700263, 40.01067364263939], [-2.87903218631464, 40.01055852264375], [-2.8814729760973794, 40.010280313268524], [-2.882630170179973, 40.0102874194177], [-2.8840254032307753, 40.01014311780132], [-2.8846638464187064, 40.01020038592825], [-2.8847056504468975, 40.01015268467889], [-2.8854452636785988, 40.010146836460024], [-2.8861451291381597, 40.010069384269364], [-2.8865425740022492, 40.00998586141538], [-2.8865878583483315, 40.00993703666876], [-2.886514675980931, 40.00987987903647], [-2.886641821655086, 40.00980510963632], [-2.886958727818461, 40.009818217574285], [-2.8870944396433447, 40.009774373107554], [-2.88712495867351, 40.00969452658936], [-2.887305411532256, 40.009721398193264], [-2.887282395898443, 40.00981278908584], [-2.887187304594954, 40.00988969868511], [-2.887151762281697, 40.00996401282315], [-2.887326685266566, 40.00997321983101], [-2.8876627832839303, 40.009897733271096], [-2.8880649150176825, 40.00986259227893], [-2.888731600141117, 40.00994649819686], [-2.8897186272775235, 40.0098435362869], [-2.891641051408278, 40.009824766813615], [-2.892688078527651, 40.00993971030973], [-2.8938848021676558, 40.00996098514532], [-2.8945195733642213, 40.00975149247408], [-2.8946018339414135, 40.00948682828848], [-2.894956256654713, 40.009144854795], [-2.8951061100980358, 40.0088980457956], [-2.895241275580196, 40.00893107629721], [-2.895215819148448, 40.00906265472719], [-2.89512667204981, 40.00917800296625], [-2.8949797962106563, 40.00972926884022], [-2.896256982217369, 40.009765868155895], [-2.898868347847601, 40.00995490861253], [-2.899342675167529, 40.00989453703612], [-2.8998549593993364, 40.00994161999047], [-2.899969469812911, 40.009896192439534], [-2.9002626141492915, 40.00987520902443], [-2.9009600082539677, 40.00985663877993], [-2.9010124283647607, 40.00989376784081], [-2.9013750483512335, 40.0098720030216], [-2.9014458237280842, 40.009505410008444], [-2.902061894004482, 40.00971205363656], [-2.902104496551269, 40.00962571732141], [-2.902236766976209, 40.00967104458351], [-2.9023851738508344, 40.0096366441797], [-2.902531728428148, 40.00952049624173], [-2.9026982586256196, 40.00946688379334], [-2.902880233391645, 40.00945721126018], [-2.9029466204532417, 40.00925452416229], [-2.903079496462661, 40.00924849519109], [-2.903070047487916, 40.00958359726923], [-2.9031319155854285, 40.00958106769348], [-2.903158301089918, 40.00969345979111], [-2.90375078748826, 40.0096532381402], [-2.9043045421942106, 40.00968100987185], [-2.904387369955672, 40.00962511395054], [-2.9062688636623917, 40.009460433874004], [-2.9064262466419084, 40.00949207277967], [-2.9095251299311817, 40.00908670992785], [-2.910996839138488, 40.00895112147431], [-2.911108523892879, 40.008886679095184], [-2.9122117657713344, 40.008683574486014], [-2.913423145260941, 40.00852209784443], [-2.913614363281469, 40.00854267022605], [-2.9146002722966524, 40.00834591986985], [-2.914624279501191, 40.00827069231113], [-2.915539269811863, 40.00811012807026], [-2.91647045882701, 40.007878215252404], [-2.9175100515157038, 40.00766759921344], [-2.9176466356119155, 40.00762396283055], [-2.9176950033311284, 40.00753425067653], [-2.917501225653572, 40.00650241982543], [-2.9176164876295956, 40.00628022575793], [-2.9175846669336734, 40.00613365436845], [-2.917654590177386, 40.00611696951656], [-2.9155859194653604, 40.00086574690768], [-2.9126096229951064, 40.001073559383265], [-2.9125833277963866, 40.00102317477428], [-2.9155217739943233, 40.000821732347035], [-2.915611373867665, 40.00083954692647], [-2.9157289207046775, 40.00109073557286], [-2.9189273136308813, 40.00931607509751], [-2.9189647000600663, 40.00930754194726], [-2.9189430903258913, 40.009251576058745], [-2.9190464424893503, 40.00914326055954], [-2.9190639249132393, 40.00902326240431], [-2.91889167837011, 40.008141984721846], [-2.9189580523427963, 40.00799345973709], [-2.919076606753213, 40.00790821987629], [-2.9199589719453543, 40.00771007667453], [-2.9214505911033317, 40.00750702550002], [-2.9214389147734274, 40.007472059601334], [-2.92026193597031, 40.007629377605625], [-2.9228207493613105, 40.00695033012121], [-2.9237449321687703, 40.00673993258016], [-2.924115617432479, 40.007701771814496], [-2.9261273542594055, 40.007382679906065], [-2.9337414310020784, 40.009274536503526], [-2.9347641593730596, 40.007717698144525], [-2.937273345027193, 40.00862987395099], [-2.9382815938851903, 40.007042719116804], [-2.9318235596420763, 40.0045490951722], [-2.9318511324968615, 40.00450838711622], [-2.931751009343483, 40.00446039609118], [-2.931557594129306, 40.00444622675292], [-2.9312996074914377, 40.004332100207726], [-2.9313852794824284, 40.00430314392431], [-2.9387682935253827, 40.00717686277205], [-2.946062267172846, 40.009934387441334], [-2.947350033973994, 40.00770832300951], [-2.9480042998479914, 40.00845480016075], [-2.948147167912185, 40.008552796071704], [-2.9496178904723798, 40.00879535758899], [-2.950398185151718, 40.00901102361379], [-2.9517923783858766, 40.009639314839056], [-2.9523940570100473, 40.00994481063609], [-2.9525821281805, 40.01009093638157], [-2.95281587982599, 40.010430696227964], [-2.952908406074825, 40.010485062871744], [-2.9534775614896946, 40.010571246100355], [-2.9541824365849485, 40.00885995563815], [-2.954275934115455, 40.008686279331265], [-2.9544195856712387, 40.00851010894844], [-2.959223292349934, 40.00519055600413], [-2.9626779418636926, 40.002134632825346], [-2.965615090972398, 39.99948686254151], [-2.9656471497384693, 39.99933379999008], [-2.9660099228607164, 39.99941634214573], [-2.965777376889854, 39.99942159400331], [-2.959262638291235, 40.00522399617807], [-2.9574027138623937, 40.00652468853607], [-2.9547549272688016, 40.0083130160614], [-2.9543938538269234, 40.00861028768027], [-2.9541785890688774, 40.00900680916487], [-2.9537343352732295, 40.010150326083235], [-2.955180127692446, 40.01115106155404], [-2.9563450395754236, 40.01096977433785], [-2.9581908177358764, 40.01060754524852], [-2.9587845023626054, 40.010434139323905], [-2.960102589520141, 40.00976193440362], [-2.9610037940721763, 40.00924517393129], [-2.9664956203210298, 40.006526768414574], [-2.9666421007587114, 40.00648257258655], [-2.9667034677929585, 40.00653619849885], [-2.968346955350489, 40.005693166681105], [-2.9701623813800566, 40.004889717833265], [-2.970113328106233, 40.004805729398285], [-2.970495095000821, 40.00466356254761], [-2.971931986795994, 40.003996658452905], [-2.972340810340958, 40.00386539841001], [-2.9727921987228134, 40.00362323632055], [-2.9732233529273615, 40.00330087608632], [-2.9732399244297127, 40.00316672402546], [-2.9734105720614754, 40.00300792506778], [-2.974154742640707, 40.00273167279351], [-2.974909614224524, 40.00231414889971], [-2.975527294676834, 40.001912538516684], [-2.9759524495714595, 40.00157584568774], [-2.9765252991974394, 40.001023396552576], [-2.976177135230174, 40.000980528955765], [-2.976047885659769, 40.001049157002285], [-2.9758607916111592, 40.001050739950344], [-2.975636727193562, 40.00091158623975], [-2.974727893839068, 40.00079120088001], [-2.974751604584598, 40.00068245774184], [-2.975567301315663, 40.00078317744897], [-2.9756289335916435, 40.00075508434904], [-2.975678187585832, 40.000630935122814], [-2.9758284196408606, 40.00049321118514], [-2.9762840858235977, 40.000332390253845], [-2.976482079978174, 40.000310541284115], [-2.976730792582439, 40.00032996255958], [-2.9770730774945156, 40.00042814752049], [-2.9772299561782307, 40.00039168424357], [-2.9776693123114035, 39.999938765863995], [-2.9778057489865075, 39.999714267777726], [-2.978131404250045, 39.99944061185078], [-2.9783478669765637, 39.99916820052579], [-2.9785164439009972, 39.99881865598977], [-2.978860161192861, 39.99843454110708], [-2.978829504478187, 39.99831723235037], [-2.9787334650775485, 39.998245316520126], [-2.97883635297787, 39.998161634258615], [-2.979146220604345, 39.998376646817114], [-2.979793040007317, 39.99768436591551], [-2.980315271698791, 39.99731730841442], [-2.980659763427547, 39.99701991302904], [-2.9811370633750087, 39.99624704610961], [-2.981252131666955, 39.99572513644775], [-2.981357450161355, 39.99553058749641], [-2.9818516125874646, 39.99497266900499], [-2.9822977282045806, 39.99460797715273], [-2.982350233519632, 39.99452877405213], [-2.9823316380141867, 39.99447119717232], [-2.9822469655391037, 39.99441690417394], [-2.98183171577636, 39.9942657921356], [-2.9827917531254786, 39.99450595552396], [-2.9832766746176547, 39.99469469195393], [-2.9829554187302967, 39.99479262730218], [-2.9825410790438815, 39.99485463376717], [-2.982150772395621, 39.99523977255171], [-2.9819544273277403, 39.99557001835874]], [[-2.9625228061875495, 40.015419770157884], [-2.9625147680261703, 40.01541614427572], [-2.962573928163037, 40.01544283234076], [-2.9625228061875495, 40.015419770157884]], [[-2.962282035367783, 40.01523569299381], [-2.9622821859000483, 40.015387958303336], [-2.9625147680261703, 40.01541614427572], [-2.962282035367783, 40.01523569299381]], [[-2.8668079872900596, 40.02840302439792], [-2.8664782859690945, 40.027694032254374], [-2.86629065364548, 40.027152419676014], [-2.866149282017954, 40.0266287040116], [-2.8660830068936574, 40.02618534737394], [-2.866011348530564, 40.02597209817276], [-2.865925253480101, 40.02594974449121], [-2.8656819393086934, 40.025536635591244], [-2.865599284221381, 40.025493563207974], [-2.8653656587680993, 40.02552510096779], [-2.865280347677122, 40.02557824949496], [-2.865255822105618, 40.02565399305031], [-2.86528355308788, 40.02579565869471], [-2.8652060257621152, 40.02594584680394], [-2.865250575852606, 40.02611653892727], [-2.865697583265589, 40.02675962924208], [-2.865489273299365, 40.026728849061385], [-2.8654176632553163, 40.02684652343919], [-2.865438562378776, 40.026946465910314], [-2.8654769736792645, 40.027021111290935], [-2.8656507647517153, 40.02714411138288], [-2.865799578843752, 40.02739709757316], [-2.8658622738241, 40.02775918214294], [-2.8659974365772936, 40.02810188490413], [-2.865963017596742, 40.02826230882856], [-2.866087598387203, 40.02856319846107], [-2.866110796510341, 40.028866763874284], [-2.866193014385368, 40.02895289748187], [-2.866476645651203, 40.0291304464921], [-2.866449870124095, 40.02939836569196], [-2.866499574923914, 40.02945266167703], [-2.8666210057046766, 40.02944757585185], [-2.866872327034884, 40.02930586664183], [-2.8669390625148, 40.0293415318151], [-2.866987168717488, 40.02931392710206], [-2.867166227940365, 40.028964017989104], [-2.8668079872900596, 40.02840302439792]], [[-2.7840025680096727, 39.9790386118271], [-2.7830556548130714, 39.97945724185425], [-2.783097242161913, 39.97975004884156], [-2.7830777215613467, 39.97996030158013], [-2.783775517789759, 39.980439035829285], [-2.784539807809432, 39.98022179061616], [-2.78435246637781, 39.979759959108826], [-2.7840025680096727, 39.9790386118271]], [[-2.8549709062615762, 40.01667147832042], [-2.853692612273037, 40.01661831763766], [-2.8515380702858266, 40.01715675847176], [-2.8499160523471487, 40.01746640725688], [-2.8497335804164914, 40.01752137816599], [-2.849637511593411, 40.01758445709631], [-2.8495896174767283, 40.01770025682602], [-2.8496640329228526, 40.01814370087711], [-2.8496586717185353, 40.0180647246459], [-2.8547410744413777, 40.01839086734545], [-2.8549709062615762, 40.01667147832042]], [[-2.849488244249311, 40.017705291569435], [-2.8494700186731583, 40.01748838471248], [-2.8490829919906546, 40.0175233438044], [-2.8489299875896656, 40.017638014514844], [-2.848903634668211, 40.017717180540835], [-2.8489771665501307, 40.01822461650611], [-2.84887349581894, 40.01852450665916], [-2.8487150416023517, 40.01869143111865], [-2.8487376171214587, 40.01876299814737], [-2.8489361762362, 40.01874271487527], [-2.848851376244038, 40.01882783671103], [-2.8487442021214293, 40.01901807327396], [-2.848752637589133, 40.019125025721365], [-2.849104216095293, 40.019751302468606], [-2.849093159574903, 40.02003329376134], [-2.849130606019973, 40.02032336238069], [-2.8490370097726228, 40.02035783799299], [-2.8490018006008535, 40.02065051940214], [-2.84964624353046, 40.02068568451632], [-2.8497094241825702, 40.02046691926902], [-2.8497645302499794, 40.02008254401073], [-2.8497753161411086, 40.019703611719], [-2.849599863261939, 40.018971340548525], [-2.849592156251969, 40.0180035957974], [-2.8495419952546035, 40.01770262200345], [-2.849488244249311, 40.017705291569435]], [[-2.847918662915071, 40.02632189617275], [-2.8477651581956787, 40.02615366265685], [-2.8461903532855812, 40.02617275606114], [-2.8461826285353586, 40.02621779458997], [-2.846313059352822, 40.02632860294746], [-2.8463834198715605, 40.02656817555595], [-2.846464572581214, 40.02670153739338], [-2.846421029939707, 40.02714493985004], [-2.846460822722805, 40.027691970273445], [-2.8463227014982104, 40.0282389540298], [-2.846382352902832, 40.02865834251794], [-2.846637655824685, 40.02905879927463], [-2.8472524348578303, 40.02976218719117], [-2.8476152052246233, 40.03064417427238], [-2.847697536574981, 40.030777806998785], [-2.847804878643687, 40.03083804305913], [-2.847822269763337, 40.029293623477884], [-2.8477969505698493, 40.02819053072361], [-2.8477576757649645, 40.02803821429695], [-2.847520500829814, 40.0277613931126], [-2.8474981700496746, 40.027631803462064], [-2.8476200287655664, 40.02727554238062], [-2.847905312206029, 40.02684263803914], [-2.847990286656219, 40.02647271886491], [-2.847918662915071, 40.02632189617275]], [[-2.8470403981138777, 40.02166541530373], [-2.8471549205264104, 40.02138698451199], [-2.847152721169116, 40.021272377412224], [-2.8475882927796103, 40.02127898763166], [-2.8475974884718025, 40.01936326226007], [-2.8477687552184245, 40.01805725567726], [-2.8474359857061775, 40.01819480268495], [-2.8474644859344633, 40.01829150150705], [-2.8474205599998936, 40.0183046880421], [-2.8472754336863417, 40.01824759117612], [-2.8464800215659336, 40.018433781213716], [-2.846014998697751, 40.01844192174614], [-2.846002600961668, 40.01863992646532], [-2.8460418249228363, 40.018698654696436], [-2.845878630423186, 40.01861761565044], [-2.8457291975228562, 40.01844896568678], [-2.844634529424681, 40.018781972906716], [-2.8443555494139137, 40.01896063615303], [-2.8439451171188765, 40.019036297811496], [-2.843448488055763, 40.01900994564057], [-2.8428332473075613, 40.01928951485567], [-2.842840321555662, 40.01936773823575], [-2.8429743263154723, 40.01948592981262], [-2.8430763861648347, 40.01966842122667], [-2.843213605513659, 40.019813583104245], [-2.8431763798253034, 40.01983742212949], [-2.842823611254571, 40.019623029834115], [-2.842716892078613, 40.01960983439611], [-2.8425444808738156, 40.019924748375004], [-2.8422525411832593, 40.02013418879209], [-2.8417900182141533, 40.02031304631355], [-2.841733102130682, 40.02025422492713], [-2.8415928377758393, 40.02037277297842], [-2.841784778309536, 40.02103425730857], [-2.8417607989810887, 40.02126883882099], [-2.8415538437025663, 40.02197644863305], [-2.8415700393479777, 40.022470390447545], [-2.8414751260628446, 40.02281785274721], [-2.841300259653806, 40.02312935113916], [-2.8414293214746253, 40.02321557102825], [-2.8429868178618753, 40.02218553347362], [-2.84343442997054, 40.02184872346642], [-2.8437240745870023, 40.02151169879097], [-2.844507548808357, 40.02091450885733], [-2.844521053138855, 40.02054341476374], [-2.844660814401011, 40.02040692855682], [-2.844843858665851, 40.02030365156815], [-2.844896910098777, 40.02021506649141], [-2.844849198930646, 40.020067152368775], [-2.8448926637912235, 40.01997107634942], [-2.8451188832226904, 40.019893804823546], [-2.845258711769459, 40.01936845643872], [-2.8459560387690663, 40.019434431477364], [-2.846007642591124, 40.01962397545632], [-2.845989626810566, 40.019923075760026], [-2.8464569358499854, 40.020771149901556], [-2.8467129730246006, 40.02145379380571], [-2.8470399413908263, 40.02186732349823], [-2.8470403981138777, 40.02166541530373]], [[-2.960570867954532, 40.01627970809139], [-2.9607449605208997, 40.01594307180874], [-2.960878752133626, 40.0157736476339], [-2.9612532723537655, 40.01554411871585], [-2.9611719160945484, 40.01520235508872], [-2.9616087436424423, 40.01459172767785], [-2.961734538406567, 40.01448644945933], [-2.9617484138694348, 40.01439923936885], [-2.9618028198511914, 40.014334022000135], [-2.9618789791794473, 40.013932219873745], [-2.9620276325564765, 40.01358485602002], [-2.960881745788141, 40.01343437193983], [-2.9607266248868718, 40.01400634597856], [-2.9607765094287086, 40.01407267485862], [-2.9608055828572533, 40.0142531460933], [-2.9607880009364966, 40.014457391862734], [-2.9606440799016145, 40.01490548501373], [-2.9606811359150877, 40.0152648075805], [-2.960615000432769, 40.01574481710663], [-2.9604499355244918, 40.01608289785121], [-2.960471087132361, 40.016182999189965], [-2.960570867954532, 40.01627970809139]], [[-2.963245424585596, 40.0116677100498], [-2.9636185926916916, 40.011268338445866], [-2.9637774382526287, 40.01090745620134], [-2.9639736255282063, 40.010599391686924], [-2.964027238939241, 40.01025973939437], [-2.9641030589350272, 40.01001361552742], [-2.9644747651966936, 40.00926547621203], [-2.9635148884544167, 40.00998550602031], [-2.963353758815434, 40.010236913828635], [-2.9630813293646314, 40.01047666788062], [-2.9629892711521566, 40.01039771278993], [-2.9627966707863744, 40.01056639991476], [-2.962136684515553, 40.01135201515901], [-2.963245424585596, 40.0116677100498]], [[-2.962796019991301, 40.01025439530833], [-2.963217914513868, 40.00988540351092], [-2.9635741663913873, 40.00913221668121], [-2.9637612773759225, 40.008919283937935], [-2.9639012126966726, 40.00884625822232], [-2.9643153501087425, 40.00872060982385], [-2.9645441429197317, 40.00855751726752], [-2.9647060857972525, 40.00853089772131], [-2.9649684010966575, 40.00856827783608], [-2.965074798872065, 40.0085465017531], [-2.965543171794592, 40.00819256172507], [-2.9656014956410113, 40.008241322013745], [-2.9662314847949105, 40.00779616236841], [-2.966729196694977, 40.00757394468381], [-2.9666759249850907, 40.00750779751317], [-2.96671019161203, 40.00739518497269], [-2.967052899246723, 40.007144995406264], [-2.967806002855677, 40.00645911589008], [-2.96855821751905, 40.00590315237964], [-2.9685385869328593, 40.00578872267373], [-2.9655385219693016, 40.00721068236693], [-2.9647238634433752, 40.00768173493045], [-2.963754417037003, 40.00816652290546], [-2.962945531221036, 40.00853548378088], [-2.9625236543323825, 40.008681212110666], [-2.9619765634244777, 40.008957909225465], [-2.9617185522113774, 40.00917567646837], [-2.9606010331132113, 40.009742823979735], [-2.959232126267839, 40.01057737305323], [-2.959160429845587, 40.0105585173575], [-2.95884844605199, 40.01068030489746], [-2.95846481446237, 40.010894420746475], [-2.9585323845806295, 40.01095544119117], [-2.960201039384297, 40.011709685734225], [-2.961284915555365, 40.012258379320265], [-2.9620100560222613, 40.01129242354553], [-2.962593251481523, 40.01059075546126], [-2.962524002159817, 40.010594787492835], [-2.9628447426746445, 40.01029045008534], [-2.962796019991301, 40.01025439530833]], [[-2.9779172558027915, 40.01477814696017], [-2.9773118496612825, 40.014960207764105], [-2.977041113491441, 40.01513205653049], [-2.9767166026237675, 40.01527119287502], [-2.9762606054318397, 40.01542714973413], [-2.9754300909191103, 40.01562366009907], [-2.976029522785475, 40.017091915331385], [-2.980209225970027, 40.01602739295639], [-2.979279864258625, 40.013839599732705], [-2.9776027901513817, 40.014014846493346], [-2.9779172558027915, 40.01477814696017]], [[-2.9629848905333778, 40.0139088781447], [-2.9628639885116126, 40.01409408055898], [-2.963291119462549, 40.014263059928076], [-2.963651832657023, 40.01417550846009], [-2.9634354591524956, 40.01408236936097], [-2.9631068955615567, 40.01387189135345], [-2.963093861976672, 40.01391143563709], [-2.9629848905333778, 40.0139088781447]], [[-3.00982934218277, 40.0210501869355], [-3.0098382665848433, 40.021176683349], [-3.0099559546514487, 40.021395516099865], [-3.0103412210327347, 40.02189669131449], [-3.0102964700157857, 40.021958051824306], [-3.010307852423346, 40.02205832503209], [-3.0101888137368493, 40.02222880037724], [-3.0100005121616764, 40.02241721103125], [-3.0092210471041274, 40.02305786563733], [-3.008560107723442, 40.023282345130056], [-3.008289775919596, 40.02346607392202], [-3.008250644217506, 40.023599687043045], [-3.008199425309106, 40.0234993263877], [-3.007790676314469, 40.02368188794515], [-3.007428627176661, 40.023279179669856], [-3.0072053856966265, 40.02340695225486], [-3.0075006344331445, 40.02380678243659], [-3.0071425054420566, 40.02395690325475], [-3.0080302450987686, 40.023927117417166], [-3.007949526385448, 40.02420786276752], [-3.0078787552833193, 40.024323372789226], [-3.007791724197834, 40.02475494189627], [-3.007688485794208, 40.02478458641146], [-3.0074380553105597, 40.024952905150464], [-3.007228161250656, 40.02495616645249], [-3.0071776542345026, 40.024990406695], [-3.0071232831979864, 40.025114019505295], [-3.0071270604801867, 40.02537412664242], [-3.007048319758877, 40.02551126005519], [-3.0078486202137356, 40.02525326359546], [-3.00865007836351, 40.024930211014905], [-3.0091155290217615, 40.024558247759906], [-3.009428644603128, 40.024377311135204], [-3.009672492995924, 40.02412186870245], [-3.010041163287639, 40.023962724886715], [-3.010252661907577, 40.02377846116408], [-3.0106019865865914, 40.02358192673536], [-3.0108164155718806, 40.023344139185916], [-3.011142404514562, 40.02308048703095], [-3.011372163043869, 40.02276386599822], [-3.0114541593800013, 40.02254366370764], [-3.0114472382578907, 40.02176594569088], [-3.0115214428080384, 40.02121319348905], [-3.0112654057067627, 40.020572898788544], [-3.0110028279170593, 40.02007433679142], [-3.010867853226344, 40.01944466106027], [-3.0107827400903173, 40.01920861296398], [-3.0107260143319183, 40.019153478417316], [-3.009476650178134, 40.018725992482665], [-3.00881642763128, 40.01863486568038], [-3.0084211433965833, 40.018475692371844], [-3.0077905743972195, 40.01840654591659], [-3.0075349859858926, 40.018343584494446], [-3.0070648327160963, 40.018127564222254], [-3.0070780882313866, 40.01826225503823], [-3.006989417392052, 40.018675804547996], [-3.0070104149679575, 40.01888861413325], [-3.007566803260485, 40.020007759578526], [-3.0075253584074955, 40.02041445885412], [-3.00738219031595, 40.02067052124675], [-3.0073553604599264, 40.02077990607292], [-3.007468596023359, 40.021083343389094], [-3.0075286257224954, 40.02135425877915], [-3.007826935066834, 40.021986265310744], [-3.0080814689892663, 40.02193354519801], [-3.0082648726539545, 40.02195992638036], [-3.0082877319469246, 40.022021641662974], [-3.008264909865342, 40.022268330751636], [-3.0083107464447916, 40.02244464412973], [-3.008424086870723, 40.02259104467308], [-3.0084651049273083, 40.02260383555419], [-3.008638665844286, 40.02257796471276], [-3.008887903058104, 40.022379730972084], [-3.0092615909040523, 40.02216013816319], [-3.0094797524659875, 40.0217946843057], [-3.0095993565029815, 40.02142825165057], [-3.0096118664593123, 40.021220485324996], [-3.0095539468037065, 40.021012643730444], [-3.009562937052668, 40.02077505534495], [-3.0096163480119946, 40.02058818828138], [-3.009817037720554, 40.020193007397445], [-3.0100432795476912, 40.01985287363435], [-3.0101902133601572, 40.01974204061106], [-3.01023987878798, 40.0196013080956], [-3.010351310627562, 40.01952903531619], [-3.0103464094997006, 40.01966562390289], [-3.0100934874232412, 40.02024956501336], [-3.0101087739767545, 40.02060454415618], [-3.010080919062735, 40.02084564353911], [-3.00982934218277, 40.0210501869355]], [[-3.0047024268408604, 40.021982023937376], [-3.0049322489460666, 40.02218608564032], [-3.004845787493924, 40.022611075540325], [-3.0048889502739913, 40.023127684773456], [-3.0059980647641664, 40.02329250690108], [-3.0063050016590513, 40.02337357850685], [-3.0068246216426613, 40.02331228265818], [-3.0064559154473116, 40.02313265354167], [-3.00630262550226, 40.02302220674211], [-3.0060235650783795, 40.022687414125635], [-3.0057406205954753, 40.02211955181981], [-3.0057938131566213, 40.02198593880988], [-3.0061034302066565, 40.021964925650785], [-3.0059963016233655, 40.02175969771892], [-3.0060059898617495, 40.02132164673637], [-3.0059582868887795, 40.021234790513475], [-3.0060149988699694, 40.02109036547653], [-3.006462763343772, 40.02100087435328], [-3.006557452834662, 40.02102411424096], [-3.0073165718014425, 40.02078162038477], [-3.0073231275214427, 40.020718547071745], [-3.0074562352610075, 40.02051420148739], [-3.0074871529468736, 40.02038923396964], [-3.0075257844615386, 40.019972534041976], [-3.006979010085323, 40.018891769449496], [-3.0069693761628744, 40.01864733486968], [-3.00704316771847, 40.01826108589513], [-3.0070293238460906, 40.01810188852366], [-3.005668984101951, 40.017107202750495], [-3.005389069670972, 40.017561849397545], [-3.0052618312335997, 40.01790484838001], [-3.005328671800744, 40.01843218292891], [-3.005376793760558, 40.01956262344961], [-3.0053687492347616, 40.020088609808525], [-3.005458910346268, 40.02065765823878], [-3.0052856242916794, 40.02123671519786], [-3.0050796295724624, 40.02152134303206], [-3.0047444906123295, 40.02179579030158], [-3.0047024268408604, 40.021982023937376]], [[-3.007126056720117, 40.022259666903125], [-3.0071679330295176, 40.022695101897455], [-3.0070957634664834, 40.02288376636336], [-3.0078634685577583, 40.02280164233768], [-3.007855574693091, 40.02238332386353], [-3.007759188353247, 40.02188446398484], [-3.007667442886164, 40.02200330443585], [-3.0071637843359813, 40.02218929828676], [-3.007126056720117, 40.022259666903125]], [[-2.9996708602236373, 40.025058026053316], [-2.9950859823892997, 40.020353611864955], [-2.9942225638189015, 40.021432212734084], [-2.989463452357363, 40.02777739185508], [-2.9929544300321056, 40.02931236091919], [-2.995762490140371, 40.02568619533966], [-2.9974040168618576, 40.02639386146348], [-2.9996708602236373, 40.025058026053316]], [[-2.9854908802814393, 40.02770092919427], [-2.9855237622272948, 40.02791391951711], [-2.9861092659469786, 40.029730250267335], [-2.986371568622248, 40.03029770684235], [-2.9867639523260263, 40.0309678934077], [-2.986833059462085, 40.031193501026905], [-2.988724253641929, 40.02864621893129], [-2.987057675236334, 40.027912479229016], [-2.985496016052238, 40.02727422760207], [-2.9854908802814393, 40.02770092919427]], [[-2.9855441924476147, 40.0250706530408], [-2.9856973220398033, 40.02199431440138], [-2.9856951331556574, 40.02181376287051], [-2.9846156294493253, 40.02315913430655], [-2.98468045182405, 40.024607980783266], [-2.9846294471872508, 40.024721681761314], [-2.984120792097045, 40.02535273812559], [-2.9855441924476147, 40.0250706530408]], [[-2.985419305078489, 40.0275450513656], [-2.9838340650341926, 40.02802802996153], [-2.98393467930209, 40.028308242952704], [-2.9842835180934357, 40.02907555728805], [-2.984695471520964, 40.030161004303], [-2.9857326477488013, 40.03268744460626], [-2.986767988969722, 40.0312765635486], [-2.9867733941897128, 40.031205121319864], [-2.9867051131272624, 40.03098158149897], [-2.986314487156906, 40.03031545383853], [-2.986050427625875, 40.02974420832198], [-2.985462817428389, 40.02792003852408], [-2.985419305078489, 40.0275450513656]], [[-2.9814911493261294, 40.02708661901929], [-2.9742274614400244, 40.03620040776937], [-2.9760387361441754, 40.03662938558191], [-2.981738836706336, 40.03806655935048], [-2.985687042921269, 40.03274113710346], [-2.9838713859410513, 40.028331664038234], [-2.9834936684972577, 40.02728711844019], [-2.9834813934609636, 40.027159628580996], [-2.9814911493261294, 40.02708661901929]], [[-2.988598440975639, 40.028951903205105], [-2.981818895705805, 40.038087925031746], [-2.9901569346907055, 40.040215106251395], [-2.9909483304351037, 40.04082169744506], [-2.9915379849401194, 40.03785864973065], [-2.9915986037101527, 40.03771143492458], [-2.994039775501087, 40.0337375173447], [-2.9943816009634365, 40.03327272588931], [-2.9956041843223056, 40.03196214359743], [-2.988598440975639, 40.028951903205105]], [[-3.0081649271613196, 40.04902970204288], [-3.0035755044958545, 40.034126368160024], [-3.0032483451166665, 40.03342984751436], [-3.001821856707707, 40.030909157118806], [-3.000765596851222, 40.02896119203366], [-3.000038605165009, 40.02756181232238], [-2.999986920684596, 40.02740405142891], [-2.9999720364791003, 40.02749793312692], [-2.994750829398855, 40.032978304531404], [-2.9944508682703694, 40.03330660589093], [-2.994113028674246, 40.03376608199782], [-2.9916565049261687, 40.037739283722345], [-2.9916015150945188, 40.037866402732426], [-2.991022526178552, 40.040861616362115], [-3.0005632264937203, 40.04538488162109], [-3.0081649271613196, 40.04902970204288]], [[-3.0056259765835724, 40.017079725028665], [-3.004849953284293, 40.01631682120503], [-3.0047950135621333, 40.01656432207382], [-3.004788697403146, 40.01681325796634], [-3.0048481533369684, 40.017458350966855], [-3.0048967855567073, 40.01756889436425], [-3.0050208891595185, 40.01768574584156], [-3.0052710789293964, 40.0177029434029], [-3.0053970273760293, 40.01742697268559], [-3.0056259765835724, 40.017079725028665]], [[-2.9191056775593918, 40.009951078832884], [-2.9188607447568193, 40.00933129137899], [-2.918593346740851, 40.009167571434475], [-2.9181363908560507, 40.008504593198374], [-2.9179789156377165, 40.00846418107494], [-2.9179819356422865, 40.00840784050187], [-2.9182074336382895, 40.00841192813351], [-2.9180819409588645, 40.00822279612004], [-2.9180366775383515, 40.00822484537885], [-2.9179857188581373, 40.00809068060567], [-2.916682433626692, 40.00834534968505], [-2.916689096841373, 40.00842051863318], [-2.9163828533609375, 40.0084267130551], [-2.914329799823011, 40.00875965242877], [-2.9139026919852418, 40.00888690550048], [-2.9128320942404105, 40.00911325095824], [-2.912090077971622, 40.00921717248149], [-2.9109194892718695, 40.009308971322106], [-2.9095095496021117, 40.00952820883465], [-2.9095191498367754, 40.00978236887626], [-2.9191056775593918, 40.009951078832884]], [[-2.918672156297374, 40.00876425774073], [-2.918783602898856, 40.00905348784642], [-2.9188373137695987, 40.00919290427676], [-2.918783626294816, 40.009053519397085], [-2.918672156297374, 40.00876425774073]], [[-2.9185805028562464, 40.00852639553486], [-2.9185444069331568, 40.00843248703893], [-2.918138451849418, 40.007376511731096], [-2.9185536109179346, 40.008456612710454], [-2.9185805028562464, 40.00852639553486]], [[-2.9181359477298576, 40.007369945113176], [-2.918110822344317, 40.00730478215924], [-2.9181382483260347, 40.00737598065085], [-2.9181359477298576, 40.007369945113176]], [[-2.91793681924144, 40.00685250621835], [-2.917762539268193, 40.00639950650102], [-2.917752228595693, 40.006372583132254], [-2.917762527557386, 40.00639950198781], [-2.91793681924144, 40.00685250621835]], [[-2.917687439700031, 40.00620321992909], [-2.9176874279946725, 40.00620321091098], [-2.917692336042934, 40.006216039295644], [-2.917687439700031, 40.00620321992909]], [[-2.942566702416276, 40.01417213979661], [-2.9432893473735207, 40.013025289271255], [-2.942940343031433, 40.0126699568568], [-2.9426304832357335, 40.01190235507172], [-2.942555812850893, 40.011807805453415], [-2.942274670353728, 40.01158675036281], [-2.9422043525260344, 40.01145886647924], [-2.942131236636759, 40.01118286479938], [-2.942109821536774, 40.01074164943536], [-2.9411460363112987, 40.01121957908344], [-2.9402814177125727, 40.011905403021025], [-2.940210635140639, 40.01191789462966], [-2.9398048741306364, 40.01163937687199], [-2.9396454415556703, 40.011463868951964], [-2.939102750789736, 40.01114977877289], [-2.938624927789673, 40.01076643515942], [-2.9380563124652834, 40.01049052780386], [-2.9362674589563844, 40.01063722826214], [-2.9355577559377566, 40.010769820237115], [-2.9349496056172684, 40.01092877347986], [-2.93697702103633, 40.01141930071875], [-2.9376842213560983, 40.01172393903878], [-2.93785167561042, 40.01183502498803], [-2.9380191123116886, 40.01196611690791], [-2.938826875492475, 40.012774714599026], [-2.939351751992358, 40.01310627563942], [-2.9411530802712424, 40.01391186334849], [-2.942384665349164, 40.01424763698888], [-2.942566702416276, 40.01417213979661]], [[-2.9229005759146016, 40.01093237739347], [-2.923099479088467, 40.0109036903547], [-2.922900575914601, 40.01093237739347], [-2.9229005759146016, 40.01093237739347]], [[-2.9189860765721023, 40.00957903958507], [-2.9190857813734836, 40.00983781643918], [-2.9191121157374202, 40.0099057754535], [-2.9189860765721023, 40.00957903958507]], [[-2.9226905021297944, 40.010678338634904], [-2.9227550658711516, 40.01075647117763], [-2.922780384452873, 40.0107870786587], [-2.9226905021297944, 40.010678338634904]], [[-2.9231444210391415, 40.008349036868815], [-2.9228920710065434, 40.00792784699477], [-2.9228920563975818, 40.007927849693054], [-2.9231444210391415, 40.008349036868815]], [[-2.9383373310688086, 40.010438511004864], [-2.938147721899539, 40.01047120558581], [-2.9386611648222587, 40.010731135985935], [-2.9391427409249724, 40.01111691406509], [-2.9396454857527754, 40.01141368898169], [-2.9396990841446797, 40.01042994746327], [-2.9393974396553904, 40.01048781314152], [-2.9383373310688086, 40.010438511004864]], [[-2.9346132453887304, 40.010523959246065], [-2.934610178957327, 40.010544950316145], [-2.9357426002995655, 40.01069757429671], [-2.935807875535533, 40.01068499677095], [-2.9346132453887304, 40.010523959246065]], [[-2.9030994119642144, 40.01065090743066], [-2.903099208138831, 40.01065418682164], [-2.9030918626485125, 40.01077359185166], [-2.9030994119642144, 40.01065090743066]], [[-2.889329694081043, 40.01056153364136], [-2.88770414442094, 40.010644450185914], [-2.886961266795816, 40.0106478950121], [-2.8867143197015896, 40.01075819491422], [-2.886743379759322, 40.010834977658355], [-2.8869160097070323, 40.011024437264595], [-2.8872040157617573, 40.0111656309315], [-2.88777528465467, 40.01119844054769], [-2.888541953663922, 40.01111583992553], [-2.8881244574792504, 40.011554209545096], [-2.8880241385960517, 40.01177827602973], [-2.8896408953149035, 40.01206056715372], [-2.889329694081043, 40.01056153364136]], [[-2.880904714784974, 40.01091646107621], [-2.8784627353022456, 40.01103879697442], [-2.878297192295983, 40.0111241080635], [-2.8782597865204664, 40.011232460958205], [-2.8789190594082656, 40.01205050546058], [-2.882030200798749, 40.011723771443606], [-2.882453889889318, 40.01076201578891], [-2.880904714784974, 40.01091646107621]], [[-2.9013081371562373, 40.01023158964624], [-2.8998481266717926, 40.01027156591907], [-2.8994137282900168, 40.01034395723466], [-2.8987521614568266, 40.01035695890485], [-2.898551389993557, 40.01133999848603], [-2.9010101590321344, 40.01211362337306], [-2.9013081371562373, 40.01023158964624]], [[-2.9029785833157553, 40.010330612120505], [-2.903037045713194, 40.01039204020519], [-2.902969317331612, 40.0103208692908], [-2.9029785833157553, 40.010330612120505]], [[-2.905696431076807, 40.01086905031036], [-2.9065953067304964, 40.011168993164695], [-2.9065505230947717, 40.01101516005723], [-2.9057501402225534, 40.01075088563618], [-2.905696431076807, 40.01086905031036]], [[-2.884958687961479, 40.01066906158082], [-2.88356976923577, 40.01065370938653], [-2.8835535101210064, 40.0107203829017], [-2.8849665427968385, 40.010736192261525], [-2.885376246121136, 40.0106473202602], [-2.8853503713133395, 40.010583054911535], [-2.884958687961479, 40.01066906158082]], [[-2.8649825055796465, 40.01292419649438], [-2.865701979013688, 40.01291232417792], [-2.8649683318568773, 40.01061200909641], [-2.8649486787638985, 40.01041773529286], [-2.8647845555186198, 40.00975200027595], [-2.864665300444228, 40.00897260486507], [-2.8642230721030084, 40.00734367244536], [-2.864087105521667, 40.00701771916593], [-2.8638493469651496, 40.006740118831736], [-2.8626481925309024, 40.006507154483714], [-2.861627131200929, 40.0061517651129], [-2.8609341888565343, 40.00577397064638], [-2.8604829130516367, 40.00546916768551], [-2.86030035525442, 40.00531019528106], [-2.8602652492454754, 40.005404485459835], [-2.8601060696541296, 40.005610887907146], [-2.859861698361169, 40.005769975853035], [-2.8598482051341123, 40.005894200023725], [-2.8599107898946023, 40.006053208365735], [-2.8600658931793794, 40.00617998327325], [-2.860447459840646, 40.0066547140997], [-2.8607867759630876, 40.00681837953407], [-2.8609177225488724, 40.00695431425034], [-2.8610608484863924, 40.00715107948085], [-2.861193037078156, 40.00742639677006], [-2.8612847372681385, 40.00773518184732], [-2.861508466316385, 40.008049435950824], [-2.861655018898767, 40.00817583808202], [-2.8620495430031268, 40.00833614195229], [-2.8622062512030984, 40.008598688816356], [-2.8622619440110104, 40.00863758719237], [-2.862666387621703, 40.00881969991473], [-2.862771621941651, 40.00921688576449], [-2.863003423125464, 40.009546107210774], [-2.8635386798460316, 40.01017561704788], [-2.863940186101594, 40.01160440076661], [-2.8639957546126595, 40.0116486139154], [-2.864513578045016, 40.0118040985659], [-2.8646862421604427, 40.011887014579614], [-2.8647840892864544, 40.01200127818942], [-2.8648898338342614, 40.012326650055336], [-2.8649825055796465, 40.01292419649438]], [[-2.86670389131715, 40.01245236490771], [-2.866554476188319, 40.01210171253472], [-2.8664548697626926, 40.01174625657831], [-2.866234594833403, 40.0100709129517], [-2.865974311642105, 40.00902214821038], [-2.8659266049945726, 40.00861305330235], [-2.8659979641933666, 40.008610432897086], [-2.8658371606134123, 40.00815813581989], [-2.865840719464606, 40.00807885382329], [-2.865913191179009, 40.007986407190224], [-2.86592010570974, 40.007925599132996], [-2.8658652280136083, 40.00788850991491], [-2.8658482841969097, 40.00774577528635], [-2.8658058971894396, 40.00767238655177], [-2.865670282366129, 40.00758123059963], [-2.865384841618928, 40.00747656607365], [-2.865214107799444, 40.007489702121426], [-2.8651374193931125, 40.007521777846904], [-2.865172165827885, 40.00760741124894], [-2.865311173847873, 40.007760198666546], [-2.8654429322033765, 40.008025239432385], [-2.865558070759141, 40.00863415976214], [-2.8655707618583204, 40.00927224292628], [-2.865830538664655, 40.0100383710553], [-2.866006732000842, 40.011367959213665], [-2.866014010224959, 40.011660605304506], [-2.866292378361667, 40.012691100498664], [-2.8664685675530004, 40.013730212136636], [-2.8671087886100035, 40.013801769394064], [-2.8669778931319176, 40.01326733941294], [-2.8669718325063025, 40.01312993334019], [-2.867029427926072, 40.01303701852586], [-2.8669697784887904, 40.01261872064898], [-2.866906479998129, 40.01251404443731], [-2.86670389131715, 40.01245236490771]], [[-2.865686778387268, 40.01206215281306], [-2.866025910414854, 40.01347869336151], [-2.8661265706469488, 40.01347484538212], [-2.866170503537812, 40.01341867511084], [-2.866185523477251, 40.01322759506624], [-2.8658134799805497, 40.011802998115954], [-2.8655390202186637, 40.01134786628493], [-2.8652764230460144, 40.01064471277296], [-2.865246855135676, 40.010311140763676], [-2.8650013033913804, 40.00928563625831], [-2.864996490031848, 40.008993082955044], [-2.8650350877499515, 40.00872977190251], [-2.8649920183581936, 40.008470604822264], [-2.8648838615009735, 40.00818000779614], [-2.8647772347095346, 40.00770822113119], [-2.8647365620336687, 40.00771664286787], [-2.864699291091411, 40.00784174529548], [-2.864912816518147, 40.00947401783083], [-2.8650487276147207, 40.01013008839269], [-2.8650782953806617, 40.010463205468284], [-2.865686778387268, 40.01206215281306]], [[-2.8652231132969703, 40.00945798129355], [-2.865268463599586, 40.009633454512375], [-2.8654832729052044, 40.01008716192213], [-2.865558185102487, 40.01048106644336], [-2.865616383060153, 40.010498973309964], [-2.865645103703588, 40.01043197382913], [-2.865636473207118, 40.01023528027186], [-2.8654336678351213, 40.009515257894144], [-2.865456018860873, 40.00875666000272], [-2.865379334452575, 40.008607098619294], [-2.865307067127247, 40.008594851442695], [-2.865257199973962, 40.00863128310615], [-2.865236628522845, 40.008725141147416], [-2.8652231132969703, 40.00945798129355]], [[-2.87040585833223, 40.015410401118764], [-2.870426892312105, 40.01587478391169], [-2.870696259895487, 40.016447110800065], [-2.8707585750338813, 40.01664323297486], [-2.8707470693116575, 40.016779177615504], [-2.870670740425383, 40.01692703292628], [-2.870404895851997, 40.01721396748569], [-2.870534524018962, 40.0175100788728], [-2.870537208838726, 40.01757756506111], [-2.870432206331885, 40.01770574685652], [-2.870490152302729, 40.01779888256471], [-2.870623433362182, 40.01777479515054], [-2.870593381845516, 40.017926936631014], [-2.870698404095816, 40.01797147202726], [-2.870810705561373, 40.01795276685135], [-2.8708989321438687, 40.01789664419962], [-2.8713121261573145, 40.017578968742036], [-2.8716249149306985, 40.01750255240065], [-2.8715860735467476, 40.01734403198648], [-2.8716599692631433, 40.01730573221675], [-2.8718684178808376, 40.01731433745722], [-2.8718974367592933, 40.01727724927738], [-2.871843731899094, 40.017171239484504], [-2.8715467560234096, 40.01700206755792], [-2.871508189764615, 40.016884537369876], [-2.871637522894324, 40.016839992223225], [-2.871826899632981, 40.01696102287955], [-2.8719325655548653, 40.01691473936904], [-2.87201436949861, 40.01696780720352], [-2.8721458394398387, 40.016908397725125], [-2.872223316583033, 40.01696307789281], [-2.872290275794712, 40.01687377475669], [-2.87228398826896, 40.01678935076165], [-2.8722243478749623, 40.01666143634135], [-2.872038678302277, 40.01650680396751], [-2.8718766151844473, 40.016317780058515], [-2.871809223930587, 40.015701711788026], [-2.8704308040312636, 40.01498670378857], [-2.87040585833223, 40.015410401118764]], [[-2.867117995691172, 40.01731953375639], [-2.8670032814575244, 40.017618346380964], [-2.8670418784837195, 40.017655871317686], [-2.8673409444958895, 40.017706578669284], [-2.8678250176603575, 40.01764775739163], [-2.867949338113938, 40.01771627877536], [-2.8680501903899427, 40.01792010457075], [-2.868073359044864, 40.01805608838818], [-2.8681960430937368, 40.01824173916026], [-2.8686861069878566, 40.01860187091166], [-2.869018611565508, 40.018759382088135], [-2.8693652390970343, 40.01875976883879], [-2.8695404830405002, 40.018669418065485], [-2.869636493314442, 40.01858825798472], [-2.869669702035443, 40.018502522327005], [-2.8696588197480564, 40.01843574769186], [-2.8694606529696807, 40.018253802079755], [-2.8699614523861654, 40.018150568050636], [-2.8701614011443364, 40.0180729478232], [-2.8701837464500746, 40.01803036114553], [-2.8701643569321544, 40.01799727356519], [-2.8698159193731354, 40.01802643471653], [-2.869670031321337, 40.0179629320512], [-2.8696477502439093, 40.01791001963623], [-2.8697613827919706, 40.017804552879205], [-2.8697829626626707, 40.0177362830639], [-2.869796554664809, 40.01755186831602], [-2.8698958865549, 40.017448372006825], [-2.869879144963806, 40.0173786175773], [-2.8698370492621135, 40.017331539295355], [-2.8696259671008035, 40.0172906634454], [-2.8694931403722204, 40.01713807310257], [-2.8690975097205134, 40.01696932434686], [-2.86883872289396, 40.01675207642262], [-2.868594178567556, 40.01638024086145], [-2.8684462111916122, 40.01630358001281], [-2.868275084583778, 40.016266085167345], [-2.8680668167357872, 40.016287201416795], [-2.8678722422499088, 40.016377618061064], [-2.8677565625790282, 40.016389924106456], [-2.8672724984757116, 40.01632765377444], [-2.867117995691172, 40.01731953375639]], [[-2.8652742874425896, 40.01446033367831], [-2.8653000500592944, 40.014408917803756], [-2.865070149369637, 40.01369571124012], [-2.8649596638374693, 40.01321788864924], [-2.864820677448902, 40.012336209874185], [-2.8647187811866623, 40.012023275934155], [-2.864636014720587, 40.01192650435331], [-2.864482776768933, 40.01185289556099], [-2.8639548893488165, 40.01169379504835], [-2.8637381462370395, 40.01167894456907], [-2.863840000974025, 40.01195719619132], [-2.8638809738669115, 40.01221186069508], [-2.863900490631712, 40.012706520486795], [-2.8640266000747125, 40.01298596714438], [-2.8643729847918, 40.013979246008056], [-2.8645151694470137, 40.014542969321376], [-2.8646020629973257, 40.01456883883281], [-2.8652742874425896, 40.01446033367831]], [[-2.863475693990068, 40.016830673509276], [-2.863381892702967, 40.01685939423863], [-2.863287935600399, 40.01702488304717], [-2.863224594942128, 40.01705363957798], [-2.8631918132936907, 40.017039185248485], [-2.8631148376988733, 40.01685727715311], [-2.863072624164165, 40.01687164291925], [-2.863060708268705, 40.01697064623434], [-2.863109700813712, 40.0170823351894], [-2.8631001609475613, 40.01716512372256], [-2.8630132243092965, 40.01727665206119], [-2.8630634344880135, 40.017424111261285], [-2.863309521696551, 40.017714241612225], [-2.863349894437048, 40.01785925643576], [-2.8633320555663038, 40.018281158436736], [-2.863382381253677, 40.018371405571955], [-2.8634599929032114, 40.018411770711516], [-2.8635049670500137, 40.01848264048152], [-2.8635094210299625, 40.01854093893673], [-2.863392705204255, 40.018659279880424], [-2.86336142001636, 40.01883123949203], [-2.863394667976477, 40.01919995392331], [-2.8634635764341763, 40.01913903899733], [-2.8634954234692698, 40.01915259116747], [-2.8634928914660036, 40.019247100656806], [-2.863318785799599, 40.01969900109951], [-2.863474058364942, 40.02028571997997], [-2.8636950784086306, 40.020458692875884], [-2.8637424374453238, 40.02056857762318], [-2.863704524090412, 40.020835402313764], [-2.8637314823261386, 40.02095057882484], [-2.863974711882849, 40.02115025069348], [-2.8638198312473726, 40.021185567269285], [-2.8637905971415556, 40.02127481968685], [-2.863823557661295, 40.0214921739584], [-2.8637594123528025, 40.02175266096104], [-2.863800902573516, 40.02186776442387], [-2.8638924575686526, 40.02196733528461], [-2.863976506982341, 40.02219078151666], [-2.863700982577878, 40.022197125009995], [-2.8635832967374553, 40.02226997012509], [-2.8635348488790275, 40.02235028017556], [-2.863497489774578, 40.022981996261116], [-2.863450809598913, 40.023118799559036], [-2.863477396684511, 40.023185232832724], [-2.8635192026764567, 40.023200868965255], [-2.8635725497211637, 40.02318822801661], [-2.8636641798213844, 40.02308003850969], [-2.8637861017840103, 40.0231170318127], [-2.863828885679511, 40.0231713208638], [-2.863770812237149, 40.02390761143004], [-2.8638470358436585, 40.024059965973215], [-2.8639656164135636, 40.02406614177367], [-2.864079692490562, 40.0239859130661], [-2.8641436744906352, 40.023988420728415], [-2.8642979245087443, 40.0240941057621], [-2.864363482392958, 40.02407021654881], [-2.864384369182955, 40.02399762231986], [-2.8643416961323727, 40.0237685442412], [-2.8646077813346147, 40.024034819072824], [-2.8646601757767427, 40.02420795778313], [-2.864611722830734, 40.02440935943299], [-2.864703247132072, 40.02452974662699], [-2.8647736212522745, 40.02479705825336], [-2.8649902538141205, 40.025124000222995], [-2.865001677718667, 40.02521447151541], [-2.8649045071668287, 40.025519874698574], [-2.8649198247490344, 40.02559701608922], [-2.864962152789354, 40.02564598841092], [-2.865014292769938, 40.02565199559838], [-2.865091591429172, 40.025614965408245], [-2.865141923044652, 40.02552754374022], [-2.8651848238214743, 40.02534514603979], [-2.865223395299384, 40.025340776124445], [-2.8653159647144637, 40.025407646063734], [-2.865731000433184, 40.02520315116667], [-2.865279305204976, 40.02420759803441], [-2.8648906839118875, 40.02362178140168], [-2.8646151739564667, 40.022906454133874], [-2.864411343339369, 40.02168458646171], [-2.864210809313673, 40.02116800652591], [-2.864099430776217, 40.020369434996084], [-2.863942514551516, 40.0197254174119], [-2.863825180103101, 40.01938795388199], [-2.863806681252738, 40.019026099838825], [-2.863869442200358, 40.01864118614528], [-2.8637559081527924, 40.01804371399067], [-2.8639446707798752, 40.01681941773723], [-2.863475693990068, 40.016830673509276]], [[-2.861770328423731, 40.01436703751611], [-2.8604398286072312, 40.01454432299976], [-2.8600074217250695, 40.014743949126384], [-2.8574091351077944, 40.01563847471091], [-2.8563991364580925, 40.015937901763394], [-2.8615517535362645, 40.01518808068887], [-2.8617552571508647, 40.01509128835208], [-2.861808478396081, 40.01490566036522], [-2.861770328423731, 40.01436703751611]], [[-2.863945732167654, 40.018639293586915], [-2.863882843904766, 40.019029522936194], [-2.863900779791299, 40.01938002399802], [-2.864016368274802, 40.019711719151935], [-2.864203290678054, 40.02053011078771], [-2.8642677967546057, 40.02050306696131], [-2.8642896836731917, 40.02045750317544], [-2.8642978675087014, 40.020233529956485], [-2.8642388848213542, 40.019898027239535], [-2.8642898958131533, 40.019880157550205], [-2.8643010413068355, 40.019814489396104], [-2.86428336727385, 40.019685629020785], [-2.8641289680250925, 40.01930569087831], [-2.8642056396858937, 40.01923280162144], [-2.8642215839724035, 40.019170022216606], [-2.864140107230717, 40.01900982313593], [-2.8642299058419063, 40.01899172864282], [-2.8642195361210585, 40.01890251978074], [-2.864185305909045, 40.01884977252052], [-2.86410349594951, 40.01885778540645], [-2.864056616329396, 40.01880186985454], [-2.864055103721247, 40.018560230570515], [-2.8641707431949945, 40.01839602796723], [-2.8641271914875, 40.017903056890205], [-2.8640298270466227, 40.01742677629977], [-2.863911833489926, 40.01753790847445], [-2.86383231177419, 40.01804326320333], [-2.863945732167654, 40.018639293586915]], [[-2.8652554367690106, 40.02923327576076], [-2.865299764020398, 40.02933964238005], [-2.8653933397015376, 40.02943399312945], [-2.865464681672839, 40.029451194508574], [-2.865573970453332, 40.02942221983859], [-2.865745948821315, 40.02934016017022], [-2.865785964116003, 40.029434448537614], [-2.8658705563271063, 40.02950824175456], [-2.8659619734550588, 40.02950834753239], [-2.8660401495098204, 40.02945014483215], [-2.8661364430987613, 40.02929087808656], [-2.866155291318492, 40.02918179174879], [-2.866070486669968, 40.02903988475509], [-2.8656504472897772, 40.02873675640378], [-2.8655342738316407, 40.02851219319008], [-2.8652068877711985, 40.02859533325569], [-2.8653053358679412, 40.02877411114822], [-2.8652554367690106, 40.02923327576076]], [[-2.953972968756457, 40.011412137966225], [-2.9528417946988674, 40.011584220571415], [-2.9517216313737236, 40.01438893249358], [-2.951178312409048, 40.01565204257159], [-2.9528281186407033, 40.01389367454661], [-2.9535458438342412, 40.01335112514758], [-2.95413419080591, 40.01297754814132], [-2.955036147133351, 40.01252849363841], [-2.9551926744701738, 40.01237286971599], [-2.955680506185898, 40.01213456833348], [-2.955877493413916, 40.011919940351596], [-2.953972968756457, 40.011412137966225]], [[-2.956967567472899, 40.011514734255734], [-2.9580623357094598, 40.010894546096175], [-2.9585281009608893, 40.010686137164974], [-2.9586980645059553, 40.01057385033491], [-2.958742978770581, 40.01050034647803], [-2.9582093052266245, 40.010648996931906], [-2.956409691062952, 40.01101124368552], [-2.956537026086393, 40.01123230153917], [-2.956659027963896, 40.01137425134059], [-2.956967567472899, 40.011514734255734]], [[-2.9577054063195143, 40.012442554111914], [-2.9578727960671256, 40.01290481243012], [-2.9581644259157067, 40.01292878949033], [-2.9580617983817072, 40.01346681207044], [-2.9603993725045394, 40.013772340704215], [-2.96054425919514, 40.013283974373095], [-2.9607662975119715, 40.012885916489694], [-2.960937611081926, 40.01266955937967], [-2.9576678021633875, 40.01223955447002], [-2.9577054063195143, 40.012442554111914]], [[-2.845310706276357, 40.02476021116966], [-2.8454103236442054, 40.024865397887375], [-2.845538272621059, 40.024877191090546], [-2.845594914009447, 40.024808882507585], [-2.845605962661951, 40.02469050900015], [-2.8455526410200402, 40.02432869612266], [-2.8455044331757597, 40.024243223848565], [-2.8454007640710284, 40.02417073722267], [-2.8454520401142607, 40.023935110304386], [-2.8454162089058816, 40.023766219610145], [-2.8453536558141304, 40.02365288346439], [-2.845290889945927, 40.02362865352923], [-2.845242506373903, 40.02367318723901], [-2.8451501062116966, 40.02395326734392], [-2.845164151549397, 40.02411663305461], [-2.8451131616050254, 40.02422783544387], [-2.8449758350578427, 40.024266754171464], [-2.8448631956163344, 40.024429585471566], [-2.8449832738608656, 40.02460462558268], [-2.845310706276357, 40.02476021116966]], [[-2.844955594137725, 40.02554367563603], [-2.8449390392024396, 40.02550536201651], [-2.8443404907920407, 40.02541734511097], [-2.8443563994416974, 40.025582605429165], [-2.844306333666321, 40.02569606111439], [-2.844722543971467, 40.0256221989703], [-2.844955594137725, 40.02554367563603]], [[-2.844011888792866, 40.0267962924496], [-2.8438493353816496, 40.02756523177753], [-2.8438653145076347, 40.027701841179], [-2.843908754133029, 40.02777127480458], [-2.843979454389497, 40.027807228835734], [-2.84406070316844, 40.02779661659227], [-2.844142536533062, 40.02768104144553], [-2.844158321482494, 40.0272877869016], [-2.8442283362513012, 40.02721274419009], [-2.8445353301870733, 40.02724360942488], [-2.845097989214727, 40.027399866770985], [-2.845214457335025, 40.02736245172233], [-2.844979658132486, 40.02728168074971], [-2.844868130718742, 40.02721008865079], [-2.844833376137062, 40.02713490076434], [-2.8450364178640184, 40.02669603699232], [-2.8450367969893793, 40.02653106887285], [-2.844942680701944, 40.02627552090012], [-2.8448483165677385, 40.02618142283913], [-2.8446637531461993, 40.02612081021766], [-2.8442849974731863, 40.02616291803781], [-2.844149019969088, 40.02607317826211], [-2.8439148066841837, 40.02620062137548], [-2.843893682669368, 40.026418894805616], [-2.8440020863099065, 40.02667491784875], [-2.844011888792866, 40.0267962924496]], [[-2.8458580604013295, 40.0287846838111], [-2.845739532418579, 40.02864820853242], [-2.845765968840043, 40.02830650379688], [-2.8457375125468998, 40.028192136655925], [-2.8456575876039154, 40.02813788161372], [-2.8455934825970353, 40.028136534848805], [-2.8455390551196627, 40.02815736494143], [-2.845437954348701, 40.028346340351206], [-2.8447662225153754, 40.028628889268695], [-2.844694474191992, 40.028741865525326], [-2.844690065695534, 40.02887700590032], [-2.8447164599324566, 40.02896975162107], [-2.84481241829057, 40.029034299894995], [-2.8448979846813534, 40.02918523769908], [-2.845068411388618, 40.02917546486001], [-2.8453365290692383, 40.02924699555547], [-2.8456066174069687, 40.02916987636366], [-2.84568778962245, 40.02919124749929], [-2.845734830164373, 40.02927626758451], [-2.8457948840525638, 40.02930752125589], [-2.8458876630257426, 40.02927521408162], [-2.845949415047275, 40.029176819605105], [-2.8458580604013295, 40.0287846838111]], [[-2.845420675652734, 40.02541932711348], [-2.845172442649636, 40.025578738722096], [-2.8451593119432066, 40.02568197750042], [-2.845199306626423, 40.025720052108795], [-2.8453814921234355, 40.025746148834095], [-2.8454548825434984, 40.025838416547295], [-2.84548800470102, 40.02606577687803], [-2.8455279185632105, 40.0260879039939], [-2.845609159438663, 40.02607458772279], [-2.8459084840497946, 40.02591803616625], [-2.8457780449182146, 40.02550188215797], [-2.845593272885228, 40.02548226512944], [-2.845420675652734, 40.02541932711348]], [[-2.821517542850815, 40.02395534014945], [-2.8215343831620023, 40.02432873044225], [-2.82218031809891, 40.02434098110104], [-2.8223951684910116, 40.024507900995104], [-2.8223938037786604, 40.0237709953242], [-2.8221802745257585, 40.023861215938076], [-2.821517542850815, 40.02395534014945]], [[-2.817602480765332, 40.024487847382986], [-2.8173416064778127, 40.02448878794356], [-2.8181239606019792, 40.02599500354533], [-2.8181475616469696, 40.02624298902205], [-2.820757374526837, 40.02572025482039], [-2.8206340083447534, 40.02543634674143], [-2.8206759895896454, 40.02542659107978], [-2.82004958309265, 40.02413560761369], [-2.817602480765332, 40.024487847382986]], [[-2.8153910282327934, 40.02839502452828], [-2.8177691360530774, 40.0315588587603], [-2.820034213566682, 40.0345066838102], [-2.822438296741819, 40.03045844462148], [-2.822488669550301, 40.02983720954915], [-2.8223265888689313, 40.029246106296945], [-2.822150271478839, 40.02840892010942], [-2.821641613461067, 40.02809811728681], [-2.821397074231331, 40.027539766710284], [-2.818961504187275, 40.02818333793045], [-2.8185911504459438, 40.02743477366259], [-2.8153910282327934, 40.02839502452828]], [[-2.8153031399680186, 40.02514011571009], [-2.8153289688979197, 40.02477742860902], [-2.814777087762072, 40.024824750014226], [-2.8103900577750762, 40.025666193647055], [-2.809382736837221, 40.0258030209861], [-2.8089808079093985, 40.02599273524647], [-2.8087487395097646, 40.02595830011121], [-2.808518651541073, 40.02693214022395], [-2.8085055504686487, 40.02713276575188], [-2.8090136163019865, 40.02792402969542], [-2.810262220391158, 40.029710637375416], [-2.815288254756548, 40.02795869871789], [-2.8153782708579977, 40.02522357566925], [-2.8153031399680186, 40.02514011571009]], [[-2.806411812505512, 40.01556151283062], [-2.805954418656849, 40.01560685812036], [-2.806391441692098, 40.015563532625926], [-2.806411812505512, 40.01556151283062]], [[-2.807082258586418, 40.01614680450635], [-2.8078534176438446, 40.01606339384074], [-2.807998633910686, 40.01609381724718], [-2.8081476602275486, 40.016184341937674], [-2.8081852777666536, 40.0162669336888], [-2.80817176214896, 40.01661603984509], [-2.8082216298907725, 40.01667603733742], [-2.8098729624693934, 40.01738079486937], [-2.809477084838778, 40.01672117481526], [-2.8086226634135216, 40.015571471930954], [-2.808186772783933, 40.0154838971103], [-2.8078321393188688, 40.015461325762324], [-2.8074215065382364, 40.015476411222416], [-2.8064406086179625, 40.0155586580304], [-2.806493263792137, 40.01555424333096], [-2.8064908229783567, 40.01641843601625], [-2.8068910881633755, 40.016206761465185], [-2.807082258586418, 40.01614680450635]], [[-2.8387397247132187, 40.02345626871093], [-2.838725109592768, 40.023475284553854], [-2.838711480652148, 40.02349306475199], [-2.8387397247132187, 40.02345626871093]], [[-2.838528105371829, 40.0244207640043], [-2.8386510542297096, 40.02441147566011], [-2.8385281027814715, 40.024420760146754], [-2.838528105371829, 40.0244207640043]], [[-2.838649545140935, 40.02440877000535], [-2.8386588028644626, 40.024408062740285], [-2.838658800522208, 40.02440805841529], [-2.838649545140935, 40.02440877000535]], [[-2.8129406698464234, 40.03286740295781], [-2.8136939898869153, 40.03354632493259], [-2.81803827340156, 40.03246998222131], [-2.818275065325338, 40.03236872389342], [-2.8182702517086557, 40.032327631909126], [-2.8181679917234397, 40.032172143492176], [-2.8129406698464234, 40.03286740295781]], [[-2.798120303806993, 40.01251528303931], [-2.7981427994978447, 40.01251577271259], [-2.798296638072913, 40.01251883359238], [-2.798120303806993, 40.01251528303931]], [[-2.8018459050747957, 40.013509139206114], [-2.8013831560768248, 40.01336548360936], [-2.801394489895073, 40.0133690392833], [-2.8018459050747957, 40.013509139206114]], [[-2.801381494288411, 40.01336496772449], [-2.801381448551142, 40.01336495352584], [-2.8013809533333753, 40.0133674664036], [-2.801381494288411, 40.01336496772449]], [[-2.801383022560663, 40.01330702338527], [-2.801386684443912, 40.013175577075884], [-2.801384463985587, 40.013254408782814], [-2.801383022560663, 40.01330702338527]], [[-2.805881946896148, 40.00870479417171], [-2.805961113483447, 40.00826290690689], [-2.806165374536185, 40.00762670765168], [-2.806183449730273, 40.007242560763835], [-2.805982355719652, 40.007753799724064], [-2.80576612873017, 40.008642612834834], [-2.805405443571961, 40.00969119660749], [-2.805376571952592, 40.00991450053604], [-2.8054424554553434, 40.00998470723266], [-2.8056679987177873, 40.009366924725875], [-2.8057760571360535, 40.008942835348385], [-2.805881946896148, 40.00870479417171]], [[-2.795133032596793, 39.99286221454276], [-2.794986182872486, 39.9925737312532], [-2.7946954380245823, 39.99238049690129], [-2.7945290028735004, 39.99237443569931], [-2.794239573247273, 39.99244627098452], [-2.7939734373457252, 39.992445527929895], [-2.7935067409889234, 39.99256804164211], [-2.793239498452741, 39.99254567140024], [-2.791040338638801, 39.99336655713148], [-2.7914303890809107, 39.993947584224074], [-2.7922126589872547, 39.993590684152394], [-2.795133032596793, 39.99286221454276]], [[-2.785469243841618, 39.995276926388435], [-2.786517187763265, 39.99468079082364], [-2.7867327335388445, 39.99434043697967], [-2.7868966081407454, 39.99419171629057], [-2.7869864702093468, 39.99414926511819], [-2.7868792654078933, 39.99404284248784], [-2.786518657766715, 39.99409578717288], [-2.786138961618998, 39.99410923258687], [-2.785583860597811, 39.994211819724725], [-2.7848030747600436, 39.99422433788004], [-2.782815444652203, 39.9938471742079], [-2.7827690858864624, 39.99387501771408], [-2.782842781252265, 39.99416653277223], [-2.782935774479855, 39.99431987357502], [-2.785469243841618, 39.995276926388435]], [[-2.7887158884669803, 39.98230461989406], [-2.787814601300601, 39.982885998936815], [-2.787523968572617, 39.98263850741409], [-2.7868293512454683, 39.983156377797904], [-2.7872734470277933, 39.983733281420434], [-2.7875241135388236, 39.98365040037247], [-2.788130072045557, 39.983131552964615], [-2.789162918542468, 39.98288287319178], [-2.7887158884669803, 39.98230461989406]], [[-2.7907628914095723, 39.986424918324936], [-2.7909696840801934, 39.98655836638075], [-2.7908674443510257, 39.986492388696696], [-2.7907628914095723, 39.986424918324936]], [[-2.7863085786570054, 39.98779529318252], [-2.7864280868580527, 39.987558285121054], [-2.7863765090227712, 39.987571344397736], [-2.786318684999677, 39.98767187740325], [-2.786187391321737, 39.988082212363175], [-2.786119447582005, 39.98819741258271], [-2.786188190721397, 39.98820150372717], [-2.7863085786570054, 39.98779529318252]], [[-2.789900661798084, 39.989538410704654], [-2.7901579441566917, 39.989136769008006], [-2.7897052269755678, 39.98906924033916], [-2.7896873256026624, 39.98901653651355], [-2.7895471737613726, 39.989202037813506], [-2.789900661798084, 39.989538410704654]], [[-2.7888956880076496, 39.989680921819506], [-2.789266125471537, 39.98947040600052], [-2.78893085220699, 39.98879775428805], [-2.7884077601093997, 39.98875346337182], [-2.7888956880076496, 39.989680921819506]], [[-2.788016429069986, 39.99356353417342], [-2.7894673227838713, 39.99352680585915], [-2.789690789052429, 39.993386118046985], [-2.789551438849793, 39.99333288747363], [-2.789322380086448, 39.99258682003346], [-2.7881079373171644, 39.992570911318815], [-2.787860895918787, 39.99336485376193], [-2.787907431457679, 39.99361991632866], [-2.788016429069986, 39.99356353417342]], [[-2.7974424102230935, 40.01245301392247], [-2.797499467326053, 40.01245500568628], [-2.7975410593435805, 40.01245642981962], [-2.7974424102230935, 40.01245301392247]], [[-2.7968372641161987, 40.01263386198369], [-2.7968364436439312, 40.01263395064309], [-2.796859649608314, 40.0126320091718], [-2.7968372641161987, 40.01263386198369]], [[-2.7930908770646785, 40.01275546680353], [-2.7930982125982524, 40.01289906846508], [-2.793098212598253, 40.01289906846508], [-2.7930908770646785, 40.01275546680353]], [[-2.785007569740947, 40.012911014025825], [-2.785780189682076, 40.01355466124873], [-2.785717373148081, 40.01209694422165], [-2.7840739605621243, 40.01238184625512], [-2.785007569740947, 40.012911014025825]], [[-2.7825984400972543, 40.01144891875313], [-2.781977980912184, 40.01260316643483], [-2.78129167991418, 40.013710885994605], [-2.781236091455644, 40.01383592677965], [-2.7811156104425097, 40.01435736493809], [-2.780913447424986, 40.01484468170802], [-2.7802313211617067, 40.01584401492815], [-2.7801825838279033, 40.01598735797666], [-2.7814182495884907, 40.01535711944537], [-2.7819234648851987, 40.015153099025305], [-2.7829232705754245, 40.01495207612658], [-2.7849123082266427, 40.01481460170639], [-2.7837375693673914, 40.012452756605036], [-2.7829465111755125, 40.01094466343146], [-2.7828461018063018, 40.01105394409238], [-2.7825984400972543, 40.01144891875313]], [[-2.780175133764491, 40.01582588882934], [-2.780857377551747, 40.01482664625721], [-2.780976517418177, 40.01457901275331], [-2.7812347857597994, 40.01369438082886], [-2.781922148078877, 40.01258477154852], [-2.7821000882480917, 40.012222894924896], [-2.778498497254588, 40.01187443967552], [-2.778414308121271, 40.01245279169332], [-2.778227297032894, 40.013105642386044], [-2.778185749269576, 40.01356109685834], [-2.7785897238196493, 40.01509722405948], [-2.7786625512768937, 40.01555001388229], [-2.778639921320215, 40.01664258498839], [-2.778577824628609, 40.01758263528217], [-2.780045569559496, 40.01610701799763], [-2.780175133764491, 40.01582588882934]], [[-2.7785492585095306, 40.017574562008896], [-2.7785579220015593, 40.01757701119987], [-2.778577824628609, 40.01758263528217], [-2.7785492585095306, 40.017574562008896]], [[-2.7888775003690207, 39.994865490432225], [-2.78885510909594, 39.994871035719825], [-2.788862377406482, 39.994869255559706], [-2.7888775003690207, 39.994865490432225]], [[-2.7893458403455447, 39.99474957556864], [-2.789323449147841, 39.994755120947026], [-2.789330717434051, 39.99475334075745], [-2.7893458403455447, 39.99474957556864]], [[-2.7897717233025245, 39.99464997964494], [-2.789749332724021, 39.99465534491086], [-2.789756795871622, 39.99465361640386], [-2.7897717233025245, 39.99464997964494]], [[-2.790331488560377, 39.99451521590414], [-2.790308980652563, 39.99452067116412], [-2.7903166590093487, 39.99451885020941], [-2.790331488560377, 39.99451521590414]], [[-2.7909278681693666, 39.99431960925095], [-2.7909223548585214, 39.99432212205007], [-2.790922744299024, 39.994321947962455], [-2.7909278681693666, 39.99431960925095]], [[-2.791842125684858, 39.99386698061164], [-2.7918223000207187, 39.99387649539442], [-2.791823962912947, 39.993875697409734], [-2.791842125684858, 39.99386698061164]], [[-2.7926081137667134, 39.99359418546401], [-2.7925861893133637, 39.9936005431917], [-2.7925950270961106, 39.99359798040124], [-2.7926081137667134, 39.99359418546401]], [[-2.793258716887168, 39.993436685154194], [-2.7932362101075765, 39.99344196079006], [-2.7932431261952884, 39.993440359021335], [-2.793258716887168, 39.993436685154194]], [[-2.793494812133687, 39.99337845222284], [-2.7934817993678407, 39.9933818527627], [-2.793489302067978, 39.99337994388922], [-2.793494812133687, 39.99337845222284]], [[-2.793674409592759, 39.99333219138642], [-2.7936595212624153, 39.99333603909767], [-2.793674119445635, 39.99333226655226], [-2.793674409592759, 39.99333219138642]], [[-2.7938391041430335, 39.993294553175254], [-2.7938165977252334, 39.99329973882663], [-2.7938233964821833, 39.9932981913238], [-2.7938391041430335, 39.993294553175254]], [[-2.794154535857297, 39.99322501753659], [-2.794131796831015, 39.99322966224798], [-2.7941378917744535, 39.99322843512654], [-2.794154535857297, 39.99322501753659]], [[-2.794424955092302, 39.993165582288476], [-2.794402565089127, 39.99317103855438], [-2.794409428959269, 39.99316944878656], [-2.794424955092302, 39.993165582288476]], [[-2.7946000013114225, 39.99311318527644], [-2.794578425642421, 39.99312053507825], [-2.794585101704914, 39.99311828860297], [-2.7946000013114225, 39.99311318527644]], [[-2.7947764424116732, 39.993064304292595], [-2.7947541693383036, 39.99306985093166], [-2.7947605661430486, 39.99306834365659], [-2.7947764424116732, 39.993064304292595]], [[-2.794865418878317, 39.993041666998295], [-2.7948486567281856, 39.99304542144817], [-2.794849159592716, 39.99304530881473], [-2.794865418878317, 39.993041666998295]], [[-2.7905359248463975, 40.00597117565039], [-2.790886916988606, 40.005825220308786], [-2.7905410073219614, 40.00596906213118], [-2.7905359248463975, 40.00597117565039]], [[-2.785239371244759, 40.004749936357335], [-2.785242128005534, 40.00293528050189], [-2.785240950931677, 40.00370994563231], [-2.785239371244759, 40.004749936357335]], [[-2.784183157495054, 40.00364094204588], [-2.7840826253804063, 40.00293781125022], [-2.782608375657335, 40.00292406342197], [-2.7826824138288715, 40.00366453642221], [-2.784183157495054, 40.00364094204588]], [[-2.7862969778105366, 39.99956099172433], [-2.7869059278817923, 39.99861806678198], [-2.7878574436806365, 39.99853160642889], [-2.7881150663973684, 39.99898229709593], [-2.7883224243260205, 39.999208821810164], [-2.788291598741458, 39.999024064740475], [-2.7883916495712446, 39.99864286287509], [-2.7883815111067567, 39.99847373052368], [-2.7883173005450956, 39.998250350555004], [-2.7879000735136943, 39.99739960367573], [-2.786335907365441, 39.99582604381059], [-2.7846653608314273, 39.99700765937923], [-2.7822035281210087, 39.998153520164806], [-2.7818943311670337, 39.99838809435279], [-2.781699714124698, 39.99861936975321], [-2.7814018358446178, 39.9990872274647], [-2.7809520949441526, 39.99960164837288], [-2.7807605895231036, 39.99988191831448], [-2.780701846022773, 40.00015581790794], [-2.780678543769875, 40.00088475596605], [-2.780562373660059, 40.00119996881212], [-2.7815093788404375, 40.00169702605965], [-2.781927152543207, 40.000738810882844], [-2.7824018722977466, 40.000790294449715], [-2.7834743989957857, 39.99958499288398], [-2.78530986531517, 40.00021475639286], [-2.785865995967189, 39.99951884131098], [-2.7862969778105366, 39.99956099172433]], [[-2.7910706800342218, 39.99682776603077], [-2.78783188518159, 39.99729877322607], [-2.787824705552758, 39.997299817382576], [-2.7910706800342218, 39.99682776603077]], [[-2.793803835616861, 39.99824456425509], [-2.793837505043555, 39.99869610498104], [-2.7938002389162606, 39.99885614273681], [-2.794444647874929, 39.99855320683934], [-2.7949785766867015, 39.99825151352755], [-2.7951211016857185, 39.998117361946264], [-2.795021893977063, 39.99813691121348], [-2.7949183134887, 39.99753440778963], [-2.7938180013424265, 39.99781914690064], [-2.793803835616861, 39.99824456425509]], [[-2.792719049044541, 39.99548707372353], [-2.792777620456253, 39.995487178457324], [-2.7927778927623526, 39.99539708094739], [-2.7927193214276063, 39.99539697621393], [-2.792719049044541, 39.99548707372353]], [[-2.7917570235298763, 39.995472454428096], [-2.791815594925526, 39.99547255964799], [-2.7918157317107437, 39.995427510895844], [-2.791757160353577, 39.995427405676104], [-2.7917570235298763, 39.995472454428096]], [[-2.790667398472206, 39.99536509495184], [-2.7906671233930753, 39.99545519245019], [-2.7907256947699097, 39.99545529822083], [-2.790725969772075, 39.995365200722155], [-2.790667398472206, 39.99536509495184]], [[-2.7892378038647796, 39.995454117598925], [-2.789238237540351, 39.99540907029182], [-2.789179668078147, 39.99540873672606], [-2.789179234364098, 39.99545378403284], [-2.7892378038647796, 39.995454117598925]], [[-2.788055587966524, 39.995864168203504], [-2.788768941240607, 39.99580573550323], [-2.7888064687453995, 39.995031681933135], [-2.7885565128068013, 39.995175022612486], [-2.7880344568942013, 39.99557563580416], [-2.7880137483866005, 39.995756694887206], [-2.788055587966524, 39.995864168203504]], [[-2.7880090394040344, 39.9954917990874], [-2.788004120081618, 39.99540178129485], [-2.7879455999800693, 39.99540367261617], [-2.7879505203944093, 39.995493691314095], [-2.7880090394040344, 39.9954917990874]], [[-2.794369860645843, 39.99864677604455], [-2.7934344881685655, 39.9990541574167], [-2.793519336985524, 39.99935451494055], [-2.79411118001732, 39.99935421634522], [-2.794369860645843, 39.99864677604455]], [[-2.7815601065976585, 40.00291019951424], [-2.781261292660998, 40.00377520609756], [-2.7809959322874422, 40.00377470496788], [-2.7808377559823527, 40.003815580684396], [-2.7807249505260025, 40.003883391194044], [-2.7806654970269915, 40.003973646840194], [-2.7814857532412285, 40.00499213062995], [-2.782136614413217, 40.0050535413036], [-2.7819695574714225, 40.0030237730366], [-2.7818212697160387, 40.00301367331189], [-2.7815601065976585, 40.00291019951424]], [[-2.7842968679047018, 40.00953841608564], [-2.7843844496091887, 40.009408387783694], [-2.78455057661096, 40.00926445020391], [-2.785044551492762, 40.0088912814935], [-2.784186624087549, 40.00838162567596], [-2.7834253395072315, 40.008845650689395], [-2.7839134371592715, 40.009296960562594], [-2.7830196014719877, 40.00973100334493], [-2.7836294918435156, 40.010240385069714], [-2.783694989594898, 40.010091755935505], [-2.783773662209804, 40.010000813908995], [-2.7842968679047018, 40.00953841608564]], [[-2.7745876262865417, 40.02344164710191], [-2.776463413594451, 40.02321868529177], [-2.776103532078764, 40.021960318739566], [-2.780974218991049, 40.020832595361405], [-2.7794340045973622, 40.016801499650576], [-2.7785705528574236, 40.017620912883814], [-2.7784215668472534, 40.0179257888047], [-2.776556424455587, 40.020572068414154], [-2.7759545285235134, 40.021511885448035], [-2.7755970433869486, 40.02196005984814], [-2.774830993459683, 40.02274053063092], [-2.7745876262865417, 40.02344164710191]], [[-2.7818803238447156, 40.02123217531402], [-2.782827186468127, 40.020607595185275], [-2.7808341643051886, 40.01570964967981], [-2.7802908904706274, 40.01597684173894], [-2.779978344108349, 40.016242036877124], [-2.7818803238447156, 40.02123217531402]], [[-2.782680475593484, 40.01502748333432], [-2.782013139706475, 40.015179125770665], [-2.7839751145728804, 40.01994815405723], [-2.7845314651385866, 40.01985071313438], [-2.7853252718384613, 40.019927147555585], [-2.784379562204663, 40.01736607862145], [-2.7833516316471565, 40.014963779529864], [-2.782680475593484, 40.01502748333432]], [[-2.7902327873924517, 40.013634281128994], [-2.790209345460654, 40.01364232000996], [-2.790514084277945, 40.01353781732853], [-2.7902327873924517, 40.013634281128994]], [[-2.7854930553761874, 40.01477062925281], [-2.7855303237452516, 40.014768625981944], [-2.7855076123079945, 40.01476984666833], [-2.7854930553761874, 40.01477062925281]]], [[[-2.611647471513901, 40.03255829389597], [-2.613456084923128, 40.033430355101615], [-2.6133573543274524, 40.03354147588249], [-2.6115739694038203, 40.032664001793925], [-2.611647471513901, 40.03255829389597]]], [[[-2.740672029428385, 40.0310177217611], [-2.741492149281147, 40.031104888165615], [-2.7415165307900047, 40.03122828587207], [-2.7415914062212154, 40.03130797101543], [-2.7421646236006976, 40.03321837188284], [-2.742220050443685, 40.033496747349126], [-2.742345069517505, 40.03378161183087], [-2.742483957753615, 40.03450575222153], [-2.7426399403705055, 40.03444339192012], [-2.742722212899941, 40.0345090803341], [-2.7434845166776274, 40.03441814128793], [-2.743533968190928, 40.0347653056723], [-2.7442812351049857, 40.034720647146806], [-2.7445713755310206, 40.034331706200085], [-2.746118045076238, 40.034308526521826], [-2.7472273308850483, 40.034241666773745], [-2.7474836121796558, 40.034511166103805], [-2.748061440394392, 40.034484133297575], [-2.748065808153802, 40.03422087836195], [-2.7495584972942484, 40.03431033725825], [-2.7504106409553724, 40.03800003919872], [-2.75011115905852, 40.03806282222431], [-2.7495027260228375, 40.03814899296643], [-2.7488782164103793, 40.03814376702615], [-2.7489799112651094, 40.03793333992217], [-2.748586109447747, 40.0367404088312], [-2.748405148113795, 40.03673578148348], [-2.7484070407439694, 40.03676299497888], [-2.74644321266886, 40.036168396816706], [-2.746435021575393, 40.03606972233603], [-2.7472110708313573, 40.03604249669897], [-2.7471902455262205, 40.035873338604205], [-2.7469098759333153, 40.03584092221803], [-2.746847972116108, 40.03575005899475], [-2.7465479233782095, 40.03571444533198], [-2.7464677519953073, 40.035745623813405], [-2.746475527758421, 40.03567158083054], [-2.7463498154596784, 40.03537164202496], [-2.746197595571552, 40.03476062902715], [-2.7456863640761426, 40.03500205016544], [-2.7455955254271296, 40.03509672325143], [-2.7449185976032, 40.03520010836945], [-2.744824212419461, 40.03527107744316], [-2.7442696143883256, 40.03572935113317], [-2.7438699036551006, 40.03617255795247], [-2.7437984966827806, 40.03633565641222], [-2.743723340530784, 40.036717412680964], [-2.7436673727942873, 40.03670125156581], [-2.743804047252864, 40.03619926136242], [-2.7442018235377588, 40.03574064386166], [-2.744865649750503, 40.03519161275006], [-2.743217885810877, 40.035412405422576], [-2.7431273962837497, 40.03522552321282], [-2.744025120402053, 40.03506812764037], [-2.744106654759214, 40.03495460489893], [-2.74306563565828, 40.03509798867116], [-2.74281105753601, 40.035245953398665], [-2.74290441622727, 40.035393330491274], [-2.7426215507570384, 40.03550006881667], [-2.742688567556121, 40.03568086277064], [-2.7427333993935545, 40.03622066772712], [-2.7428068574077415, 40.036340479566725], [-2.742848155224142, 40.03663411408906], [-2.7428043194371132, 40.036753039385204], [-2.74282007696706, 40.03693093002654], [-2.743100961213058, 40.03717718445067], [-2.7431506891354913, 40.03728430008811], [-2.743023052330303, 40.03733014330344], [-2.7429034790465106, 40.037572656463055], [-2.7430877938364695, 40.03778284733161], [-2.7431967241752, 40.037960490343615], [-2.7434977820772173, 40.03863616594818], [-2.743177815459677, 40.03873740857949], [-2.7431764144375084, 40.039009155494064], [-2.743275977316862, 40.039325210270384], [-2.743225559657127, 40.039554194705886], [-2.743265842620876, 40.03997125404592], [-2.743324499823403, 40.040052381421404], [-2.743691451682141, 40.041183024332234], [-2.744155611372921, 40.04178773352414], [-2.7443274500571, 40.042083432581435], [-2.7449556064060654, 40.042740014213784], [-2.745112450689752, 40.04285411742475], [-2.745396769179166, 40.042840867540285], [-2.7455758735578524, 40.04293937680693], [-2.7458417632571277, 40.04296437667631], [-2.7459097479631116, 40.042902719096126], [-2.7459715061475394, 40.043034216232975], [-2.746429295838555, 40.043248388947376], [-2.748013406749445, 40.04368106785535], [-2.7490319717933085, 40.04377977259019], [-2.74935561825182, 40.04375173213472], [-2.7493455914786487, 40.043672785299925], [-2.749620665681571, 40.04365572097471], [-2.7513005155497208, 40.04407396603373], [-2.7519441621586105, 40.04418319209464], [-2.752156521120035, 40.04429572743025], [-2.7522589148456924, 40.044280629881634], [-2.7533749824689884, 40.04439193828401], [-2.7540334946354057, 40.044411267381356], [-2.754306520254542, 40.044475545351204], [-2.754771872297919, 40.04451941742981], [-2.7549807765042464, 40.04451796732988], [-2.7552093900146306, 40.044446733169686], [-2.7553519690442148, 40.04443811467869], [-2.7558593947768397, 40.04451801999748], [-2.7560130079265908, 40.04457105042158], [-2.756099677316424, 40.044428699130364], [-2.756059013816237, 40.04422733639291], [-2.7559953251710607, 40.04413836645395], [-2.7553333833468567, 40.043636120263216], [-2.7554501281820363, 40.04350824849061], [-2.7572030152809908, 40.04489240408002], [-2.7579901183852593, 40.045346698997996], [-2.7594617898568643, 40.04568528537135], [-2.7594425202374557, 40.04579786683884], [-2.76172987035593, 40.04631200252128], [-2.7618091569790173, 40.04633450963707], [-2.7617961159113666, 40.04637637801211], [-2.7611304492858566, 40.04621760785043], [-2.760532398805082, 40.046134024571806], [-2.759669082757605, 40.04607691745463], [-2.759241210132137, 40.046105490956876], [-2.758752881113311, 40.046057714812186], [-2.7584229766385873, 40.04596359668647], [-2.7582298287111544, 40.04608311316152], [-2.7579905510576808, 40.046086307622346], [-2.757833782448687, 40.04602912876478], [-2.757720760400887, 40.045933299392495], [-2.7576640885064387, 40.04581497338666], [-2.7576433450380176, 40.04564770964221], [-2.7574789692593384, 40.04552113956231], [-2.75558420405636, 40.04532218789891], [-2.7545910048199738, 40.04510394543138], [-2.7541830352968453, 40.04507551090011], [-2.753778665598965, 40.04512186324271], [-2.7534619640492, 40.045043075562816], [-2.7527150221400882, 40.04503310482399], [-2.7513909257358993, 40.04490521651204], [-2.750059858874794, 40.045050292488554], [-2.7494538197316776, 40.0449778969463], [-2.749088129527071, 40.0449931429256], [-2.7486761856009907, 40.04505820126922], [-2.7480014504928207, 40.04524098449825], [-2.747907546151972, 40.045337634689986], [-2.747891878171697, 40.04548572034657], [-2.7479239526957717, 40.045561922236764], [-2.748104642377049, 40.045678540537224], [-2.748152871214481, 40.045761174378484], [-2.7481411149810104, 40.04589764602684], [-2.7480472460838503, 40.04598447580676], [-2.7483800829365497, 40.04668011843473], [-2.7481169380072448, 40.046733334684724], [-2.7479483812656014, 40.04628185169806], [-2.747798317494363, 40.046029793703966], [-2.747647874492715, 40.04584909163239], [-2.747320347138052, 40.04556006691562], [-2.7471421508221807, 40.04559400519782], [-2.7469548305703335, 40.045559089045966], [-2.7459901885001723, 40.04596007304843], [-2.745870601402048, 40.045805654584456], [-2.745916436427621, 40.04574295738227], [-2.746028870630233, 40.04570833627905], [-2.7460003004205285, 40.045604481720815], [-2.7460591547422477, 40.04547667274855], [-2.7462552714993955, 40.04535213762707], [-2.7462668453478134, 40.04526584988478], [-2.746226449658248, 40.04518962930922], [-2.7460627082788336, 40.04508764096098], [-2.745606335310928, 40.04489932785552], [-2.745387898653361, 40.04475280054429], [-2.7450201336330076, 40.04463279326381], [-2.744704063576651, 40.04438802403462], [-2.744483667262252, 40.044296359875624], [-2.7441142924221076, 40.04420040211231], [-2.741907857665957, 40.044074327708316], [-2.741178743486662, 40.04391016603859], [-2.740434683696393, 40.043700377123756], [-2.739567690439927, 40.043605541487416], [-2.7394776748528726, 40.043632728675504], [-2.739419425654485, 40.043691160863865], [-2.7394041039875616, 40.04386672581771], [-2.7394778067374617, 40.04439882529834], [-2.739563470034135, 40.04462227866801], [-2.739566290244555, 40.04474373599245], [-2.7396535161741595, 40.04483393908518], [-2.7396788653518063, 40.04491904776565], [-2.739677709276613, 40.045007250293885], [-2.7395903318182806, 40.04526491203134], [-2.73967693468974, 40.04545746407149], [-2.7397255833756406, 40.04576606602307], [-2.7395901586456683, 40.046327157075886], [-2.7393882336486124, 40.04627985256376], [-2.7395387260869786, 40.04579519800185], [-2.7395351288403136, 40.0456622966134], [-2.7394845108976895, 40.045501719781164], [-2.7394023741396563, 40.045306294534726], [-2.739217674607067, 40.04523091814588], [-2.739014357488394, 40.045088467239665], [-2.738959661903195, 40.04489094114107], [-2.7386936560146515, 40.044526619282045], [-2.738548151209749, 40.04425717079298], [-2.738385724872883, 40.04387605349828], [-2.738289845949511, 40.04350499696997], [-2.738229878547965, 40.04343008084303], [-2.735915034352968, 40.04269945560141], [-2.7351110924567035, 40.04237110826896], [-2.7346275793521135, 40.04233207099131], [-2.734493870958955, 40.04235104548965], [-2.7342935512504285, 40.04246789285664], [-2.73419386364926, 40.04241973250734], [-2.7352092266208023, 40.04103311869152], [-2.735412784135544, 40.04113854694697], [-2.735807027024911, 40.04173895338776], [-2.736049555668658, 40.04201376201982], [-2.7363492044027207, 40.042158960143055], [-2.736786375592953, 40.04217752300721], [-2.736813563098259, 40.04224065280729], [-2.736997102269666, 40.04237116991191], [-2.7370644057034172, 40.04245826645796], [-2.7378680963745587, 40.042671275260034], [-2.738050965742402, 40.04270196147745], [-2.7382705908088423, 40.04268515911504], [-2.7387425783131802, 40.04279668345127], [-2.73868767019077, 40.04256338808017], [-2.7385826052048583, 40.042357008686906], [-2.738360031446867, 40.04222550498368], [-2.738192817638331, 40.042055564342874], [-2.737835500349398, 40.04135722380826], [-2.738033629426904, 40.041289648514], [-2.7381075865117066, 40.041476046648775], [-2.738483538553835, 40.04199216173814], [-2.7390372972824872, 40.042331004470384], [-2.7392151413192942, 40.04251141908818], [-2.73929124931949, 40.042688270970075], [-2.739176730612699, 40.042901183219314], [-2.7400091151216213, 40.04303162262321], [-2.740145823719658, 40.04299426866265], [-2.740561703863385, 40.04300294894142], [-2.7406894382150897, 40.04304458948734], [-2.7407707841398303, 40.04301576020857], [-2.740880611376409, 40.04304997250973], [-2.7423608923230978, 40.04315220011701], [-2.742782947944683, 40.04313998360523], [-2.744190185318188, 40.04299588012314], [-2.7443900632846647, 40.04302461174827], [-2.7446859368231853, 40.04311932554686], [-2.744790864662991, 40.04308477918292], [-2.744856730651059, 40.042994286451325], [-2.7444155283666816, 40.04252708177535], [-2.7445050953115047, 40.04248240593929], [-2.7443187434213923, 40.04228566179604], [-2.7434688010812116, 40.041854888006675], [-2.7437136808310365, 40.041699972548116], [-2.743458716035131, 40.041301378163155], [-2.743224220144563, 40.04122378372262], [-2.7431888412547942, 40.04077157533148], [-2.7430777466160015, 40.04036315567796], [-2.743002581344281, 40.039906105859], [-2.7426327498096446, 40.03975046279335], [-2.742938120807408, 40.03965275445907], [-2.7428860541243894, 40.03952630276697], [-2.7428522500247468, 40.03910237601465], [-2.742728840002975, 40.03913450104963], [-2.742721065047227, 40.039039498298514], [-2.7428580346503804, 40.03897258077082], [-2.742667294725628, 40.03757064197691], [-2.7423867806190625, 40.037354815898254], [-2.742271134007766, 40.03718807020517], [-2.742321092124879, 40.037013196604285], [-2.742434613457585, 40.03682569929698], [-2.7424560889698646, 40.03666052210173], [-2.7425256565622735, 40.03662186729081], [-2.742431222769083, 40.03595682940982], [-2.742343013578819, 40.03577438536393], [-2.742381617492415, 40.035763937468815], [-2.742345825173602, 40.035459428521435], [-2.7422227363339506, 40.03483199541258], [-2.7420476016224105, 40.03488915849639], [-2.742006621534609, 40.034821109102154], [-2.742199225911336, 40.03467627564838], [-2.742172625009775, 40.0344744236698], [-2.74209490190932, 40.034334381805465], [-2.7420959349037672, 40.03422226112412], [-2.741707956294002, 40.034447076813244], [-2.7420536253354184, 40.03397471866385], [-2.7419637890022006, 40.033581175723455], [-2.741257746606254, 40.0315062488816], [-2.741162103843328, 40.03143942584118], [-2.7408727207893233, 40.03148839931288], [-2.7408187659857233, 40.03167406078666], [-2.7407832445164666, 40.03204684840185], [-2.7406761334899477, 40.032043771580575], [-2.7406421001495005, 40.032009184065515], [-2.740672029428385, 40.0310177217611]]], [[[-2.6138921203228676, 40.049698376066374], [-2.614024948525587, 40.05005172816725], [-2.613913728790371, 40.050211279593164], [-2.613827658154651, 40.050276943677005], [-2.613232986152104, 40.05032667573756], [-2.6130793187404504, 40.05042499896104], [-2.612428761709268, 40.05117161979517], [-2.611034629163432, 40.05043806421868], [-2.6109807987084985, 40.05050320373119], [-2.6095761272137548, 40.04966985791911], [-2.60958300786479, 40.049594019522154], [-2.6098581742708524, 40.049241946761406], [-2.6103189482805704, 40.04892608598853], [-2.610916249130744, 40.04929884205954], [-2.611629561576801, 40.048421799319854], [-2.614172623665583, 40.0489780847612], [-2.614227515848429, 40.04955569860337], [-2.6141687561025213, 40.049539285505226], [-2.613966156448403, 40.049604561598855], [-2.6138921203228676, 40.049698376066374]]], [[[-2.6252847475395864, 40.06164432874284], [-2.6231789248121307, 40.06279650293832], [-2.6228636453233367, 40.06300405094273], [-2.6234682506931812, 40.06346911455999], [-2.6235424274815515, 40.06352053053876], [-2.623582518153028, 40.063480117286204], [-2.6238722738094657, 40.06371332764365], [-2.623905031039239, 40.06374839150556], [-2.6238422275358007, 40.0637823342606], [-2.623882835295819, 40.06386112051506], [-2.623858621326602, 40.06391437914692], [-2.622962143788158, 40.06430140359701], [-2.622747398405303, 40.0640536594073], [-2.6225406531335476, 40.06401388404345], [-2.6223557081222744, 40.06406094248707], [-2.622231564816939, 40.06405450128024], [-2.62198849148982, 40.063819727326], [-2.6196753457911464, 40.06509810680209], [-2.620219779639755, 40.06564984283621], [-2.620010406645705, 40.0657658314758], [-2.6201467675273284, 40.065895477256305], [-2.6194926577485873, 40.06621398474636], [-2.6188757043125626, 40.0655243391084], [-2.6161230472281995, 40.06701211663622], [-2.616140573288405, 40.06710704646137], [-2.6159879778414052, 40.06694580836686], [-2.6195334900886302, 40.06509241542549], [-2.6221600078917673, 40.06363504801784], [-2.622383277865466, 40.06348504418102], [-2.6226985504250444, 40.06306685138785], [-2.6229739589665177, 40.06281745931489], [-2.6250993778791414, 40.06164201721416], [-2.6255079289902654, 40.06146521728243], [-2.6264856602556526, 40.06113393445225], [-2.627480570242054, 40.06072539556338], [-2.6275420543727535, 40.06080370712217], [-2.6260719432436197, 40.061377122472045], [-2.6264678675606388, 40.061901411192586], [-2.626318557643113, 40.06203787673572], [-2.625842398007448, 40.06145521603113], [-2.6252847475395864, 40.06164432874284]]], [[[-2.6310401897310483, 40.06352996525353], [-2.629777784258364, 40.062271341189316], [-2.630039943668575, 40.062146493690605], [-2.6310800916832484, 40.06313240541133], [-2.631088248444829, 40.063402811636], [-2.6310401897310483, 40.06352996525353]]], [[[-2.6184039919206756, 40.06448793601955], [-2.618076392260929, 40.064230891861186], [-2.6182907095410943, 40.063964101126594], [-2.618392630093634, 40.064128412845484], [-2.6185723995743, 40.06431604554874], [-2.6184039919206756, 40.06448793601955]]], [[[-2.6316346940307347, 40.06614294933576], [-2.63157339584776, 40.06605013503493], [-2.6313634684686673, 40.065880716177055], [-2.6307163736954786, 40.06660366328127], [-2.630423035772337, 40.06652767736742], [-2.630492134119135, 40.0663486054048], [-2.6307612315383566, 40.066092507656904], [-2.6302213080501433, 40.06603483556318], [-2.630111281469473, 40.065650672488495], [-2.630167985237234, 40.065660223568706], [-2.630645675962103, 40.0652767643569], [-2.6308633733901208, 40.065266015914965], [-2.6308093404499293, 40.064023140009155], [-2.630568482882195, 40.06398056735453], [-2.63038082867027, 40.0640960133772], [-2.630115954227662, 40.06415787533322], [-2.6301356833945717, 40.06408739260132], [-2.6303883423598227, 40.0638556593369], [-2.630346800622392, 40.063796423358376], [-2.630878732058011, 40.06372387965754], [-2.6309903000301724, 40.06367044732959], [-2.631077069302262, 40.063584050628215], [-2.631430605848511, 40.06401953211311], [-2.6314100154632207, 40.064054243935836], [-2.6314634841181443, 40.06488159183761], [-2.631462054513986, 40.06564740913648], [-2.6315030335992073, 40.06568087525852], [-2.6317796470674133, 40.06570463931268], [-2.6326544034482766, 40.06629935144567], [-2.6324681646334285, 40.06676185765645], [-2.6314986607514195, 40.06653596888998], [-2.6314934547577247, 40.0664792815263], [-2.6316331278532936, 40.0662160127585], [-2.6316346940307347, 40.06614294933576]]], [[[-2.625172708486711, 40.064971688195676], [-2.625559480757604, 40.065520906882746], [-2.6258263630995042, 40.06537238885476], [-2.626166289532059, 40.06614804729625], [-2.625606817616803, 40.0663203074016], [-2.6253591563111525, 40.06572072435286], [-2.6249608567653295, 40.06509254301112], [-2.625172708486711, 40.064971688195676]]], [[[-2.62987019186263, 40.06688503774671], [-2.6299173937289746, 40.06709042872659], [-2.630076113870607, 40.06725283932765], [-2.6300986095809353, 40.06742986098235], [-2.630144056953607, 40.06750451601142], [-2.630546162089212, 40.06800403348505], [-2.6307560686138256, 40.06817813872679], [-2.630806787610615, 40.068145415093355], [-2.63078618625878, 40.068094985416785], [-2.6308296302419527, 40.067215870659034], [-2.6318762049645437, 40.068287747164], [-2.63086146779829, 40.068986461232356], [-2.6320960917980174, 40.07020408013905], [-2.631598902016864, 40.07074091748271], [-2.6315248131217857, 40.07073590673798], [-2.631497333306082, 40.070677707022774], [-2.6313598204363484, 40.07066898064527], [-2.6309495039462805, 40.070796061932676], [-2.630039696882693, 40.07086298495648], [-2.629622870368721, 40.07093553230579], [-2.6289209220866976, 40.071121948290354], [-2.6287787646905705, 40.07112617788127], [-2.629751571529898, 40.068846423049756], [-2.630100867497597, 40.06863842455273], [-2.628804342915346, 40.06740797229254], [-2.6269892543200952, 40.06821103009916], [-2.6270811687249034, 40.06769921670939], [-2.6291335925170514, 40.065468074288326], [-2.6293267415951616, 40.065573114480344], [-2.62947573232294, 40.06571233996419], [-2.629441611822061, 40.06573340355378], [-2.629881440896516, 40.06649657687453], [-2.6299363530120936, 40.06653396221344], [-2.629965237865392, 40.066700372917346], [-2.62987019186263, 40.06688503774671]]], [[[-2.635728917856574, 40.06784800043871], [-2.6343283741377834, 40.069036648033524], [-2.634386703949796, 40.06911557658808], [-2.6338389050348434, 40.0694943245687], [-2.6314742805129563, 40.06749145652271], [-2.6324923925988415, 40.066770403601346], [-2.632740051218496, 40.06685876291632], [-2.632656453158052, 40.067074819964745], [-2.6328833910849836, 40.067331594021034], [-2.633449500169772, 40.0674069054126], [-2.6337119612576023, 40.06718438590605], [-2.6337822743340684, 40.06686458483911], [-2.6339050554266508, 40.066732350596546], [-2.6339915322673306, 40.066700639513], [-2.634306446681964, 40.06684335603896], [-2.6345027528602394, 40.067347255488635], [-2.6337918656341626, 40.06783270376395], [-2.6342326324238137, 40.068322510120545], [-2.634707282003971, 40.06817832143271], [-2.634790041549446, 40.06805244704305], [-2.63497395800319, 40.06789094279516], [-2.635316147323523, 40.06791220210729], [-2.635728917856574, 40.06784800043871]]], [[[-2.619382457211684, 40.06922194916615], [-2.619335116495489, 40.06906799871692], [-2.6200582330490683, 40.06897721258826], [-2.6199826694385466, 40.069132561590756], [-2.6199767585932467, 40.069352107629456], [-2.6193912344698096, 40.06943586733851], [-2.619382457211684, 40.06922194916615]]], [[[-2.6193683989992613, 40.06966184468281], [-2.6196974408299587, 40.069601839798885], [-2.619937343376037, 40.06950207926996], [-2.620044316547688, 40.06949792532857], [-2.6201337425604008, 40.06954930335707], [-2.620203235227734, 40.0697269314024], [-2.6203247630518627, 40.06982607561787], [-2.620835719458675, 40.06997244417279], [-2.6212773562329064, 40.07005794887563], [-2.6220455698909255, 40.070062890274365], [-2.622688124213748, 40.06990911766507], [-2.6230820987686427, 40.07000410058737], [-2.623254491930651, 40.06998186689738], [-2.6233563075335753, 40.06993480714443], [-2.623605656946673, 40.07005679746683], [-2.623872630026132, 40.07008766671269], [-2.6237565462403616, 40.07087365283479], [-2.624129237515199, 40.071705643191486], [-2.6220765642504813, 40.073090776822006], [-2.6221960986248334, 40.073191444166994], [-2.6224884161153836, 40.073540710348475], [-2.622609773642889, 40.07375751764317], [-2.6227338145483747, 40.073891985306894], [-2.62366048893474, 40.074199615768045], [-2.6239993157617363, 40.07445352684916], [-2.6245477175566188, 40.07470829653013], [-2.6247871150481394, 40.074852145437916], [-2.6256512321091856, 40.075129645276135], [-2.6259547199037665, 40.07517828663155], [-2.6266758882994345, 40.07521827323167], [-2.6272282239384754, 40.07507715875816], [-2.6272495220043655, 40.075128762502644], [-2.626764552564991, 40.075261084483245], [-2.626432493714594, 40.07526839315833], [-2.6257099444721628, 40.07518064942412], [-2.6248794065585677, 40.074938936985696], [-2.62401053221908, 40.0745251899957], [-2.623579230409072, 40.07421818194131], [-2.6231295606539113, 40.07409526984017], [-2.622621545819289, 40.07389819668952], [-2.6224200358889833, 40.07356337202126], [-2.621579947196027, 40.07261614878275], [-2.62113836516491, 40.07289868984901], [-2.6208773966840795, 40.072713768850114], [-2.6203982688280765, 40.0724707411164], [-2.619652063060446, 40.07166697480876], [-2.6203519238065773, 40.071376276375105], [-2.61999367438973, 40.071119497829045], [-2.6197848728972586, 40.07091870823906], [-2.619369401066356, 40.07112510663761], [-2.619057653900806, 40.07073171136072], [-2.6186955411262813, 40.070454193864975], [-2.618733123122418, 40.070402241728544], [-2.619271868338838, 40.07033896376703], [-2.6194539409439357, 40.07024252795784], [-2.619468563723408, 40.070143649934224], [-2.6193629577015916, 40.06975453620365], [-2.6193683989992613, 40.06966184468281]], [[-2.620415894973861, 40.07136594469671], [-2.6207845194708166, 40.07184592509147], [-2.6212883416988353, 40.07154701102586], [-2.620930995271752, 40.07114770554769], [-2.620415894973861, 40.07136594469671]], [[-2.621081161778095, 40.072131961257206], [-2.621642730047654, 40.0725876130444], [-2.6220646564949, 40.07233834164164], [-2.621549133646453, 40.072081054752076], [-2.6213712121608195, 40.071956950999045], [-2.621081161778095, 40.072131961257206]]]]}}]}